(PDH-CSV 4.0) (,\\DESKTOP-LLNG3C2\Process(_Total)\Private Bytes,\\DESKTOP-LLNG3C2\Processor(_Total)\% Processor Time
08/28/2025 16:26:06.641,3125657600, 
08/28/2025 16:26:07.647,3120390144,13.82354064
08/28/2025 16:26:08.659,3124404224,24.12698089
08/28/2025 16:26:09.645,3129794560,28.71873052
08/28/2025 16:26:10.644,3129208832,11.61552577
08/28/2025 16:26:11.651,3127259136,10.45275289
08/28/2025 16:26:12.642,3126935552,8.137943828
08/28/2025 16:26:13.650,3125755904,10.46131869
08/28/2025 16:26:14.658,3125911552,10.83958434
08/28/2025 16:26:15.648,3122524160,6.559875508
08/28/2025 16:26:16.640,3124023296,11.74376765
08/28/2025 16:26:17.648,3120365568,6.996234315
08/28/2025 16:26:18.639,3106729984,12.13396283
08/28/2025 16:26:19.647,3105865728,6.977076473
08/28/2025 16:26:20.654,3106496512,8.786983639
08/28/2025 16:26:21.646,3105484800,7.090125728
08/28/2025 16:26:22.653,3106234368,12.74971854
08/28/2025 16:26:23.644,3105349632,7.350784275
08/28/2025 16:26:24.651,3106062336,10.43907442
08/28/2025 16:26:25.644,3104583680,8.684600793
08/28/2025 16:26:26.653,3104555008,11.71549834
08/28/2025 16:26:27.659,3104927744,9.141571807
08/28/2025 16:26:28.651,3104464896,8.257873273
08/28/2025 16:26:29.656,3104272384,11.78520613
08/28/2025 16:26:30.647,3104464896,7.785182819
08/28/2025 16:26:31.654,3104808960,11.1557375
08/28/2025 16:26:32.645,3103916032,6.60020464
08/28/2025 16:26:33.653,3104874496,8.517319166
08/28/2025 16:26:34.656,3103891456,9.681450837
08/28/2025 16:26:35.643,3104382976,12.89443175
08/28/2025 16:26:36.647,3103784960,11.66474798
08/28/2025 16:26:37.651,3104632832,12.90041422
08/28/2025 16:26:38.642,3103940608,9.698105402
08/28/2025 16:26:39.649,3104309248,9.233959192
08/28/2025 16:26:40.656,3103436800,9.210131496
08/28/2025 16:26:41.663,3104100352,9.629031305
08/28/2025 16:26:42.638,3103412224,11.45216282
08/28/2025 16:26:43.645,3103981568,10.80331841
08/28/2025 16:26:44.653,3102646272,8.903804606
08/28/2025 16:26:45.645,3103678464,7.439832579
08/28/2025 16:26:46.653,3102961664,6.622340183
08/28/2025 16:26:47.643,3103674368,7.689876968
08/28/2025 16:26:48.648,3102547968,5.985827946
08/28/2025 16:26:49.638,3103453184,8.036307905
08/28/2025 16:26:50.647,3102863360,8.266015301
08/28/2025 16:26:51.654,3103752192,8.017558292
08/28/2025 16:26:52.662,3102904320,7.364676218
08/28/2025 16:26:53.652,3103629312,8.928307754
08/28/2025 16:26:54.645,3102961664,9.073075076
08/28/2025 16:26:55.637,3104096256,8.232084986
08/28/2025 16:26:56.645,3103330304,5.520450603
08/28/2025 16:26:57.652,3104190464,10.73059152
08/28/2025 16:26:58.644,3103309824,6.330772785
08/28/2025 16:26:59.650,3104083968,9.461823076
08/28/2025 16:27:00.640,3106029568,9.663634251
08/28/2025 16:27:01.649,3103240192,6.321718853
08/28/2025 16:27:02.639,3104366592,8.046843199
08/28/2025 16:27:03.646,3103318016,7.670319119
08/28/2025 16:27:04.637,3104083968,6.180409516
08/28/2025 16:27:05.645,3102478336,8.20723139
08/28/2025 16:27:06.652,3103383552,9.612652453
08/28/2025 16:27:07.643,3114901504,24.30440288
08/28/2025 16:27:08.645,3117277184,20.84586074
08/28/2025 16:27:09.656,3127386112,23.12148544
08/28/2025 16:27:10.655,3131301888,17.91293079
08/28/2025 16:27:11.646,3128516608,9.345280072
08/28/2025 16:27:12.651,3132755968,11.74163808
08/28/2025 16:27:13.642,3127656448,8.532880524
08/28/2025 16:27:14.648,3128410112,7.950061751
08/28/2025 16:27:15.638,3128676352,12.41099189
08/28/2025 16:27:16.660,3128393728,9.456022881
08/28/2025 16:27:17.651,3127898112,12.53144329
08/28/2025 16:27:18.641,3127582720,11.59323837
08/28/2025 16:27:19.649,3127672832,6.551737522
08/28/2025 16:27:20.654,3127746560,10.22267737
08/28/2025 16:27:21.661,3126964224,6.929304393
08/28/2025 16:27:22.652,3128410112,10.52864874
08/28/2025 16:27:23.642,3126767616,8.48084874
08/28/2025 16:27:24.647,3127341056,13.68819291
08/28/2025 16:27:25.640,3126161408,9.08762368
08/28/2025 16:27:26.647,3126988800,8.481663771
08/28/2025 16:27:27.638,3126083584,8.978750399
08/28/2025 16:27:28.645,3126956032,8.818758389
08/28/2025 16:27:29.651,3126706176,13.0369879
08/28/2025 16:27:30.643,3129585664,12.58058338
08/28/2025 16:27:31.650,3125125120,8.096597212
08/28/2025 16:27:32.654,3126001664,9.32611175
08/28/2025 16:27:33.644,3125399552,10.83318982
08/28/2025 16:27:34.652,3124346880,8.916513194
08/28/2025 16:27:35.644,3123183616,7.804557008
08/28/2025 16:27:36.635,3123789824,10.53527572
08/28/2025 16:27:37.642,3123298304,6.522592208
08/28/2025 16:27:38.648,3123232768,7.24700272
08/28/2025 16:27:39.639,3123724288,9.66525711
08/28/2025 16:27:40.653,3125039104,15.6700533
08/28/2025 16:27:41.644,3117555712,11.71757939
08/28/2025 16:27:42.649,3116556288,11.36481907
08/28/2025 16:27:43.656,3117309952,9.982787219
08/28/2025 16:27:44.658,3119407104,17.36514016
08/28/2025 16:27:45.647,3119239168,9.947435086
08/28/2025 16:27:46.655,3117809664,10.09183778
08/28/2025 16:27:47.661,3116384256,7.639636947
08/28/2025 16:27:48.645,3116412928,17.77023632
08/28/2025 16:27:49.662,3116179456,12.04641821
08/28/2025 16:27:50.636,3114881024,7.737752015
08/28/2025 16:27:51.641,3115810816,9.119484693
08/28/2025 16:27:52.647,3115352064,8.751641259
08/28/2025 16:27:53.640,3115716608,11.01755947
08/28/2025 16:27:54.647,3115044864,9.287564066
08/28/2025 16:27:55.638,3115175936,9.33257269
08/28/2025 16:27:56.646,3114512384,6.242325818
08/28/2025 16:27:57.654,3115274240,11.23430815
08/28/2025 16:27:58.662,3114647552,6.199828536
08/28/2025 16:27:59.650,3094958080,14.22017801
08/28/2025 16:28:00.638,3097600000,9.034545889
08/28/2025 16:28:01.645,3094990848,9.242610878
08/28/2025 16:28:02.652,3094208512,9.283899946
08/28/2025 16:28:03.641,3095060480,9.541634273
08/28/2025 16:28:04.648,3094319104,8.032031487
08/28/2025 16:28:05.641,3094339584,10.27296362
08/28/2025 16:28:06.647,3093843968,8.436641632
08/28/2025 16:28:07.648,3094806528,20.35527718
08/28/2025 16:28:08.650,3095171072,15.37914935
08/28/2025 16:28:09.655,3095359488,11.80624481
08/28/2025 16:28:10.647,3094564864,6.291486885
08/28/2025 16:28:11.638,3092676608,6.995492604
08/28/2025 16:28:12.645,3092197376,7.265954218
08/28/2025 16:28:13.652,3092963328,9.575277477
08/28/2025 16:28:14.657,3091922944,7.872879108
08/28/2025 16:28:15.646,3092893696,9.573830157
08/28/2025 16:28:16.654,3091886080,9.359588961
08/28/2025 16:28:17.644,3092393984,7.62520956
08/28/2025 16:28:18.650,3091972096,8.794080514
08/28/2025 16:28:19.641,3093286912,10.93093411
08/28/2025 16:28:20.648,3092209664,8.783466948
08/28/2025 16:28:21.656,3091869696,7.819595257
08/28/2025 16:28:22.646,3092676608,9.185855459
08/28/2025 16:28:23.638,3092635648,7.511398501
08/28/2025 16:28:24.646,3091505152,10.08496908
08/28/2025 16:28:25.654,3089670144,10.06825683
08/28/2025 16:28:26.660,3089936384,8.739195094
08/28/2025 16:28:27.650,3089244160,8.124498809
08/28/2025 16:28:28.657,3091771392,7.634929627
08/28/2025 16:28:29.646,3090694144,9.170302719
08/28/2025 16:28:30.637,3091660800,10.92618904
08/28/2025 16:28:31.645,3090087936,8.510809544
08/28/2025 16:28:32.652,3090870272,12.37127728
08/28/2025 16:28:33.658,3090042880,8.778898471
08/28/2025 16:28:34.647,3090718720,13.07759087
08/28/2025 16:28:35.650,3089694720,11.18294593
08/28/2025 16:28:36.651,3090776064,12.20543603
08/28/2025 16:28:37.642,3090022400,6.615052065
08/28/2025 16:28:38.638,3096588288,21.11700612
08/28/2025 16:28:39.638,3095601152,14.87901562
08/28/2025 16:28:40.652,3096178688,19.10714703
08/28/2025 16:28:41.655,3095408640,15.44792318
08/28/2025 16:28:42.659,3098619904,9.018506202
08/28/2025 16:28:43.650,3095273472,10.52444265
08/28/2025 16:28:44.657,3096084480,9.23342742
08/28/2025 16:28:45.649,3095097344,9.792218765
08/28/2025 16:28:46.641,3095646208,7.050968586
08/28/2025 16:28:47.649,3094704128,5.814724782
08/28/2025 16:28:48.656,3096510464,8.441715995
08/28/2025 16:28:49.663,3094925312,7.718580469
08/28/2025 16:28:50.640,3095715840,9.239029358
08/28/2025 16:28:51.648,3095027712,6.632657666
08/28/2025 16:28:52.638,3095605248,10.81255202
08/28/2025 16:28:53.662,3094589440,8.785029234
08/28/2025 16:28:54.652,3092729856,7.351963221
08/28/2025 16:28:55.643,3091603456,11.31503652
08/28/2025 16:28:56.649,3091656704,8.748158996
08/28/2025 16:28:57.640,3090989056,9.316456913
08/28/2025 16:28:58.649,3091652608,7.414036843
08/28/2025 16:28:59.640,3091611648,6.659935721
08/28/2025 16:29:00.647,3095076864,9.195745883
08/28/2025 16:29:01.652,3092979712,8.289988177
08/28/2025 16:29:02.644,3092254720,8.209557697
08/28/2025 16:29:03.650,3093168128,6.046946487
08/28/2025 16:29:04.640,3092484096,7.691909184
08/28/2025 16:29:05.646,3092295680,8.776025681
08/28/2025 16:29:06.639,3091509248,11.43218938
08/28/2025 16:29:07.647,3093000192,6.207069193
08/28/2025 16:29:08.655,3093950464,11.67012564
08/28/2025 16:29:09.647,3093434368,7.039721202
08/28/2025 16:29:10.654,3093164032,8.518699051
08/28/2025 16:29:11.647,3093618688,10.25757549
08/28/2025 16:29:12.654,3092869120,9.983743933
08/28/2025 16:29:13.646,3093622784,9.428864151
08/28/2025 16:29:14.635,3092742144,8.839162408
08/28/2025 16:29:15.642,3093233664,8.81705477
08/28/2025 16:29:16.651,3092455424,9.7437062
08/28/2025 16:29:17.640,3093393408,10.40056877
08/28/2025 16:29:18.650,3092590592,7.143787474
08/28/2025 16:29:19.641,3093540864,9.723540635
08/28/2025 16:29:20.634,3092021248,7.575511511
08/28/2025 16:29:21.656,3092709376,8.699296522
08/28/2025 16:29:22.633,3091869696,7.575785355
08/28/2025 16:29:23.640,3092570112,8.130843468
08/28/2025 16:29:24.648,3093987328,8.098868873
08/28/2025 16:29:25.653,3091644416,11.43282961
08/28/2025 16:29:26.646,3090403328,6.731807296
08/28/2025 16:29:27.652,3090927616,11.43244208
08/28/2025 16:29:28.644,3090235392,6.685751217
08/28/2025 16:29:29.650,3090771968,11.85752253
08/28/2025 16:29:30.642,3089735680,4.298391142
08/28/2025 16:29:31.647,3089551360,7.567276606
08/28/2025 16:29:32.639,3088322560,8.213733326
08/28/2025 16:29:33.663,3088982016,8.430623964
08/28/2025 16:29:34.638,3087888384,12.28900918
08/28/2025 16:29:35.661,3088596992,8.00192321
08/28/2025 16:29:36.637,3087917056,10.66892032
08/28/2025 16:29:37.644,3088035840,7.731191951
08/28/2025 16:29:38.651,3088052224,9.639628236
08/28/2025 16:29:39.642,3080327168,10.11248542
08/28/2025 16:29:40.650,3080900608,7.759049547
08/28/2025 16:29:41.641,3080171520,9.32010886
08/28/2025 16:29:42.647,3080749056,8.791215997
08/28/2025 16:29:43.654,3080183808,8.081076559
08/28/2025 16:29:44.646,3080744960,5.827430445
08/28/2025 16:29:45.637,3080200192,8.992686687
08/28/2025 16:29:46.661,3080724480,7.633344108
08/28/2025 16:29:47.637,3079577600,7.989965754
08/28/2025 16:29:48.645,3080208384,8.53342128
08/28/2025 16:29:49.638,3079766016,7.932502822
08/28/2025 16:29:50.662,3080445952,8.826771669
08/28/2025 16:29:51.655,3079786496,9.514025798
08/28/2025 16:29:52.647,3080433664,9.870348812
08/28/2025 16:29:53.655,3079753728,8.913133019
08/28/2025 16:29:54.646,3080527872,6.568014427
08/28/2025 16:29:55.655,3079516160,9.047063205
08/28/2025 16:29:56.661,3080830976,7.518166852
08/28/2025 16:29:57.653,3079684096,8.701012615
08/28/2025 16:29:58.645,3080372224,7.491312654
08/28/2025 16:29:59.638,3079782400,9.832918028
08/28/2025 16:30:00.658,3082973184,9.652144955
08/28/2025 16:30:01.650,3079606272,7.042411449
08/28/2025 16:30:02.640,3079700480,11.22315628
08/28/2025 16:30:03.662,3078885376,7.567277821
08/28/2025 16:30:04.654,3079962624,8.605614646
08/28/2025 16:30:05.646,3078307840,9.462433466
08/28/2025 16:30:06.660,3080208384,17.1400952
08/28/2025 16:30:07.669,3149729792,52.02546862
08/28/2025 16:30:08.636,3152650240,57.94836028
08/28/2025 16:30:09.647,3150381056,29.33973362
08/28/2025 16:30:10.643,3151396864,16.85849243
08/28/2025 16:30:11.648,3142918144,15.98769791
08/28/2025 16:30:12.642,3153981440,18.29576531
08/28/2025 16:30:13.657,3149762560,18.0586359
08/28/2025 16:30:14.643,3150938112,25.86436668
08/28/2025 16:30:15.657,3142705152,22.55969829
08/28/2025 16:30:16.634,3127906304,31.41930373
08/28/2025 16:30:17.646,3130617856,36.30541877
08/28/2025 16:30:18.644,3124723712,21.55807107
08/28/2025 16:30:19.645,3118194688,20.85934366
08/28/2025 16:30:20.640,3120742400,37.13217292
08/28/2025 16:30:21.647,3171192832,37.94707273
08/28/2025 16:30:22.635,3201744896,55.2910714
08/28/2025 16:30:23.639,3189665792,22.23014383
08/28/2025 16:30:24.651,3176660992,14.24783977
08/28/2025 16:30:25.640,3191037952,23.41400737
08/28/2025 16:30:26.644,3190005760,12.83506202
08/28/2025 16:30:27.646,3189997568,14.26822197
08/28/2025 16:30:28.648,3185844224,9.521159519
08/28/2025 16:30:29.646,3138203648,32.30791037
08/28/2025 16:30:30.649,3156443136,40.77224021
08/28/2025 16:30:31.656,3151233024,32.54583087
08/28/2025 16:30:32.648,3157311488,23.98260901
08/28/2025 16:30:33.645,3157680128,35.32227012
08/28/2025 16:30:34.638,3157221376,14.65002285
08/28/2025 16:30:35.638,3156815872,8.216382733
08/28/2025 16:30:36.652,3156357120,18.19269264
08/28/2025 16:30:37.644,3156004864,20.66818846
08/28/2025 16:30:38.643,3153473536,17.03718798
08/28/2025 16:30:39.638,3153727488,21.8964266
08/28/2025 16:30:40.637,3153190912,31.63014574
08/28/2025 16:30:41.637,3143655424,21.79642104
08/28/2025 16:30:42.648,3148599296,13.45594829
08/28/2025 16:30:43.649,3144122368,19.2223124
08/28/2025 16:30:44.638,3171696640,39.58135929
08/28/2025 16:30:45.658,3163373568,23.39035412
08/28/2025 16:30:46.657,3160948736,22.15045159
08/28/2025 16:30:47.644,3159638016,27.57789129
08/28/2025 16:30:48.646,3159916544,26.70350779
08/28/2025 16:30:49.655,3154796544,19.56366979
08/28/2025 16:30:50.640,3153694720,17.85478633
08/28/2025 16:30:51.645,3162148864,23.4306966
08/28/2025 16:30:52.641,3168083968,20.73885028
08/28/2025 16:30:53.660,3167911936,15.339547
08/28/2025 16:30:54.639,3167350784,17.38566854
08/28/2025 16:30:55.655,3164991488,11.9705365
08/28/2025 16:30:56.644,3160940544,11.88229795
08/28/2025 16:30:57.650,3160510464,8.002311814
08/28/2025 16:30:58.644,3152617472,6.825009647
08/28/2025 16:30:59.637,3150299136,8.369954731
08/28/2025 16:31:00.642,3140255744,13.68729947
08/28/2025 16:31:01.649,3137839104,8.123840608
08/28/2025 16:31:02.641,3138277376,7.406567216
08/28/2025 16:31:03.634,3137794048,10.71304898
08/28/2025 16:31:04.656,3119325184,12.11995595
08/28/2025 16:31:05.645,3117813760,9.184983397
08/28/2025 16:31:06.651,3118546944,8.738760467
08/28/2025 16:31:07.658,3118227456,8.079341701
08/28/2025 16:31:08.651,3118968832,7.923460415
08/28/2025 16:31:09.659,3118202880,6.960680839
08/28/2025 16:31:10.651,3118239744,7.861748447
08/28/2025 16:31:11.642,3117101056,10.17873486
08/28/2025 16:31:12.634,3118309376,10.95307108
08/28/2025 16:31:13.658,3117510656,8.42646484
08/28/2025 16:31:14.647,3116584960,10.00782686
08/28/2025 16:31:15.654,3114086400,8.857731997
08/28/2025 16:31:16.660,3114029056,9.133180872
08/28/2025 16:31:17.652,3113590784,9.755151948
08/28/2025 16:31:18.642,3114270720,9.286836902
08/28/2025 16:31:19.633,3113496576,9.687338273
08/28/2025 16:31:20.639,3114184704,9.917459045
08/28/2025 16:31:21.646,3113275392,8.872578489
08/28/2025 16:31:22.639,3104260096,7.522970697
08/28/2025 16:31:23.646,3103928320,12.39735513
08/28/2025 16:31:24.656,3103686656,10.63931727
08/28/2025 16:31:25.648,3104505856,9.799151042
08/28/2025 16:31:26.656,3103748096,8.930790306
08/28/2025 16:31:27.647,3104440320,9.367411136
08/28/2025 16:31:28.640,3103666176,8.691620697
08/28/2025 16:31:29.646,3104333824,10.3541906
08/28/2025 16:31:30.651,3104980992,12.92304597
08/28/2025 16:31:31.643,3105128448,8.255450379
08/28/2025 16:31:32.650,3104505856,9.650176882
08/28/2025 16:31:33.658,3105181696,9.265989213
08/28/2025 16:31:34.651,3104399360,9.956481663
08/28/2025 16:31:35.656,3105153024,9.432237585
08/28/2025 16:31:36.647,3104288768,7.341638147
08/28/2025 16:31:37.654,3105005568,11.57102288
08/28/2025 16:31:38.648,3104342016,6.06361637
08/28/2025 16:31:39.639,3105067008,13.65150373
08/28/2025 16:31:40.663,3104219136,7.292495108
08/28/2025 16:31:41.636,3104784384,10.48212363
08/28/2025 16:31:42.642,3104075776,7.268201718
08/28/2025 16:31:43.649,3104882688,8.818839026
08/28/2025 16:31:44.640,3103748096,10.13622969
08/28/2025 16:31:45.648,3103465472,7.768090723
08/28/2025 16:31:46.638,3102244864,8.446713765
08/28/2025 16:31:47.647,3102490624,8.215549323
08/28/2025 16:31:48.653,3102011392,9.13547521
08/28/2025 16:31:49.660,3102588928,8.085739132
08/28/2025 16:31:50.652,3101790208,9.449010552
08/28/2025 16:31:51.658,3102412800,8.926400101
08/28/2025 16:31:52.648,3101237248,8.264820862
08/28/2025 16:31:53.639,3102019584,10.90709582
08/28/2025 16:31:54.645,3101954048,8.758053519
08/28/2025 16:31:55.636,3102248960,10.94231841
08/28/2025 16:31:56.639,3102052352,12.74225368
08/28/2025 16:31:57.647,3101962240,9.336744446
08/28/2025 16:31:58.656,3100925952,9.004851852
08/28/2025 16:31:59.647,3101900800,7.015708306
08/28/2025 16:32:00.662,3107147776,23.79043879
08/28/2025 16:32:01.637,3102662656,12.27074063
08/28/2025 16:32:02.660,3103145984,12.128001
08/28/2025 16:32:03.637,3103002624,6.825241317
08/28/2025 16:32:04.660,3103690752,10.69345406
08/28/2025 16:32:05.653,3102146560,9.07148994
08/28/2025 16:32:06.646,3102801920,10.32390928
08/28/2025 16:32:07.638,3102666752,10.22639429
08/28/2025 16:32:08.646,3103432704,6.635694861
08/28/2025 16:32:09.637,3102560256,12.05851769
08/28/2025 16:32:10.646,3103379456,8.634868413
08/28/2025 16:32:11.654,3102347264,7.756056784
08/28/2025 16:32:12.660,3105542144,8.367126295
08/28/2025 16:32:13.651,3101331456,9.779618812
08/28/2025 16:32:14.643,3102261248,8.607568614
08/28/2025 16:32:15.651,3101229056,8.935677833
08/28/2025 16:32:16.643,3101900800,9.104785432
08/28/2025 16:32:17.652,3101241344,7.811158381
08/28/2025 16:32:18.657,3102298112,10.18640567
08/28/2025 16:32:19.647,3103809536,8.53040636
08/28/2025 16:32:20.656,3102134272,10.12113836
08/28/2025 16:32:21.647,3101270016,7.039608715
08/28/2025 16:32:22.654,3102052352,8.846002681
08/28/2025 16:32:23.644,3101450240,6.869629503
08/28/2025 16:32:24.651,3101691904,9.246602714
08/28/2025 16:32:25.643,3101388800,7.382304939
08/28/2025 16:32:26.650,3102183424,7.282034343
08/28/2025 16:32:27.657,3101376512,9.279965414
08/28/2025 16:32:28.648,3102089216,6.618198199
08/28/2025 16:32:29.640,3101401088,8.992549006
08/28/2025 16:32:30.647,3102777344,8.077488926
08/28/2025 16:32:31.657,3101552640,5.992251941
08/28/2025 16:32:32.649,3102396416,8.621280911
08/28/2025 16:32:33.656,3101556736,5.434210388
08/28/2025 16:32:34.662,3102392320,9.474511207
08/28/2025 16:32:35.650,3101286400,10.69109024
08/28/2025 16:32:36.655,3102068736,12.09107944
08/28/2025 16:32:37.646,3101544448,8.560050595
08/28/2025 16:32:38.654,3103178752,8.530734963
08/28/2025 16:32:39.645,3102236672,8.223877158
08/28/2025 16:32:40.636,3102687232,8.91343229
08/28/2025 16:32:41.644,3101667328,9.736769161
08/28/2025 16:32:42.651,3102740480,11.18071991
08/28/2025 16:32:43.643,3101868032,8.180602173
08/28/2025 16:32:44.652,3102351360,9.024321063
08/28/2025 16:32:45.644,3102195712,8.06626179
08/28/2025 16:32:46.652,3101732864,7.935050031
08/28/2025 16:32:47.644,3102134272,9.072387885
08/28/2025 16:32:48.651,3101343744,10.05459153
08/28/2025 16:32:49.642,3102007296,6.957598502
08/28/2025 16:32:50.650,3101392896,8.547803099
08/28/2025 16:32:51.658,3101724672,9.247233446
08/28/2025 16:32:52.646,3100999680,9.073294755
08/28/2025 16:32:53.636,3101159424,10.49543321
08/28/2025 16:32:54.645,3100872704,8.175965699
08/28/2025 16:32:55.652,3101306880,11.20693215
08/28/2025 16:32:56.645,3100536832,7.988452032
08/28/2025 16:32:57.637,3100475392,12.91210651
08/28/2025 16:32:58.646,3100090368,6.719824324
08/28/2025 16:32:59.653,3100557312,8.504780281
08/28/2025 16:33:00.645,3102351360,8.560511904
08/28/2025 16:33:01.651,3100741632,8.373938691
08/28/2025 16:33:02.660,3099922432,9.406294008
08/28/2025 16:33:03.652,3100590080,9.038152626
08/28/2025 16:33:04.641,3099865088,10.38758498
08/28/2025 16:33:05.643,3099992064,17.70693334
08/28/2025 16:33:06.652,3099205632,10.57254289
08/28/2025 16:33:07.653,3100209152,11.87488127
08/28/2025 16:33:08.646,3099435008,6.750651867
08/28/2025 16:33:09.636,3106615296,11.96556415
08/28/2025 16:33:10.659,3101798400,6.482943418
08/28/2025 16:33:11.634,3102588928,7.824126664
08/28/2025 16:33:12.657,3101941760,8.791767053
08/28/2025 16:33:13.647,3102609408,10.42061816
08/28/2025 16:33:14.639,3101929472,7.813613485
08/28/2025 16:33:15.662,3102552064,9.130676672
08/28/2025 16:33:16.655,3101532160,7.174071109
08/28/2025 16:33:17.663,3102461952,8.109223012
08/28/2025 16:33:18.638,3101769728,10.73072306
08/28/2025 16:33:19.646,3102654464,9.258792311
08/28/2025 16:33:20.639,3101691904,6.4370975
08/28/2025 16:33:21.647,3102552064,8.559169248
08/28/2025 16:33:22.639,3101630464,8.179055222
08/28/2025 16:33:23.662,3102294016,10.30903691
08/28/2025 16:33:24.656,3101478912,7.669394469
08/28/2025 16:33:25.647,3102277632,8.931284859
08/28/2025 16:33:26.654,3101958144,8.061541823
08/28/2025 16:33:27.662,3101765632,10.89068894
08/28/2025 16:33:28.653,3102191616,9.312868748
08/28/2025 16:33:29.646,3101462528,9.08180608
08/28/2025 16:33:30.652,3102695424,11.14985264
08/28/2025 16:33:31.659,3101462528,8.070040565
08/28/2025 16:33:32.650,3102294016,8.933197465
08/28/2025 16:33:33.654,3101470720,14.35338161
08/28/2025 16:33:34.645,3102244864,9.367511707
08/28/2025 16:33:35.652,3101413376,11.19522478
08/28/2025 16:33:36.642,3101741056,8.837992763
08/28/2025 16:33:37.650,3101470720,6.17381624
08/28/2025 16:33:38.641,3102175232,10.57098715
08/28/2025 16:33:39.650,3101765632,9.784617507
08/28/2025 16:33:40.656,3102257152,10.31752595
08/28/2025 16:33:41.649,3102449664,9.154073391
08/28/2025 16:33:42.641,3103195136,9.002652742
08/28/2025 16:33:43.647,3102752768,7.223286317
08/28/2025 16:33:44.652,3104292864,9.794787995
08/28/2025 16:33:45.646,3102834688,5.645461033
08/28/2025 16:33:46.651,3103535104,12.22175446
08/28/2025 16:33:47.641,3102830592,8.470533269
08/28/2025 16:33:48.648,3103145984,6.440254393
08/28/2025 16:33:49.655,3102720000,10.01802916
08/28/2025 16:33:50.645,3103313920,9.842579245
08/28/2025 16:33:51.636,3102912512,10.72389277
08/28/2025 16:33:52.644,3103436800,6.586973405
08/28/2025 16:33:53.636,3102765056,8.65628021
08/28/2025 16:33:54.643,3102306304,7.699450597
08/28/2025 16:33:55.650,3101388800,8.478538285
08/28/2025 16:33:56.642,3102044160,9.442010078
08/28/2025 16:33:57.649,3101261824,7.267667486
08/28/2025 16:33:58.640,3102359552,10.50088866
08/28/2025 16:33:59.648,3100905472,8.133332222
08/28/2025 16:34:00.637,3104075776,12.32922428
08/28/2025 16:34:01.645,3100127232,7.790896259
08/28/2025 16:34:02.651,3100057600,12.58853344
08/28/2025 16:34:03.641,3099275264,8.129534506
08/28/2025 16:34:04.634,3099246592,8.328663263
08/28/2025 16:34:05.641,3099443200,11.9706387
08/28/2025 16:34:06.649,3098935296,9.28804119
08/28/2025 16:34:07.640,3100569600,11.3022202
08/28/2025 16:34:08.647,3099942912,7.283608901
08/28/2025 16:34:09.654,3100098560,11.94120296
08/28/2025 16:34:10.645,3099795456,6.999724089
08/28/2025 16:34:11.651,3100397568,13.81874525
08/28/2025 16:34:12.643,3099328512,5.487958864
08/28/2025 16:34:13.652,3099787264,8.178589427
08/28/2025 16:34:14.644,3099201536,7.475899072
08/28/2025 16:34:15.650,3100217344,9.987668931
08/28/2025 16:34:16.643,3098976256,9.87557924
08/28/2025 16:34:17.650,3099770880,9.614573349
08/28/2025 16:34:18.642,3098931200,7.092850511
08/28/2025 16:34:19.648,3099811840,12.18565885
08/28/2025 16:34:20.640,3098988544,8.298332314
08/28/2025 16:34:21.646,3099815936,8.309699822
08/28/2025 16:34:22.653,3098910720,6.568283152
08/28/2025 16:34:23.660,3099758592,9.974882371
08/28/2025 16:34:24.651,3098906624,8.162322582
08/28/2025 16:34:25.644,3099803648,8.314977652
08/28/2025 16:34:26.651,3099103232,8.077453219
08/28/2025 16:34:27.657,3099889664,8.758552313
08/28/2025 16:34:28.650,3098890240,7.175940447
08/28/2025 16:34:29.657,3099721728,8.421287805
08/28/2025 16:34:30.649,3099418624,9.077098141
08/28/2025 16:34:31.639,3099877376,6.859222773
08/28/2025 16:34:32.646,3098685440,8.11767646
08/28/2025 16:34:33.653,3099324416,11.11201205
08/28/2025 16:34:34.658,3098353664,9.852161524
08/28/2025 16:34:35.645,3098976256,12.17478402
08/28/2025 16:34:36.651,3098054656,12.98066868
08/28/2025 16:34:37.658,3099181056,9.616503139
08/28/2025 16:34:38.649,3098394624,6.56513838
08/28/2025 16:34:39.640,3099467776,10.56629689
08/28/2025 16:34:40.649,3098435584,7.488882935
08/28/2025 16:34:41.641,3099156480,9.83421769
08/28/2025 16:34:42.649,3098386432,8.086935362
08/28/2025 16:34:43.655,3099418624,10.74570323
08/28/2025 16:34:44.648,3098603520,7.541822129
08/28/2025 16:34:45.639,3098537984,8.969963762
08/28/2025 16:34:46.662,3099480064,7.156823027
08/28/2025 16:34:47.639,3098456064,9.300107616
08/28/2025 16:34:48.648,3098841088,5.86306203
08/28/2025 16:34:49.639,3098492928,11.7206968
08/28/2025 16:34:50.662,3099189248,9.167272422
08/28/2025 16:34:51.654,3098800128,8.624837327
08/28/2025 16:34:52.662,3099234304,8.868173616
08/28/2025 16:34:53.654,3098558464,6.752051335
08/28/2025 16:34:54.647,3099279360,8.325460077
08/28/2025 16:34:55.640,3098636288,7.536541683
08/28/2025 16:34:56.655,3124015104,29.55966148
08/28/2025 16:34:57.648,3128025088,26.06188722
08/28/2025 16:34:58.645,3123732480,20.45553786
08/28/2025 16:34:59.650,3117281280,9.801252222
08/28/2025 16:35:00.640,3119763456,14.79283272
08/28/2025 16:35:01.661,3115782144,9.348807082
08/28/2025 16:35:02.652,3116048384,7.391984917
08/28/2025 16:35:03.661,3115335680,8.212145888
08/28/2025 16:35:04.653,3115905024,8.619465743
08/28/2025 16:35:05.646,3115061248,9.153477965
08/28/2025 16:35:06.653,3115753472,10.38147951
08/28/2025 16:35:07.644,3114729472,7.770062878
08/28/2025 16:35:08.651,3115466752,8.866544218
08/28/2025 16:35:09.658,3115995136,8.863939349
08/28/2025 16:35:10.650,3115241472,11.36408376
08/28/2025 16:35:11.641,3114430464,8.506285479
08/28/2025 16:35:12.648,3115819008,9.689810949
08/28/2025 16:35:13.641,3114856448,6.768099947
08/28/2025 16:35:14.650,3115646976,9.001821017
08/28/2025 16:35:15.642,3114835968,7.832353069
08/28/2025 16:35:16.648,3115315200,8.746870026
08/28/2025 16:35:17.656,3114364928,9.365089344
08/28/2025 16:35:18.646,3115565056,8.430895057
08/28/2025 16:35:19.639,3114897408,10.28788561
08/28/2025 16:35:20.662,3115540480,8.394843143
08/28/2025 16:35:21.638,3114504192,10.72260891
08/28/2025 16:35:22.644,3115216896,10.33671238
08/28/2025 16:35:23.653,3114307584,8.225994657
08/28/2025 16:35:24.646,3114360832,8.31923522
08/28/2025 16:35:25.655,3115229184,5.952610839
08/28/2025 16:35:26.663,3114418176,8.132529194
08/28/2025 16:35:27.651,3115163648,8.33442152
08/28/2025 16:35:28.642,3112685568,8.485469613
08/28/2025 16:35:29.650,3113377792,6.23054245
08/28/2025 16:35:30.640,3112751104,9.658251459
08/28/2025 16:35:31.646,3113644032,8.318800257
08/28/2025 16:35:32.653,3112701952,9.682801924
08/28/2025 16:35:33.644,3113070592,11.28120782
08/28/2025 16:35:34.652,3111821312,8.902620339
08/28/2025 16:35:35.643,3112370176,5.411844899
08/28/2025 16:35:36.649,3111809024,7.6262111
08/28/2025 16:35:37.640,3110576128,10.51202653
08/28/2025 16:35:38.647,3110133760,6.096700147
08/28/2025 16:35:39.637,3110531072,12.38758585
08/28/2025 16:35:40.658,3110006784,7.109541438
08/28/2025 16:35:41.651,3110707200,10.63454684
08/28/2025 16:35:42.643,3109957632,6.298202095
08/28/2025 16:35:43.650,3111469056,10.02809705
08/28/2025 16:35:44.639,3108900864,12.34154257
08/28/2025 16:35:45.646,3109740544,9.580146415
08/28/2025 16:35:46.638,3109048320,11.80407239
08/28/2025 16:35:47.644,3109429248,8.737717075
08/28/2025 16:35:48.653,3108921344,10.55110651
08/28/2025 16:35:49.642,3109629952,7.643587225
08/28/2025 16:35:50.636,3108745216,9.956201687
08/28/2025 16:35:51.642,3109580800,8.407466777
08/28/2025 16:35:52.636,3108823040,9.937525309
08/28/2025 16:35:53.644,3109883904,10.12951663
08/28/2025 16:35:54.651,3108831232,6.546376279
08/28/2025 16:35:55.642,3109502976,8.944031098
08/28/2025 16:35:56.651,3108646912,9.005645609
08/28/2025 16:35:57.641,3104792576,12.37206637
08/28/2025 16:35:58.649,3098136576,6.991676276
08/28/2025 16:35:59.639,3098714112,12.80449269
08/28/2025 16:36:00.647,3100459008,8.986041175
08/28/2025 16:36:01.654,3099156480,10.74859373
08/28/2025 16:36:02.646,3098181632,8.250363735
08/28/2025 16:36:03.635,3097317376,11.94044094
08/28/2025 16:36:04.644,3097354240,10.93320636
08/28/2025 16:36:05.650,3096702976,11.4972885
08/28/2025 16:36:06.641,3097509888,14.0474165
08/28/2025 16:36:07.650,3097198592,7.854642486
08/28/2025 16:36:08.639,3098226688,9.200466874
08/28/2025 16:36:09.663,3097604096,8.786472952
08/28/2025 16:36:10.638,3097980928,10.21726498
08/28/2025 16:36:11.646,3097051136,8.233899867
08/28/2025 16:36:12.654,3097305088,8.482826688
08/28/2025 16:36:13.645,3095425024,6.844501536
08/28/2025 16:36:14.653,3095842816,9.868694227
08/28/2025 16:36:15.646,3094831104,7.595608085
08/28/2025 16:36:16.653,3094540288,11.93751241
08/28/2025 16:36:17.662,3094282240,7.411374752
08/28/2025 16:36:18.637,3095273472,10.72431881
08/28/2025 16:36:19.646,3094900736,9.783723277
08/28/2025 16:36:20.636,3095441408,11.63444168
08/28/2025 16:36:21.644,3094704128,8.540163604
08/28/2025 16:36:22.635,3096834048,12.08750419
08/28/2025 16:36:23.644,3095928832,7.797828078
08/28/2025 16:36:24.653,3096825856,7.089575758
08/28/2025 16:36:25.645,3096129536,7.912004149
08/28/2025 16:36:26.653,3096690688,10.05787658
08/28/2025 16:36:27.644,3096252416,8.181389524
08/28/2025 16:36:28.636,3096596480,11.35829107
08/28/2025 16:36:29.646,3095707648,6.79964114
08/28/2025 16:36:30.638,3096690688,12.59691003
08/28/2025 16:36:31.646,3116466176,25.23933328
08/28/2025 16:36:32.661,3109994496,20.34047766
08/28/2025 16:36:33.653,3108478976,9.763654617
08/28/2025 16:36:34.640,3109191680,9.444740998
08/28/2025 16:36:35.645,3108216832,10.21343945
08/28/2025 16:36:36.649,3108904960,11.26605518
08/28/2025 16:36:37.642,3108081664,8.700966626
08/28/2025 16:36:38.649,3108917248,8.900614227
08/28/2025 16:36:39.642,3108179968,9.071682358
08/28/2025 16:36:40.649,3108872192,9.650410072
08/28/2025 16:36:41.640,3108339712,8.50615616
08/28/2025 16:36:42.648,3108823040,9.328452482
08/28/2025 16:36:43.639,3108302848,9.322030819
08/28/2025 16:36:44.646,3108786176,7.356770691
08/28/2025 16:36:45.638,3108618240,9.014123051
08/28/2025 16:36:46.645,3108290560,8.450808428
08/28/2025 16:36:47.652,3108810752,6.4769123
08/28/2025 16:36:48.644,3108016128,8.276069464
08/28/2025 16:36:49.650,3108827136,6.806125129
08/28/2025 16:36:50.643,3108040704,9.501310988
08/28/2025 16:36:51.650,3108823040,6.925007766
08/28/2025 16:36:52.643,3108081664,8.712250942
08/28/2025 16:36:53.650,3108818944,8.11141116
08/28/2025 16:36:54.642,3108036608,7.423767731
08/28/2025 16:36:55.648,3108728832,6.872149915
08/28/2025 16:36:56.655,3108171776,9.975597799
08/28/2025 16:36:57.644,3109163008,8.400380044
08/28/2025 16:36:58.651,3108401152,11.13902179
08/28/2025 16:36:59.658,3108777984,7.690175986
08/28/2025 16:37:00.634,3110785024,11.10486599
08/28/2025 16:37:01.643,3109076992,8.653246386
08/28/2025 16:37:02.635,3106529280,10.25935688
08/28/2025 16:37:03.658,3107225600,8.701207233
08/28/2025 16:37:04.650,3106516992,7.431571404
08/28/2025 16:37:05.657,3106578432,8.460662586
08/28/2025 16:37:06.649,3104702464,8.675812891
08/28/2025 16:37:07.655,3106017280,9.177701053
08/28/2025 16:37:08.648,3107692544,7.886270501
08/28/2025 16:37:09.637,3107745792,10.75725762
08/28/2025 16:37:10.646,3107258368,5.89984082
08/28/2025 16:37:11.651,3108077568,11.82249599
08/28/2025 16:37:12.644,3107209216,7.549635352
08/28/2025 16:37:13.634,3107962880,12.36045637
08/28/2025 16:37:14.657,3107160064,9.549836721
08/28/2025 16:37:15.647,3108605952,10.79428441
08/28/2025 16:37:16.640,3108089856,8.737678705
08/28/2025 16:37:17.649,3109089280,7.064606604
08/28/2025 16:37:18.655,3109072896,12.24912506
08/28/2025 16:37:19.647,3109814272,11.4307625
08/28/2025 16:37:20.656,3108827136,9.775351449
08/28/2025 16:37:21.646,3108585472,8.497343116
08/28/2025 16:37:22.653,3107565568,10.01636734
08/28/2025 16:37:23.662,3108651008,8.56635214
08/28/2025 16:37:24.653,3107966976,10.51864588
08/28/2025 16:37:25.660,3108982784,8.443216371
08/28/2025 16:37:26.653,3108106240,7.619357482
08/28/2025 16:37:27.645,3108438016,8.810665686
08/28/2025 16:37:28.652,3108737024,10.24140441
08/28/2025 16:37:29.643,3108528128,9.343011485
08/28/2025 16:37:30.650,3109126144,6.910775244
08/28/2025 16:37:31.656,3103866880,11.04035583
08/28/2025 16:37:32.647,3098529792,9.761261543
08/28/2025 16:37:33.655,3097825280,9.696010589
08/28/2025 16:37:34.647,3097747456,8.207771854
08/28/2025 16:37:35.655,3097554944,10.50013643
08/28/2025 16:37:36.645,3098021888,6.856728953
08/28/2025 16:37:37.652,3097694208,10.06339278
08/28/2025 16:37:38.659,3098365952,8.450362941
08/28/2025 16:37:39.653,3097665536,9.545674256
08/28/2025 16:37:40.644,3098320896,9.019462217
08/28/2025 16:37:41.637,3097546752,9.487288653
08/28/2025 16:37:42.647,3098238976,5.229243655
08/28/2025 16:37:43.655,3097366528,10.46881687
08/28/2025 16:37:44.644,3098517504,7.255596805
08/28/2025 16:37:45.653,3097620480,10.16186527
08/28/2025 16:37:46.661,3098148864,8.505452256
08/28/2025 16:37:47.636,3097333760,9.864159303
08/28/2025 16:37:48.643,3097968640,7.726741233
08/28/2025 16:37:49.651,3097485312,10.03754648
08/28/2025 16:37:50.642,3098120192,6.598611481
08/28/2025 16:37:51.650,3097436160,8.164781004
08/28/2025 16:37:52.656,3098394624,9.486448669
08/28/2025 16:37:53.663,3097382912,11.63548249
08/28/2025 16:37:54.656,3098181632,9.106937062
08/28/2025 16:37:55.647,3097436160,6.199104738
08/28/2025 16:37:56.638,3098189824,8.912172601
08/28/2025 16:37:57.646,3097485312,9.277426244
08/28/2025 16:37:58.637,3098095616,12.89035843
08/28/2025 16:37:59.646,3097149440,5.540422753
08/28/2025 16:38:00.653,3101188096,12.75466269
08/28/2025 16:38:01.645,3097907200,8.268599885
08/28/2025 16:38:02.652,3098382336,10.39247838
08/28/2025 16:38:03.645,3097616384,5.573357566
08/28/2025 16:38:04.650,3098353664,9.476555965
08/28/2025 16:38:05.642,3097026560,11.37756135
08/28/2025 16:38:06.650,3097624576,8.541125416
08/28/2025 16:38:07.641,3096911872,5.033657146
08/28/2025 16:38:08.656,3098009600,25.6644003
08/28/2025 16:38:09.648,3091222528,9.03276154
08/28/2025 16:38:10.643,3091140608,10.09557677
08/28/2025 16:38:11.634,3091492864,8.56687749
08/28/2025 16:38:12.643,3091087360,9.005338932
08/28/2025 16:38:13.651,3092004864,10.94073742
08/28/2025 16:38:14.645,3091087360,9.181941419
08/28/2025 16:38:15.653,3091689472,6.628397852
08/28/2025 16:38:16.647,3090993152,5.304854165
08/28/2025 16:38:17.655,3092217856,11.22422144
08/28/2025 16:38:18.646,3091009536,9.316740658
08/28/2025 16:38:19.655,3091755008,8.644936474
08/28/2025 16:38:20.648,3090890752,7.163937987
08/28/2025 16:38:21.637,3091496960,11.55432111
08/28/2025 16:38:22.646,3090837504,8.245204134
08/28/2025 16:38:23.639,3091279872,9.868251022
08/28/2025 16:38:24.645,3090604032,9.18307014
08/28/2025 16:38:25.637,3091574784,9.833345194
08/28/2025 16:38:26.645,3090268160,5.816276099
08/28/2025 16:38:27.637,3089637376,11.93821867
08/28/2025 16:38:28.645,3087720448,7.59921912
08/28/2025 16:38:29.652,3087392768,10.04177933
08/28/2025 16:38:30.644,3086450688,7.495292479
08/28/2025 16:38:31.652,3088232448,8.46590697
08/28/2025 16:38:32.642,3088318464,10.88832723
08/28/2025 16:38:33.649,3088613376,8.421315097
08/28/2025 16:38:34.640,3087437824,9.351097382
08/28/2025 16:38:35.658,3087888384,12.14666291
08/28/2025 16:38:36.648,3087122432,9.594337863
08/28/2025 16:38:37.638,3088039936,10.87385194
08/28/2025 16:38:38.646,3086942208,6.953016484
08/28/2025 16:38:39.652,3087888384,10.33491363
08/28/2025 16:38:40.643,3086888960,8.518384448
08/28/2025 16:38:41.650,3087605760,8.862454572
08/28/2025 16:38:42.642,3087011840,9.82321127
08/28/2025 16:38:43.649,3087826944,7.324675108
08/28/2025 16:38:44.640,3086999552,10.12113023
08/28/2025 16:38:45.649,3087798272,9.342894987
08/28/2025 16:38:46.639,3086942208,10.06415096
08/28/2025 16:38:47.647,3088236544,19.8174509
08/28/2025 16:38:48.647,3086913536,13.29038919
08/28/2025 16:38:49.652,3087761408,12.92645141
08/28/2025 16:38:50.643,3086929920,11.27612863
08/28/2025 16:38:51.634,3086934016,9.319092934
08/28/2025 16:38:52.640,3087613952,12.24560981
08/28/2025 16:38:53.646,3086958592,10.28768391
08/28/2025 16:38:54.637,3087536128,8.956112378
08/28/2025 16:38:55.646,3086909440,7.917944941
08/28/2025 16:38:56.639,3087593472,11.84083392
08/28/2025 16:38:57.648,3086991360,7.063335222
08/28/2025 16:38:58.653,3087638528,13.40770722
08/28/2025 16:38:59.646,3086848000,5.897814992
08/28/2025 16:39:00.637,3089846272,14.93078416
08/28/2025 16:39:01.643,3087474688,7.523925534
08/28/2025 16:39:02.649,3087712256,10.71133087
08/28/2025 16:39:03.641,3087212544,8.269284031
08/28/2025 16:39:04.647,3087699968,9.118825076
08/28/2025 16:39:05.640,3086323712,10.29611724
08/28/2025 16:39:06.646,3086225408,6.844462745
08/28/2025 16:39:07.637,3086700544,10.89359799
08/28/2025 16:39:08.660,3087769600,11.83251277
08/28/2025 16:39:09.652,3087011840,8.966666848
08/28/2025 16:39:10.659,3087585280,8.895749177
08/28/2025 16:39:11.651,3086290944,7.06965197
08/28/2025 16:39:12.644,3087257600,9.077400475
08/28/2025 16:39:13.651,3086573568,8.48440748
08/28/2025 16:39:14.642,3087335424,8.533139011
08/28/2025 16:39:15.635,3086565376,8.789327149
08/28/2025 16:39:16.644,3087220736,8.568338119
08/28/2025 16:39:17.652,3086299136,10.50405107
08/28/2025 16:39:18.659,3087077376,4.943482946
08/28/2025 16:39:19.650,3087077376,8.9556347
08/28/2025 16:39:20.643,3087454208,8.790667411
08/28/2025 16:39:21.652,3086749696,8.229906496
08/28/2025 16:39:22.644,3087560704,11.35354372
08/28/2025 16:39:23.652,3086606336,9.388162105
08/28/2025 16:39:24.642,3087683584,12.01644297
08/28/2025 16:39:25.650,3086823424,7.312686442
08/28/2025 16:39:26.654,3087630336,12.12281807
08/28/2025 16:39:27.647,3086839808,5.522742414
08/28/2025 16:39:28.656,3087568896,11.37092654
08/28/2025 16:39:29.649,3086839808,7.534632378
08/28/2025 16:39:30.640,3087204352,9.791746712
08/28/2025 16:39:31.647,3086897152,8.393322975
08/28/2025 16:39:32.655,3086594048,7.754857794
08/28/2025 16:39:33.644,3087319040,9.560034314
08/28/2025 16:39:34.650,3086467072,8.444080202
08/28/2025 16:39:35.656,3086274560,9.104293007
08/28/2025 16:39:36.649,3084890112,9.52387618
08/28/2025 16:39:37.641,3086417920,10.62148559
08/28/2025 16:39:38.648,3085705216,9.621592003
08/28/2025 16:39:39.655,3086032896,12.32623277
08/28/2025 16:39:40.647,3085475840,9.405730837
08/28/2025 16:39:41.655,3086163968,9.686369785
08/28/2025 16:39:42.646,3085225984,4.665672694
08/28/2025 16:39:43.638,3086000128,9.797185387
08/28/2025 16:39:44.647,3085221888,7.475240342
08/28/2025 16:39:45.638,3086331904,13.68905234
08/28/2025 16:39:46.646,3084984320,6.974076578
08/28/2025 16:39:47.653,3085713408,10.42608534
08/28/2025 16:39:48.646,3084935168,7.174416942
08/28/2025 16:39:49.637,3085737984,9.660978453
08/28/2025 16:39:50.645,3084836864,9.729374446
08/28/2025 16:39:51.651,3086032896,9.952331621
08/28/2025 16:39:52.643,3084853248,7.046601175
08/28/2025 16:39:53.651,3085602816,7.567505327
08/28/2025 16:39:54.645,3084804096,8.262599305
08/28/2025 16:39:55.654,3085582336,8.605738216
08/28/2025 16:39:56.645,3084812288,8.535123774
08/28/2025 16:39:57.638,3085783040,12.68468558
08/28/2025 16:39:58.645,3088838656,8.468887911
08/28/2025 16:39:59.636,3089203200,10.92852569
08/28/2025 16:40:00.646,3090997248,8.35775724
08/28/2025 16:40:01.651,3089833984,10.1688014
08/28/2025 16:40:02.657,3088625664,9.186128881
08/28/2025 16:40:03.634,3089395712,5.993968868
08/28/2025 16:40:04.656,3088523264,9.458422645
08/28/2025 16:40:05.648,3089137664,10.53625853
08/28/2025 16:40:06.655,3087568896,10.08173062
08/28/2025 16:40:07.648,3089162240,9.876596197
08/28/2025 16:40:08.641,3088662528,10.36034612
08/28/2025 16:40:09.649,3089260544,10.7956578
08/28/2025 16:40:10.641,3088322560,7.065286315
08/28/2025 16:40:11.647,3090051072,11.51850489
08/28/2025 16:40:12.638,3088875520,8.575889275
08/28/2025 16:40:13.648,3088801792,5.632972683
08/28/2025 16:40:14.639,3089743872,8.916760642
08/28/2025 16:40:15.649,3088797696,7.176618686
08/28/2025 16:40:16.656,3090907136,9.590108193
08/28/2025 16:40:17.646,3090202624,8.840561365
08/28/2025 16:40:18.636,3090796544,11.27013747
08/28/2025 16:40:19.645,3090898944,7.805782838
08/28/2025 16:40:20.653,3091439616,10.88999957
08/28/2025 16:40:21.645,3090927616,7.07556275
08/28/2025 16:40:22.635,3091230720,12.04626414
08/28/2025 16:40:23.658,3090452480,7.963077149
08/28/2025 16:40:24.649,3091345408,10.08507958
08/28/2025 16:40:25.658,3090546688,8.635855398
08/28/2025 16:40:26.648,3091267584,10.87364499
08/28/2025 16:40:27.642,3090812928,11.55155217
08/28/2025 16:40:28.650,3091136512,9.282621485
08/28/2025 16:40:29.656,3090132992,8.048757595
08/28/2025 16:40:30.648,3090927616,9.769388917
08/28/2025 16:40:31.641,3090436096,9.114618009
08/28/2025 16:40:32.650,3090862080,7.942289922
08/28/2025 16:40:33.641,3090014208,12.0680873
08/28/2025 16:40:34.645,3090690048,8.543111836
08/28/2025 16:40:35.649,3089960960,8.612108232
08/28/2025 16:40:36.653,3090591744,10.85673308
08/28/2025 16:40:37.645,3089850368,8.276798882
08/28/2025 16:40:38.637,3090743296,8.655755418
08/28/2025 16:40:39.646,3090239488,9.027143936
08/28/2025 16:40:40.656,3089678336,10.21332917
08/28/2025 16:40:41.645,3087917056,9.618534857
08/28/2025 16:40:42.635,3089207296,12.80193983
08/28/2025 16:40:43.658,3088240640,7.954500456
08/28/2025 16:40:44.648,3089113088,10.06426902
08/28/2025 16:40:45.643,3088261120,8.487660171
08/28/2025 16:40:46.652,3088965632,9.447326665
08/28/2025 16:40:47.643,3087949824,10.49329092
08/28/2025 16:40:48.650,3088912384,10.41090442
08/28/2025 16:40:49.658,3088130048,8.542785855
08/28/2025 16:40:50.650,3088875520,10.57523502
08/28/2025 16:40:51.643,3088224256,8.788611102
08/28/2025 16:40:52.635,3088916480,8.174386261
08/28/2025 16:40:53.641,3088080896,7.658287167
08/28/2025 16:40:54.634,3088769024,9.096231923
08/28/2025 16:40:55.643,3088109568,5.965598471
08/28/2025 16:40:56.652,3088183296,12.10048425
08/28/2025 16:40:57.643,3089637376,7.772984902
08/28/2025 16:40:58.648,3088723968,9.029218036
08/28/2025 16:40:59.641,3089268736,11.84691789
08/28/2025 16:41:00.646,3091890176,9.890605953
08/28/2025 16:41:01.653,3090153472,13.48440384
08/28/2025 16:41:02.643,3089080320,9.255190338
08/28/2025 16:41:03.649,3090313216,9.527494545
08/28/2025 16:41:04.639,3089530880,9.98452416
08/28/2025 16:41:05.647,3089543168,5.472269221
08/28/2025 16:41:06.656,3088371712,8.663943849
08/28/2025 16:41:07.649,3089838080,9.900070627
08/28/2025 16:41:08.641,3089326080,7.835587107
08/28/2025 16:41:09.649,3089453056,10.46045582
08/28/2025 16:41:10.656,3089039360,9.651863001
08/28/2025 16:41:11.648,3089530880,8.66553212
08/28/2025 16:41:12.641,3088138240,10.31513186
08/28/2025 16:41:13.649,3087552512,10.7950821
08/28/2025 16:41:14.642,3086467072,10.73932984
08/28/2025 16:41:15.647,3087114240,8.308021789
08/28/2025 16:41:16.640,3086356480,13.03977482
08/28/2025 16:41:17.649,3087060992,8.19515142
08/28/2025 16:41:18.657,3086553088,6.64265744
08/28/2025 16:41:19.650,3087224832,5.974931921
08/28/2025 16:41:20.642,3086331904,7.911336166
08/28/2025 16:41:21.651,3086987264,10.1669502
08/28/2025 16:41:22.643,3086413824,7.412880417
08/28/2025 16:41:23.651,3087331328,8.920905238
08/28/2025 16:41:24.644,3086688256,8.737439754
08/28/2025 16:41:25.652,3087556608,9.380409602
08/28/2025 16:41:26.643,3086757888,7.384230629
08/28/2025 16:41:27.649,3087466496,9.118734717
08/28/2025 16:41:28.657,3086831616,8.141726546
08/28/2025 16:41:29.646,3087781888,9.894082486
08/28/2025 16:41:30.639,3086782464,9.133187901
08/28/2025 16:41:31.648,3087400960,8.684245847
08/28/2025 16:41:32.656,3087093760,10.86395455
08/28/2025 16:41:33.647,3087572992,8.161923288
08/28/2025 16:41:34.655,3086438400,9.729974304
08/28/2025 16:41:35.645,3087577088,9.598558883
08/28/2025 16:41:36.636,3086376960,9.399189629
08/28/2025 16:41:37.644,3086708736,6.580197851
08/28/2025 16:41:38.635,3087355904,9.317628497
08/28/2025 16:41:39.643,3086770176,5.872116932
08/28/2025 16:41:40.653,3087376384,7.897720614
08/28/2025 16:41:41.645,3086450688,7.101978774
08/28/2025 16:41:42.634,3087507456,7.209323294
08/28/2025 16:41:43.643,3086630912,8.191564382
08/28/2025 16:41:44.650,3087400960,8.100174234
08/28/2025 16:41:45.643,3086577664,7.884404646
08/28/2025 16:41:46.651,3086954496,10.11677926
08/28/2025 16:41:47.658,3085422592,8.47282282
08/28/2025 16:41:48.650,3086520320,13.525998
08/28/2025 16:41:49.658,3085680640,11.46208713
08/28/2025 16:41:50.648,3086024704,7.278557407
08/28/2025 16:41:51.641,3085492224,10.33837204
08/28/2025 16:41:52.651,3086159872,9.097627526
08/28/2025 16:41:53.644,3085414400,8.712057835
08/28/2025 16:41:54.651,3085979648,11.58278651
08/28/2025 16:41:55.658,3085242368,6.920331846
08/28/2025 16:41:56.651,3085869056,12.2998896
08/28/2025 16:41:57.644,3085090816,10.42900546
08/28/2025 16:41:58.652,3085721600,11.30186082
08/28/2025 16:41:59.645,3084984320,5.419488529
08/28/2025 16:42:00.650,3086913536,12.92777712
08/28/2025 16:42:01.642,3084857344,9.78579591
08/28/2025 16:42:02.651,3085611008,7.841187722
08/28/2025 16:42:03.643,3084783616,9.467843482
08/28/2025 16:42:04.649,3085643776,10.30817584
08/28/2025 16:42:05.656,3084247040,11.95749187
08/28/2025 16:42:06.648,3084464128,7.076424481
08/28/2025 16:42:07.642,3084439552,10.34549336
08/28/2025 16:42:08.649,3085262848,8.848826682
08/28/2025 16:42:09.641,3086643200,9.807389808
08/28/2025 16:42:10.646,3087413248,12.99028236
08/28/2025 16:42:11.637,3086004224,8.955350831
08/28/2025 16:42:12.644,3086643200,7.633030046
08/28/2025 16:42:13.637,3085828096,7.921586791
08/28/2025 16:42:14.644,3086802944,7.700385287
08/28/2025 16:42:15.651,3086721024,8.834586354
08/28/2025 16:42:16.644,3087122432,9.507235896
08/28/2025 16:42:17.636,3086843904,7.907671361
08/28/2025 16:42:18.642,3087437824,11.49423665
08/28/2025 16:42:19.651,3086729216,9.782551808
08/28/2025 16:42:20.658,3087560704,6.498935978
08/28/2025 16:42:21.651,3086594048,7.895385179
08/28/2025 16:42:22.642,3087376384,8.179110802
08/28/2025 16:42:23.651,3086368768,9.077746616
08/28/2025 16:42:24.643,3086323712,7.839043931
08/28/2025 16:42:25.636,3087151104,9.140827817
08/28/2025 16:42:26.644,3086327808,7.741538668
08/28/2025 16:42:27.652,3087351808,8.18830485
08/28/2025 16:42:28.659,3086397440,5.705930485
08/28/2025 16:42:29.649,3087298560,7.637633252
08/28/2025 16:42:30.641,3086913536,9.453016855
08/28/2025 16:42:31.648,3087495168,6.107948309
08/28/2025 16:42:32.656,3086999552,10.85137747
08/28/2025 16:42:33.648,3087777792,7.119078907
08/28/2025 16:42:34.638,3087003648,13.55267603
08/28/2025 16:42:35.654,3087622144,10.85372279
08/28/2025 16:42:36.643,3086770176,11.50568675
08/28/2025 16:42:37.652,3087679488,9.779216084
08/28/2025 16:42:38.643,3086839808,8.158188617
08/28/2025 16:42:39.650,3087253504,8.463625691
08/28/2025 16:42:40.640,3086831616,9.666708541
08/28/2025 16:42:41.646,3087523840,11.06411223
08/28/2025 16:42:42.641,3105329152,19.93886268
08/28/2025 16:42:43.654,3105382400,23.30848127
08/28/2025 16:42:44.654,3114823680,21.86815565
08/28/2025 16:42:45.642,3115622400,26.02180855
08/28/2025 16:42:46.649,3127394304,18.14020392
08/28/2025 16:42:47.638,3127054336,13.45858607
08/28/2025 16:42:48.647,3126149120,6.749964464
08/28/2025 16:42:49.642,3159896064,39.14432614
08/28/2025 16:42:50.652,3166457856,42.45216568
08/28/2025 16:42:51.653,3134554112,24.58599166
08/28/2025 16:42:52.653,3133116416,21.10063003
08/28/2025 16:42:53.651,3134115840,23.29969256
08/28/2025 16:42:54.679,3135250432,28.54267536
08/28/2025 16:42:55.854,3153948672,88.69833303
08/28/2025 16:42:56.643,3150065664,57.38759967
08/28/2025 16:42:57.648,3138985984,24.22880053
08/28/2025 16:42:58.644,3135770624,21.13192434
08/28/2025 16:42:59.650,3138134016,20.47526085
08/28/2025 16:43:00.642,3134398464,18.98920678
08/28/2025 16:43:01.645,3130978304,28.22903202
08/28/2025 16:43:02.649,3122065408,21.76497556
08/28/2025 16:43:03.638,3120672768,22.96475752
08/28/2025 16:43:04.652,3108995072,23.77739308
08/28/2025 16:43:05.650,3125161984,46.3754102
08/28/2025 16:43:06.656,3132940288,39.03790859
08/28/2025 16:43:07.648,3168165888,76.76422945
08/28/2025 16:43:08.645,3207020544,80.39854346
08/28/2025 16:43:09.648,3202224128,25.25619188
08/28/2025 16:43:10.648,3219935232,35.94983606
08/28/2025 16:43:11.637,3213312000,28.47925484
08/28/2025 16:43:12.648,3223343104,24.28894651
08/28/2025 16:43:13.638,3233275904,32.89807753
08/28/2025 16:43:14.644,3233808384,16.18811529
08/28/2025 16:43:15.644,3230920704,10.08977937
08/28/2025 16:43:16.640,3242086400,18.04661951
08/28/2025 16:43:17.636,3248472064,30.59079414
08/28/2025 16:43:18.647,3249553408,16.51669354
08/28/2025 16:43:19.639,3251302400,18.92662912
08/28/2025 16:43:20.639,3249078272,20.32633931
08/28/2025 16:43:21.655,3247194112,6.131054196
08/28/2025 16:43:22.653,3248099328,14.53680556
08/28/2025 16:43:23.633,3247308800,12.46247414
08/28/2025 16:43:24.635,3241840640,13.90600263
08/28/2025 16:43:25.649,3240607744,6.708574388
08/28/2025 16:43:26.655,3240714240,13.37221982
08/28/2025 16:43:27.646,3235528704,6.277014272
08/28/2025 16:43:28.653,3235549184,9.978691894
08/28/2025 16:43:29.643,3235409920,8.407499255
08/28/2025 16:43:30.649,3221479424,11.31487432
08/28/2025 16:43:31.653,3222200320,11.85980956
08/28/2025 16:43:32.643,3221848064,9.676413532
08/28/2025 16:43:33.648,3213688832,8.619558946
08/28/2025 16:43:34.653,3212861440,10.24784142
08/28/2025 16:43:35.645,3213516800,6.696961372
08/28/2025 16:43:36.638,3210964992,9.478059623
08/28/2025 16:43:37.642,3211726848,8.223420457
08/28/2025 16:43:38.649,3210448896,7.63910476
08/28/2025 16:43:39.639,3210690560,9.259837004
08/28/2025 16:43:40.647,3210285056,7.773479812
08/28/2025 16:43:41.638,3203731456,10.12143861
08/28/2025 16:43:42.661,3202301952,9.136520475
08/28/2025 16:43:43.650,3202404352,10.3041351
08/28/2025 16:43:44.639,3202244608,9.579597747
08/28/2025 16:43:45.646,3202768896,7.707284909
08/28/2025 16:43:46.653,3201925120,10.37714467
08/28/2025 16:43:47.658,3202686976,9.843534137
08/28/2025 16:43:48.647,3201957888,7.973263038
08/28/2025 16:43:49.652,3202846720,9.006396891
08/28/2025 16:43:50.655,3201810432,8.880203305
08/28/2025 16:43:51.644,3202662400,6.409615763
08/28/2025 16:43:52.638,3200008192,9.573014026
08/28/2025 16:43:53.643,3184975872,9.413938164
08/28/2025 16:43:54.648,3184631808,12.61669253
08/28/2025 16:43:55.638,3184979968,9.204330037
08/28/2025 16:43:56.658,3184107520,7.723095861
08/28/2025 16:43:57.642,3184152576,11.45675178
08/28/2025 16:43:58.648,3183583232,8.40166052
08/28/2025 16:43:59.652,3184701440,10.51492408
08/28/2025 16:44:00.641,3187318784,9.165738714
08/28/2025 16:44:01.647,3184656384,9.837049058
08/28/2025 16:44:02.638,3183792128,9.765830096
08/28/2025 16:44:03.645,3183677440,8.499858215
08/28/2025 16:44:04.652,3182628864,12.70093592
08/28/2025 16:44:05.642,3181826048,6.825954572
08/28/2025 16:44:06.647,3182571520,10.07049679
08/28/2025 16:44:07.652,3181756416,11.58652606
08/28/2025 16:44:08.642,3182690304,11.99792818
08/28/2025 16:44:09.650,3181432832,8.554788218
08/28/2025 16:44:10.655,3176333312,11.71411472
08/28/2025 16:44:11.643,3175362560,8.308137674
08/28/2025 16:44:12.641,3175952384,16.99539414
08/28/2025 16:44:13.649,3175063552,8.153939029
08/28/2025 16:44:14.639,3175624704,8.461056884
08/28/2025 16:44:15.660,3174846464,8.22279687
08/28/2025 16:44:16.651,3175583744,9.342252214
08/28/2025 16:44:17.657,3174563840,7.587986177
08/28/2025 16:44:18.647,3174825984,9.584450727
08/28/2025 16:44:19.653,3174821888,9.171428796
08/28/2025 16:44:20.643,3175456768,10.47915911
08/28/2025 16:44:21.652,3174559744,12.42335664
08/28/2025 16:44:22.658,3175170048,8.009048245
08/28/2025 16:44:23.649,3174162432,10.51916058
08/28/2025 16:44:24.656,3175182336,8.097965696
08/28/2025 16:44:25.649,3174322176,7.515395988
08/28/2025 16:44:26.655,3175006208,8.802751032
08/28/2025 16:44:27.647,3174236160,6.98877398
08/28/2025 16:44:28.654,3174961152,9.652876437
08/28/2025 16:44:29.661,3174060032,5.732665239
08/28/2025 16:44:30.649,3175018496,6.748651314
08/28/2025 16:44:31.658,3174060032,9.349575113
08/28/2025 16:44:32.647,3175116800,9.193216822
08/28/2025 16:44:33.652,3173867520,7.899797163
08/28/2025 16:44:34.655,3174436864,10.38370512
08/28/2025 16:44:35.644,3173974016,10.31007659
08/28/2025 16:44:36.659,3174408192,9.258832542
08/28/2025 16:44:37.633,3173638144,5.337890464
08/28/2025 16:44:38.642,3174424576,11.690191
08/28/2025 16:44:39.651,3173609472,11.33676305
08/28/2025 16:44:40.641,3174457344,9.280873937
08/28/2025 16:44:41.649,3173396480,10.46829171
08/28/2025 16:44:42.639,3173531648,8.108237995
08/28/2025 16:44:43.646,3174150144,9.987570587
08/28/2025 16:44:44.653,3173576704,7.61930853
08/28/2025 16:44:45.642,3174191104,8.428285833
08/28/2025 16:44:46.651,3173531648,9.794147934
08/28/2025 16:44:47.640,3174240256,8.32411938
08/28/2025 16:44:48.647,3188592640,12.35155425
08/28/2025 16:44:49.642,3199750144,23.04291795
08/28/2025 16:44:50.636,3216277504,26.51269116
08/28/2025 16:44:51.656,3217379328,33.76840469
08/28/2025 16:44:52.647,3216351232,21.91615571
08/28/2025 16:44:53.656,3217076224,22.20771599
08/28/2025 16:44:54.647,3221729280,14.82820078
08/28/2025 16:44:55.644,3238825984,42.82381982
08/28/2025 16:44:56.639,3248205824,74.47531692
08/28/2025 16:44:57.651,3281362944,40.58847935
08/28/2025 16:44:58.648,3306102784,39.25581466
08/28/2025 16:44:59.638,3307466752,56.96454513
08/28/2025 16:45:00.649,3327070208,79.13474953
08/28/2025 16:45:01.646,3330535424,58.88184365
08/28/2025 16:45:02.644,3343323136,62.41114747
08/28/2025 16:45:03.658,3353071616,61.47775522
08/28/2025 16:45:04.658,3350757376,52.73653467
08/28/2025 16:45:05.654,3356971008,48.66179421
08/28/2025 16:45:06.654,3353681920,50.37199957
08/28/2025 16:45:07.652,3542491136,50.30205335
08/28/2025 16:45:08.653,3533762560,39.49453599
08/28/2025 16:45:09.659,3531436032,16.11882525
08/28/2025 16:45:10.642,3536662528,23.30650321
08/28/2025 16:45:11.653,3548979200,21.16158968
08/28/2025 16:45:12.654,3545559040,9.8428306
08/28/2025 16:45:13.651,3543498752,40.07736472
08/28/2025 16:45:14.654,3545780224,36.1786299
08/28/2025 16:45:15.643,3549171712,16.99435503
08/28/2025 16:45:16.659,3580866560,20.02326954
08/28/2025 16:45:17.645,3580649472,16.93876578
08/28/2025 16:45:18.648,3606568960,29.43672641
08/28/2025 16:45:19.638,3609858048,26.20598031
08/28/2025 16:45:20.646,3607040000,14.68381512
08/28/2025 16:45:21.642,3607343104,12.93040306
08/28/2025 16:45:22.650,3607863296,10.88649065
08/28/2025 16:45:23.647,3606900736,11.04372679
08/28/2025 16:45:24.644,3607400448,16.99890491
08/28/2025 16:45:25.642,3606462464,12.68304267
08/28/2025 16:45:26.657,3606654976,15.33793402
08/28/2025 16:45:27.670,3605450752,13.26755175
08/28/2025 16:45:28.640,3606188032,12.68353423
08/28/2025 16:45:29.636,3577376768,13.22633059
08/28/2025 16:45:30.636,3570327552,14.84932737
08/28/2025 16:45:31.650,3567173632,13.71366051
08/28/2025 16:45:32.646,3568271360,10.18506953
08/28/2025 16:45:33.645,3556290560,16.71527596
08/28/2025 16:45:34.643,3556376576,16.60100913
08/28/2025 16:45:35.655,3555635200,12.78556568
08/28/2025 16:45:36.654,3563671552,17.0929196
08/28/2025 16:45:37.653,3562401792,26.20379424
08/28/2025 16:45:38.653,3601571840,35.4465187
08/28/2025 16:45:39.649,3606937600,19.6136446
08/28/2025 16:45:40.650,3610390528,16.92076775
08/28/2025 16:45:41.650,3605929984,11.78208164
08/28/2025 16:45:42.658,3605323776,21.64764629
08/28/2025 16:45:43.649,3605057536,15.2146785
08/28/2025 16:45:44.636,3605745664,18.47783691
08/28/2025 16:45:45.642,3604647936,11.50566021
08/28/2025 16:45:46.647,3595485184,12.89232426
08/28/2025 16:45:47.654,3591479296,17.53253106
08/28/2025 16:45:48.656,3592052736,16.41348859
08/28/2025 16:45:49.651,3591450624,23.27776431
08/28/2025 16:45:50.640,3591041024,12.90949134
08/28/2025 16:45:51.652,3599470592,17.3270939
08/28/2025 16:45:52.647,3598708736,25.06561458
08/28/2025 16:45:53.646,3602640896,24.89046777
08/28/2025 16:45:54.653,3601502208,15.83561669
08/28/2025 16:45:55.640,3602305024,14.93979555
08/28/2025 16:45:56.646,3601252352,15.31875252
08/28/2025 16:45:57.653,3599785984,21.65258643
08/28/2025 16:45:58.642,3598360576,13.07372228
08/28/2025 16:45:59.648,3596984320,15.02535774
08/28/2025 16:46:00.637,3579928576,22.33657586
08/28/2025 16:46:01.653,3572826112,13.28502692
08/28/2025 16:46:02.644,3572416512,17.99017073
08/28/2025 16:46:03.647,3572822016,14.01314324
08/28/2025 16:46:04.635,3572195328,18.92845359
08/28/2025 16:46:05.641,3572068352,18.43478104
08/28/2025 16:46:06.660,3571286016,12.95589695
08/28/2025 16:46:07.647,3572375552,13.00138661
08/28/2025 16:46:08.653,3571720192,18.82353889
08/28/2025 16:46:09.641,3572203520,14.62728321
08/28/2025 16:46:10.662,3571449856,15.44616459
08/28/2025 16:46:11.652,3571200000,16.2917125
08/28/2025 16:46:12.642,3570466816,12.4424575
08/28/2025 16:46:13.647,3571773440,15.26970613
08/28/2025 16:46:14.638,3570757632,16.02800724
08/28/2025 16:46:15.643,3547643904,15.68976331
08/28/2025 16:46:16.651,3545198592,17.39114333
08/28/2025 16:46:17.638,3546079232,17.72306038
08/28/2025 16:46:18.644,3545092096,13.39264818
08/28/2025 16:46:19.651,3545845760,23.61092168
08/28/2025 16:46:20.643,3544961024,13.36521124
08/28/2025 16:46:21.651,3544854528,17.00970563
08/28/2025 16:46:22.639,3545509888,16.65314494
08/28/2025 16:46:23.646,3544334336,16.15139317
08/28/2025 16:46:24.653,3545010176,18.52480193
08/28/2025 16:46:25.656,3544248320,10.8267058
08/28/2025 16:46:26.646,3544793088,14.40784076
08/28/2025 16:46:27.637,3544113152,15.23922982
08/28/2025 16:46:28.641,3544850432,12.45491919
08/28/2025 16:46:29.648,3543678976,14.27291261
08/28/2025 16:46:30.652,3544244224,15.93715058
08/28/2025 16:46:31.657,3543564288,17.66321723
08/28/2025 16:46:32.662,3544555520,15.59374651
08/28/2025 16:46:33.652,3543429120,15.57946909
08/28/2025 16:46:34.639,3543945216,19.31474615
08/28/2025 16:46:35.640,3543318528,14.52820842
08/28/2025 16:46:36.641,3544051712,17.24130143
08/28/2025 16:46:37.644,3543404544,13.57188183
08/28/2025 16:46:38.649,3544502272,16.40552969
08/28/2025 16:46:39.642,3543773184,17.74466118
08/28/2025 16:46:40.646,3544494080,17.14743577
08/28/2025 16:46:41.651,3543719936,18.02539166
08/28/2025 16:46:42.639,3544580096,12.97366126
08/28/2025 16:46:43.660,3543756800,15.07125078
08/28/2025 16:46:44.648,3544637440,15.84656736
08/28/2025 16:46:45.652,3544051712,20.99467545
08/28/2025 16:46:46.656,3544457216,12.83865668
08/28/2025 16:46:47.645,3543531520,13.12590166
08/28/2025 16:46:48.648,3544588288,18.22796734
08/28/2025 16:46:49.633,3543728128,10.34562147
08/28/2025 16:46:50.655,3544535040,17.84198447
08/28/2025 16:46:51.646,3543564288,14.46229961
08/28/2025 16:46:52.650,3543654400,14.90516927
08/28/2025 16:46:53.652,3544244224,20.3648999
08/28/2025 16:46:54.657,3543429120,13.69612137
08/28/2025 16:46:55.661,3544244224,13.18565985
08/28/2025 16:46:56.649,3543552000,18.97310174
08/28/2025 16:46:57.634,3545604096,17.94459868
08/28/2025 16:46:58.639,3543941120,16.79621781
08/28/2025 16:46:59.645,3544592384,11.87132751
08/28/2025 16:47:00.647,3546607616,19.72263125
08/28/2025 16:47:01.651,3545047040,20.95941121
08/28/2025 16:47:02.637,3544182784,14.87572078
08/28/2025 16:47:03.638,3545014272,14.1556154
08/28/2025 16:47:04.640,3544186880,13.00289107
08/28/2025 16:47:05.645,3544383488,18.00200046
08/28/2025 16:47:06.651,3543449600,19.62031986
08/28/2025 16:47:07.655,3544563712,17.55897924
08/28/2025 16:47:08.661,3545645056,18.40200273
08/28/2025 16:47:09.651,3545853952,15.56625242
08/28/2025 16:47:10.638,3545587712,12.18009376
08/28/2025 16:47:11.660,3545915392,14.33559125
08/28/2025 16:47:12.649,3545452544,19.46379335
08/28/2025 16:47:13.644,3545096192,26.16882479
08/28/2025 16:47:14.649,3544379392,6.083825808
08/28/2025 16:47:15.660,3544965120,11.01942387
08/28/2025 16:47:16.645,3579133952,40.1154717
08/28/2025 16:47:17.660,3602497536,44.19691731
08/28/2025 16:47:18.652,3568648192,29.50437728
08/28/2025 16:47:19.653,3576180736,16.14124203
08/28/2025 16:47:20.653,3575902208,22.76043073
08/28/2025 16:47:21.648,3588063232,39.43463703
08/28/2025 16:47:22.656,3583598592,30.26467142
08/28/2025 16:47:23.657,3587350528,32.5041407
08/28/2025 16:47:24.657,3589521408,19.0820373
08/28/2025 16:47:25.638,3593273344,28.02456015
08/28/2025 16:47:26.653,3596713984,20.23380969
08/28/2025 16:47:27.645,3611557888,29.51790718
08/28/2025 16:47:28.648,3615453184,33.41119339
08/28/2025 16:47:29.639,3615981568,19.19082984
08/28/2025 16:47:30.653,3611734016,41.09259027
08/28/2025 16:47:31.654,3603816448,21.53136487
08/28/2025 16:47:32.641,3611774976,34.68335476
08/28/2025 16:47:33.647,3615797248,35.56677982
08/28/2025 16:47:34.653,3612766208,39.39333361
08/28/2025 16:47:35.644,3610365952,19.24990811
08/28/2025 16:47:36.659,3609214976,22.64803969
08/28/2025 16:47:37.641,3609198592,21.17979786
08/28/2025 16:47:38.648,3616399360,27.84464526
08/28/2025 16:47:39.643,3568672768,25.04066485
08/28/2025 16:47:40.652,3561537536,29.1959998
08/28/2025 16:47:41.650,3559784448,27.16485961
08/28/2025 16:47:42.757,3568640000,46.02064389
08/28/2025 16:47:43.638,3570176000,44.13776689
08/28/2025 16:47:44.646,3574636544,23.22625666
08/28/2025 16:47:45.641,3569917952,11.33413521
08/28/2025 16:47:46.649,3585650688,27.13357602
08/28/2025 16:47:47.638,3569745920,26.14308956
08/28/2025 16:47:48.653,3560632320,19.54095929
08/28/2025 16:47:49.645,3559481344,18.08114071
08/28/2025 16:47:50.653,3559874560,26.77673347
08/28/2025 16:47:51.657,3587276800,23.69517109
08/28/2025 16:47:52.645,3597979648,38.85473761
08/28/2025 16:47:53.640,3595702272,23.83783254
08/28/2025 16:47:54.652,3594915840,14.6287635
08/28/2025 16:47:55.648,3593535488,15.7312213
08/28/2025 16:47:56.646,3594690560,22.85773488
08/28/2025 16:47:57.648,3592994816,19.70993554
08/28/2025 16:47:58.652,3592880128,20.60155006
08/28/2025 16:47:59.655,3593367552,13.98171646
08/28/2025 16:48:00.658,3570790400,21.27949889
08/28/2025 16:48:01.658,3561598976,19.93916513
08/28/2025 16:48:02.663,3560546304,11.41476183
08/28/2025 16:48:03.652,3561578496,20.57090362
08/28/2025 16:48:04.642,3560931328,13.19410248
08/28/2025 16:48:05.647,3570475008,36.27432207
08/28/2025 16:48:06.640,3605413888,61.4453901
08/28/2025 16:48:07.637,3613073408,34.1994837
08/28/2025 16:48:08.659,3612254208,25.84613807
08/28/2025 16:48:09.642,3611979776,18.50826736
08/28/2025 16:48:10.647,3603369984,14.86651119
08/28/2025 16:48:11.659,3603750912,17.20108688
08/28/2025 16:48:12.644,3588849664,15.3919792
08/28/2025 16:48:13.649,3590725632,29.65891151
08/28/2025 16:48:14.646,3587387392,21.58728021
08/28/2025 16:48:15.642,3588083712,20.42721729
08/28/2025 16:48:16.653,3574198272,22.6955787
08/28/2025 16:48:17.646,3574878208,18.61362883
08/28/2025 16:48:18.659,3574439936,28.20806743
08/28/2025 16:48:19.654,3574800384,32.5390538
08/28/2025 16:48:20.655,3573747712,20.71170692
08/28/2025 16:48:21.647,3573866496,31.15008121
08/28/2025 16:48:22.649,3572248576,26.6464165
08/28/2025 16:48:23.637,3574181888,34.79811107
08/28/2025 16:48:24.641,3572744192,26.03786901
08/28/2025 16:48:25.653,3575029760,25.12812138
08/28/2025 16:48:26.658,3575164928,29.30560265
08/28/2025 16:48:27.658,3572473856,8.935560354
08/28/2025 16:48:28.650,3592134656,20.43227967
08/28/2025 16:48:29.638,3584954368,27.68536117
08/28/2025 16:48:30.653,3600486400,19.56135853
08/28/2025 16:48:31.643,3607171072,26.20608203
08/28/2025 16:48:32.649,3606401024,19.60740548
08/28/2025 16:48:33.652,3609018368,10.81906804
08/28/2025 16:48:34.656,3604664320,17.14485504
08/28/2025 16:48:35.644,3603755008,17.01563305
08/28/2025 16:48:36.648,3604656128,17.86927343
08/28/2025 16:48:37.637,3585351680,15.50597461
08/28/2025 16:48:38.643,3585998848,14.13950203
08/28/2025 16:48:39.651,3570159616,15.50416103
08/28/2025 16:48:40.641,3570839552,14.00958276
08/28/2025 16:48:41.649,3570032640,13.16321594
08/28/2025 16:48:42.640,3570290688,16.86476984
08/28/2025 16:48:43.647,3569500160,12.33524363
08/28/2025 16:48:44.651,3570196480,17.94377255
08/28/2025 16:48:45.642,3569328128,14.02713676
08/28/2025 16:48:46.647,3570212864,14.12988402
08/28/2025 16:48:47.655,3569201152,15.45575732
08/28/2025 16:48:48.647,3570147328,17.75783614
08/28/2025 16:48:49.639,3569332224,18.8581295
08/28/2025 16:48:50.646,3570950144,14.63080275
08/28/2025 16:48:51.635,3570110464,17.07564642
08/28/2025 16:48:52.643,3570798592,14.36199245
08/28/2025 16:48:53.635,3567419392,17.70275497
08/28/2025 16:48:54.635,3568717824,23.86127841
08/28/2025 16:48:55.650,3582902272,31.85225852
08/28/2025 16:48:56.643,3583250432,11.85492792
08/28/2025 16:48:57.652,3582554112,19.91258262
08/28/2025 16:48:58.655,3581767680,15.22772602
08/28/2025 16:48:59.645,3581394944,15.37531828
08/28/2025 16:49:00.650,3582267392,21.8856534
08/28/2025 16:49:01.652,3571781632,21.25677996
08/28/2025 16:49:02.639,3570696192,14.49567599
08/28/2025 16:49:03.658,3559079936,12.65123045
08/28/2025 16:49:04.647,3558060032,13.50554732
08/28/2025 16:49:05.654,3558150144,17.73777669
08/28/2025 16:49:06.659,3556835328,11.38500572
08/28/2025 16:49:07.649,3557785600,15.12935985
08/28/2025 16:49:08.653,3579101184,19.952922
08/28/2025 16:49:09.648,3579330560,31.67464631
08/28/2025 16:49:10.655,3586781184,25.48258225
08/28/2025 16:49:11.651,3583356928,21.2273585
08/28/2025 16:49:12.642,3582611456,29.82366102
08/28/2025 16:49:13.645,3610456064,18.56865855
08/28/2025 16:49:14.643,3618951168,26.04199234
08/28/2025 16:49:15.655,3617882112,20.87790437
08/28/2025 16:49:16.640,3618209792,27.01654924
08/28/2025 16:49:17.638,3618402304,18.56611414
08/28/2025 16:49:18.643,3615670272,14.11674526
08/28/2025 16:49:19.649,3615023104,18.02222003
08/28/2025 16:49:20.638,3614203904,12.39321506
08/28/2025 16:49:21.655,3615268864,15.07064794
08/28/2025 16:49:22.646,3609927680,13.64692909
08/28/2025 16:49:23.647,3609931776,11.4735159
08/28/2025 16:49:24.651,3602587648,21.80835146
08/28/2025 16:49:25.637,3601440768,22.69244104
08/28/2025 16:49:26.642,3600011264,11.80516703
08/28/2025 16:49:27.653,3601547264,12.24818028
08/28/2025 16:49:28.643,3579666432,13.2528717
08/28/2025 16:49:29.648,3575496704,14.43882372
08/28/2025 16:49:30.640,3575836672,15.35469406
08/28/2025 16:49:31.647,3575181312,10.78594953
08/28/2025 16:49:32.650,3572154368,15.53469484
08/28/2025 16:49:33.641,3571060736,19.54009294
08/28/2025 16:49:34.648,3570999296,13.86702315
08/28/2025 16:49:35.655,3570262016,13.87686896
08/28/2025 16:49:36.643,3559702528,13.88555457
08/28/2025 16:49:37.648,3558129664,14.42135692
08/28/2025 16:49:38.654,3557703680,18.46765457
08/28/2025 16:49:39.645,3556958208,10.9430551
08/28/2025 16:49:40.635,3557109760,20.29970392
08/28/2025 16:49:41.644,3556470784,12.47021943
08/28/2025 16:49:42.649,3557347328,15.84792437
08/28/2025 16:49:43.648,3556605952,21.6340089
08/28/2025 16:49:44.663,3544387584,18.79276104
08/28/2025 16:49:45.654,3543216128,20.00616774
08/28/2025 16:49:46.660,3541217280,15.36272882
08/28/2025 16:49:47.649,3540398080,13.488272
08/28/2025 16:49:48.637,3540889600,19.33881463
08/28/2025 16:49:49.645,3541008384,11.99076037
08/28/2025 16:49:50.650,3541082112,20.71683621
08/28/2025 16:49:51.639,3540357120,13.16495561
08/28/2025 16:49:52.646,3538186240,14.5933196
08/28/2025 16:49:53.652,3535241216,18.46348098
08/28/2025 16:49:54.659,3536060416,10.39678505
08/28/2025 16:49:55.650,3534946304,17.26576548
08/28/2025 16:49:56.638,3535818752,11.05801458
08/28/2025 16:49:57.660,3534913536,11.29684261
08/28/2025 16:49:58.650,3534053376,18.71498589
08/28/2025 16:49:59.640,3533123584,12.41645003
08/28/2025 16:50:00.660,3536719872,18.38577651
08/28/2025 16:50:01.649,3533443072,15.48303741
08/28/2025 16:50:02.640,3530534912,15.29203764
08/28/2025 16:50:03.656,3533729792,16.54065891
08/28/2025 16:50:04.661,3532365824,13.32914121
08/28/2025 16:50:05.651,3532943360,16.33166497
08/28/2025 16:50:06.645,3542478848,21.8657288
08/28/2025 16:50:07.660,3541200896,19.17073771
08/28/2025 16:50:08.645,3544571904,18.69109078
08/28/2025 16:50:09.648,3540750336,13.92274217
08/28/2025 16:50:10.655,3540635648,15.44356796
08/28/2025 16:50:11.644,3541053440,15.06331994
08/28/2025 16:50:12.653,3540475904,17.13204895
08/28/2025 16:50:13.658,3541037056,11.03879875
08/28/2025 16:50:14.650,3540307968,14.54945974
08/28/2025 16:50:15.655,3541069824,14.87937007
08/28/2025 16:50:16.663,3540193280,14.68420473
08/28/2025 16:50:17.651,3540955136,14.65161015
08/28/2025 16:50:18.640,3540385792,11.51768706
08/28/2025 16:50:19.646,3540856832,11.87687271
08/28/2025 16:50:20.637,3540570112,15.26695269
08/28/2025 16:50:21.658,3541594112,16.16448943
08/28/2025 16:50:22.648,3540373504,13.62247049
08/28/2025 16:50:23.669,3540922368,20.02642125
08/28/2025 16:50:24.660,3540156416,12.0729867
08/28/2025 16:50:25.647,3541123072,15.69002492
08/28/2025 16:50:26.652,3540246528,16.81509549
08/28/2025 16:50:27.650,3540938752,13.51128641
08/28/2025 16:50:28.660,3539996672,12.98619204
08/28/2025 16:50:29.654,3545456640,26.6173356
08/28/2025 16:50:30.653,3545092096,15.98010639
08/28/2025 16:50:31.654,3545620480,17.52833185
08/28/2025 16:50:32.642,3544870912,9.070589207
08/28/2025 16:50:33.649,3545374720,14.24248478
08/28/2025 16:50:34.644,3536326656,14.00453325
08/28/2025 16:50:35.646,3537059840,14.62344768
08/28/2025 16:50:36.650,3538059264,15.24458379
08/28/2025 16:50:37.650,3528605696,16.78014281
08/28/2025 16:50:38.639,3528335360,17.47133025
08/28/2025 16:50:39.645,3527532544,14.92901559
08/28/2025 16:50:40.648,3528122368,20.5343205
08/28/2025 16:50:41.634,3527438336,14.44288298
08/28/2025 16:50:42.639,3527700480,15.30099756
08/28/2025 16:50:43.646,3526909952,10.74434657
08/28/2025 16:50:44.652,3527331840,19.58874584
08/28/2025 16:50:45.642,3526373376,15.57087446
08/28/2025 16:50:46.646,3522473984,14.46478069
08/28/2025 16:50:47.637,3521601536,13.67686787
08/28/2025 16:50:48.641,3522310144,14.34796965
08/28/2025 16:50:49.639,3522179072,14.68836339
08/28/2025 16:50:50.657,3549736960,23.27906974
08/28/2025 16:50:51.640,3578195968,48.34841564
08/28/2025 16:50:52.667,3551883264,30.74749408
08/28/2025 16:50:53.651,3578535936,53.141572
08/28/2025 16:50:54.641,3578941440,27.02429722
08/28/2025 16:50:55.652,3566936064,26.61626154
08/28/2025 16:50:56.649,3566903296,12.99181728
08/28/2025 16:50:57.638,3565117440,12.31246939
08/28/2025 16:50:58.644,3563823104,14.58779361
08/28/2025 16:50:59.650,3562721280,13.39163209
08/28/2025 16:51:00.652,3565686784,18.96036269
08/28/2025 16:51:01.639,3550343168,12.10961848
08/28/2025 16:51:02.644,3550806016,15.99616256
08/28/2025 16:51:03.636,3549888512,17.32340127
08/28/2025 16:51:04.641,3550674944,14.5045542
08/28/2025 16:51:05.645,3549356032,10.52380924
08/28/2025 16:51:06.651,3549175808,18.42124289
08/28/2025 16:51:07.650,3550310400,19.09300814
08/28/2025 16:51:08.640,3566215168,29.79499254
08/28/2025 16:51:09.647,3552854016,21.57767846
08/28/2025 16:51:10.652,3553181696,32.37952251
08/28/2025 16:51:11.641,3566882816,23.02049724
08/28/2025 16:51:12.648,3552780288,18.56186394
08/28/2025 16:51:13.652,3553103872,15.17363972
08/28/2025 16:51:14.654,3551444992,12.26179004
08/28/2025 16:51:15.643,3552018432,12.08527718
08/28/2025 16:51:16.645,3549941760,14.48279592
08/28/2025 16:51:17.650,3550461952,18.70913209
08/28/2025 16:51:18.637,3549773824,18.07568767
08/28/2025 16:51:19.639,3550142464,18.90557155
08/28/2025 16:51:20.646,3553095680,31.39853634
08/28/2025 16:51:21.654,3552866304,26.7485811
08/28/2025 16:51:22.652,3551907840,25.25043467
08/28/2025 16:51:23.649,3553579008,18.08941089
08/28/2025 16:51:24.648,3551838208,17.67805884
08/28/2025 16:51:25.647,3550654464,17.26445473
08/28/2025 16:51:26.658,3550777344,25.48707267
08/28/2025 16:51:27.654,3551584256,22.73231553
08/28/2025 16:51:28.647,3551559680,18.5210541
08/28/2025 16:51:29.641,3551690752,24.94417544
08/28/2025 16:51:30.653,3551559680,18.94225354
08/28/2025 16:51:31.661,3552178176,21.36582523
08/28/2025 16:51:32.639,3551428608,22.50558088
08/28/2025 16:51:33.653,3551141888,23.8360974
08/28/2025 16:51:34.642,3572232192,41.06883257
08/28/2025 16:51:35.657,3575402496,35.34403133
08/28/2025 16:51:36.647,3584712704,55.42446883
08/28/2025 16:51:37.640,3598262272,52.7669927
08/28/2025 16:51:38.658,3613450240,68.15924605
08/28/2025 16:51:39.769,3614625792,63.44147428
08/28/2025 16:51:40.642,3604971520,43.18623718
08/28/2025 16:51:41.649,3613245440,39.87389847
08/28/2025 16:51:42.647,3610394624,23.65685943
08/28/2025 16:51:43.655,3610509312,22.08069643
08/28/2025 16:51:44.644,3610857472,13.91765026
08/28/2025 16:51:45.640,3606138880,19.20161684
08/28/2025 16:51:46.646,3587112960,12.64012492
08/28/2025 16:51:47.640,3569643520,19.05063744
08/28/2025 16:51:48.643,3569242112,13.55982077
08/28/2025 16:51:49.641,3569385472,14.20755771
08/28/2025 16:51:50.645,3569799168,13.6551749
08/28/2025 16:51:51.639,3560337408,17.84869283
08/28/2025 16:51:52.660,3560239104,15.06306551
08/28/2025 16:51:53.648,3553656832,16.22820403
08/28/2025 16:51:54.639,3554373632,15.60646087
08/28/2025 16:51:55.648,3546927104,12.94631414
08/28/2025 16:51:56.638,3547537408,16.33757341
08/28/2025 16:51:57.644,3545833472,10.25362489
08/28/2025 16:51:58.651,3546435584,13.53174885
08/28/2025 16:51:59.656,3536855040,12.56120995
08/28/2025 16:52:00.642,3539972096,21.14461395
08/28/2025 16:52:01.649,3537047552,16.58243402
08/28/2025 16:52:02.651,3537752064,18.9365594
08/28/2025 16:52:03.642,3536523264,12.91155433
08/28/2025 16:52:04.649,3537969152,15.0312052
08/28/2025 16:52:05.639,3536465920,15.52385442
08/28/2025 16:52:06.645,3536855040,14.18120596
08/28/2025 16:52:07.635,3532963840,15.16564766
08/28/2025 16:52:08.640,3533246464,17.61067628
08/28/2025 16:52:09.648,3532115968,15.12734143
08/28/2025 16:52:10.638,3533033472,15.58518082
08/28/2025 16:52:11.644,3532075008,14.20676508
08/28/2025 16:52:12.649,3527823360,13.32883939
08/28/2025 16:52:13.638,3527077888,13.516801
08/28/2025 16:52:14.645,3526975488,11.94495559
08/28/2025 16:52:15.634,3527671808,14.28565795
08/28/2025 16:52:16.641,3526795264,11.88078727
08/28/2025 16:52:17.646,3527356416,11.38716583
08/28/2025 16:52:18.652,3526885376,16.93790555
08/28/2025 16:52:19.657,3527258112,12.18192012
08/28/2025 16:52:20.652,3526799360,18.66680534
08/28/2025 16:52:21.640,3527811072,15.0586811
08/28/2025 16:52:22.646,3526688768,12.23418983
08/28/2025 16:52:23.653,3527319552,15.0638112
08/28/2025 16:52:24.644,3526754304,15.22750007
08/28/2025 16:52:25.635,3527716864,14.05697599
08/28/2025 16:52:26.643,3526766592,15.49182628
08/28/2025 16:52:27.649,3527553024,11.0787436
08/28/2025 16:52:28.639,3526664192,18.76041633
08/28/2025 16:52:29.643,3527614464,17.12967067
08/28/2025 16:52:30.651,3526815744,14.34001786
08/28/2025 16:52:31.641,3527364608,13.61482232
08/28/2025 16:52:32.650,3526565888,13.27449346
08/28/2025 16:52:33.639,3527593984,13.91733699
08/28/2025 16:52:34.659,3526971392,16.90655088
08/28/2025 16:52:35.661,3527217152,20.23266153
08/28/2025 16:52:36.649,3526688768,19.95161971
08/28/2025 16:52:37.641,3527692288,16.0903169
08/28/2025 16:52:38.648,3527311360,10.02078979
08/28/2025 16:52:39.652,3527561216,18.67750547
08/28/2025 16:52:40.643,3526754304,13.28838203
08/28/2025 16:52:41.649,3527471104,20.04237909
08/28/2025 16:52:42.641,3525328896,14.95506705
08/28/2025 16:52:43.648,3525496832,12.66745986
08/28/2025 16:52:44.636,3526086656,20.58751123
08/28/2025 16:52:45.644,3525431296,13.57024311
08/28/2025 16:52:46.649,3525976064,16.81555904
08/28/2025 16:52:47.639,3517960192,17.55438098
08/28/2025 16:52:48.661,3517526016,12.39850285
08/28/2025 16:52:49.651,3515699200,16.3662078
08/28/2025 16:52:50.657,3516698624,15.34571604
08/28/2025 16:52:51.649,3516030976,18.48662373
08/28/2025 16:52:52.637,3516727296,15.85243135
08/28/2025 16:52:53.642,3516096512,15.96883034
08/28/2025 16:52:54.649,3516719104,13.11196115
08/28/2025 16:52:55.654,3515789312,18.04295756
08/28/2025 16:52:56.659,3516764160,12.48233528
08/28/2025 16:52:57.648,3515772928,16.34144429
08/28/2025 16:52:58.653,3516563456,17.94885349
08/28/2025 16:52:59.644,3514339328,13.68560376
08/28/2025 16:53:00.647,3515949056,16.68443235
08/28/2025 16:53:01.653,3514167296,16.4483939
08/28/2025 16:53:02.657,3515392000,17.9630211
08/28/2025 16:53:03.647,3514163200,13.99051006
08/28/2025 16:53:04.653,3515359232,18.43172338
08/28/2025 16:53:05.658,3513729024,13.74800268
08/28/2025 16:53:06.648,3514044416,18.64736172
08/28/2025 16:53:07.638,3513393152,16.37328522
08/28/2025 16:53:08.642,3514445824,16.40276878
08/28/2025 16:53:09.645,3514970112,18.92032408
08/28/2025 16:53:10.647,3515899904,16.64633357
08/28/2025 16:53:11.637,3514707968,15.52867743
08/28/2025 16:53:12.643,3515789312,11.42628519
08/28/2025 16:53:13.649,3514974208,13.86194111
08/28/2025 16:53:14.640,3514978304,15.62509873
08/28/2025 16:53:15.647,3515138048,16.20881508
08/28/2025 16:53:16.654,3514949632,18.12361324
08/28/2025 16:53:17.644,3515535360,15.19911621
08/28/2025 16:53:18.651,3515187200,15.40126413
08/28/2025 16:53:19.641,3515170816,15.95423557
08/28/2025 16:53:20.647,3514777600,15.35051262
08/28/2025 16:53:21.651,3515494400,17.95916048
08/28/2025 16:53:22.644,3514662912,15.04481556
08/28/2025 16:53:23.651,3515457536,14.98599628
08/28/2025 16:53:24.658,3514630144,15.44242608
08/28/2025 16:53:25.646,3515375616,14.65804147
08/28/2025 16:53:26.653,3514585088,18.88569826
08/28/2025 16:53:27.657,3515342848,13.98724437
08/28/2025 16:53:28.647,3514474496,13.25516583
08/28/2025 16:53:29.652,3515338752,18.70593659
08/28/2025 16:53:30.658,3514621952,8.777194239
08/28/2025 16:53:31.647,3515387904,10.71015874
08/28/2025 16:53:32.653,3514576896,15.76836644
08/28/2025 16:53:33.658,3515498496,11.01084167
08/28/2025 16:53:34.648,3514494976,14.37386301
08/28/2025 16:53:35.636,3514990592,21.72528973
08/28/2025 16:53:36.641,3513794560,14.13254033
08/28/2025 16:53:37.648,3515113472,14.64738731
08/28/2025 16:53:38.640,3514408960,15.7090713
08/28/2025 16:53:39.645,3515441152,14.06079786
08/28/2025 16:53:40.638,3514667008,17.38245459
08/28/2025 16:53:41.644,3515539456,13.82072365
08/28/2025 16:53:42.651,3514568704,17.383144
08/28/2025 16:53:43.656,3515543552,13.36316463
08/28/2025 16:53:44.647,3514720256,12.88328075
08/28/2025 16:53:45.651,3514974208,19.85360681
08/28/2025 16:53:46.656,3514949632,17.96621543
08/28/2025 16:53:47.647,3514593280,16.44683461
08/28/2025 16:53:48.638,3514834944,19.18197288
08/28/2025 16:53:49.645,3514773504,14.24958909
08/28/2025 16:53:50.651,3515322368,17.30173464
08/28/2025 16:53:51.655,3514839040,18.72593416
08/28/2025 16:53:52.661,3515273216,11.06500528
08/28/2025 16:53:53.637,3514675200,18.30623176
08/28/2025 16:53:54.657,3514720256,13.45193557
08/28/2025 16:53:55.646,3513847808,12.3860014
08/28/2025 16:53:56.650,3515392000,15.90865692
08/28/2025 16:53:57.640,3514834944,14.38515782
08/28/2025 16:53:58.646,3515514880,12.6030057
08/28/2025 16:53:59.653,3514654720,14.31346649
08/28/2025 16:54:00.658,3516518400,15.24705536
08/28/2025 16:54:01.646,3514691584,13.08100198
08/28/2025 16:54:02.650,3515375616,16.68251412
08/28/2025 16:54:03.642,3514564608,16.5307304
08/28/2025 16:54:04.662,3515273216,11.1675413
08/28/2025 16:54:05.650,3514486784,19.34451317
08/28/2025 16:54:06.639,3514130432,15.4302474
08/28/2025 16:54:07.646,3513012224,13.51400242
08/28/2025 16:54:08.651,3513880576,16.41877568
08/28/2025 16:54:09.658,3513077760,14.69180999
08/28/2025 16:54:10.647,3513802752,13.87542557
08/28/2025 16:54:11.654,3513040896,20.52827897
08/28/2025 16:54:12.642,3513344000,12.61265803
08/28/2025 16:54:13.634,3512537088,14.5012007
08/28/2025 16:54:14.656,3513266176,15.91688582
08/28/2025 16:54:15.647,3512373248,14.11552696
08/28/2025 16:54:16.651,3513094144,22.20595919
08/28/2025 16:54:17.643,3512123392,16.84807271
08/28/2025 16:54:18.648,3512647680,12.20563996
08/28/2025 16:54:19.652,3513421824,17.91705689
08/28/2025 16:54:20.644,3512696832,14.49150787
08/28/2025 16:54:21.650,3513643008,13.80372013
08/28/2025 16:54:22.642,3512406016,15.34784145
08/28/2025 16:54:23.648,3513298944,10.31565512
08/28/2025 16:54:24.656,3512524800,18.22775145
08/28/2025 16:54:25.646,3513430016,13.21152161
08/28/2025 16:54:26.653,3512524800,17.34695256
08/28/2025 16:54:27.641,3513270272,7.904960885
08/28/2025 16:54:28.648,3512336384,15.00659009
08/28/2025 16:54:29.654,3513229312,13.04607932
08/28/2025 16:54:30.659,3512786944,10.63970706
08/28/2025 16:54:31.650,3513548800,16.05088134
08/28/2025 16:54:32.640,3512778752,15.5546098
08/28/2025 16:54:33.645,3513602048,13.70403121
08/28/2025 16:54:34.649,3512373248,20.24812895
08/28/2025 16:54:35.635,3513401344,15.9880786
08/28/2025 16:54:36.640,3512352768,16.01475035
08/28/2025 16:54:37.660,3513339904,10.05111093
08/28/2025 16:54:38.649,3512471552,17.82955128
08/28/2025 16:54:39.652,3513323520,15.85579074
08/28/2025 16:54:40.659,3512573952,10.82451326
08/28/2025 16:54:41.647,3513151488,15.3416458
08/28/2025 16:54:42.654,3512250368,17.03184647
08/28/2025 16:54:43.644,3513147392,12.81429525
08/28/2025 16:54:44.634,3512311808,13.18809578
08/28/2025 16:54:45.640,3513167872,16.84170012
08/28/2025 16:54:46.649,3512246272,14.11939319
08/28/2025 16:54:47.640,3512983552,20.72339386
08/28/2025 16:54:48.645,3512299520,12.97866953
08/28/2025 16:54:49.653,3512598528,13.5944293
08/28/2025 16:54:50.657,3512713216,15.93573515
08/28/2025 16:54:51.649,3512483840,15.7275959
08/28/2025 16:54:52.639,3513188352,15.92350013
08/28/2025 16:54:53.661,3512815616,12.52431167
08/28/2025 16:54:54.650,3513135104,20.56022325
08/28/2025 16:54:55.657,3512504320,16.63236707
08/28/2025 16:54:56.647,3513323520,12.44480899
08/28/2025 16:54:57.638,3512709120,17.2007288
08/28/2025 16:54:58.645,3516674048,19.65312859
08/28/2025 16:54:59.652,3515596800,14.66627874
08/28/2025 16:55:00.655,3519643648,16.67106934
08/28/2025 16:55:01.660,3516416000,14.88922061
08/28/2025 16:55:02.649,3516440576,12.30568583
08/28/2025 16:55:03.639,3515236352,15.61433271
08/28/2025 16:55:04.648,3516723200,12.82337273
08/28/2025 16:55:05.654,3516067840,15.02415071
08/28/2025 16:55:06.643,3515969536,15.09738978
08/28/2025 16:55:07.635,3515760640,17.69539584
08/28/2025 16:55:08.640,3516784640,14.80086877
08/28/2025 16:55:09.648,3516858368,13.61558529
08/28/2025 16:55:10.653,3516833792,18.39634499
08/28/2025 16:55:11.643,3515953152,12.00079847
08/28/2025 16:55:12.649,3516465152,15.72404856
08/28/2025 16:55:13.639,3515658240,15.9862974
08/28/2025 16:55:14.660,3516002304,18.10131527
08/28/2025 16:55:15.650,3515277312,13.97762512
08/28/2025 16:55:16.639,3516096512,16.67637675
08/28/2025 16:55:17.661,3515088896,13.62643119
08/28/2025 16:55:18.637,3516473344,16.32066526
08/28/2025 16:55:19.643,3515392000,13.42895473
08/28/2025 16:55:20.649,3515977728,14.93402349
08/28/2025 16:55:21.640,3515162624,12.94133593
08/28/2025 16:55:22.648,3514859520,12.43726355
08/28/2025 16:55:23.637,3515539456,16.65558905
08/28/2025 16:55:24.644,3514830848,12.32921918
08/28/2025 16:55:25.648,3516059648,12.40674159
08/28/2025 16:55:26.654,3514777600,18.50997416
08/28/2025 16:55:27.660,3516178432,12.20608524
08/28/2025 16:55:28.651,3515305984,16.48347238
08/28/2025 16:55:29.654,3516088320,15.84801119
08/28/2025 16:55:30.645,3515863040,16.78845912
08/28/2025 16:55:31.652,3516067840,16.60075907
08/28/2025 16:55:32.658,3515338752,10.72722084
08/28/2025 16:55:33.646,3516157952,14.21272939
08/28/2025 16:55:34.652,3515187200,15.73287063
08/28/2025 16:55:35.641,3515813888,16.24757162
08/28/2025 16:55:36.644,3515060224,13.17151016
08/28/2025 16:55:37.651,3516010496,15.81842336
08/28/2025 16:55:38.657,3515215872,12.9812312
08/28/2025 16:55:39.646,3515539456,10.42985686
08/28/2025 16:55:40.654,3515469824,19.34724174
08/28/2025 16:55:41.643,3515461632,11.17633178
08/28/2025 16:55:42.650,3514654720,12.64802595
08/28/2025 16:55:43.652,3556892672,50.52546296
08/28/2025 16:55:44.649,3543171072,19.69868857
08/28/2025 16:55:45.635,3534737408,14.3501969
08/28/2025 16:55:46.640,3533099008,15.26484137
08/28/2025 16:55:47.662,3533410304,12.91290528
08/28/2025 16:55:48.651,3533336576,16.66536575
08/28/2025 16:55:49.639,3557556224,36.69958525
08/28/2025 16:55:50.657,3555233792,7.908684314
08/28/2025 16:55:51.649,3564122112,29.12380747
08/28/2025 16:55:52.645,3562291200,20.43714935
08/28/2025 16:55:53.639,3583422464,24.90799869
08/28/2025 16:55:54.652,3583479808,19.37811619
08/28/2025 16:55:55.641,3581431808,11.13653837
08/28/2025 16:55:56.647,3582328832,14.61155623
08/28/2025 16:55:57.639,3581456384,18.84385747
08/28/2025 16:55:58.645,3580280832,16.14933498
08/28/2025 16:55:59.652,3578585088,16.96306249
08/28/2025 16:56:00.639,3583680512,15.13313187
08/28/2025 16:56:01.644,3579035648,16.60480562
08/28/2025 16:56:02.634,3579043840,16.39305004
08/28/2025 16:56:03.641,3564515328,15.84119862
08/28/2025 16:56:04.646,3564683264,12.55455476
08/28/2025 16:56:05.636,3563413504,20.64618951
08/28/2025 16:56:06.642,3563986944,18.18049772
08/28/2025 16:56:07.647,3563073536,14.70343889
08/28/2025 16:56:08.653,3563593728,19.24938602
08/28/2025 16:56:09.642,3562582016,12.72778536
08/28/2025 16:56:10.647,3564843008,12.89373773
08/28/2025 16:56:11.652,3563724800,18.77751336
08/28/2025 16:56:12.641,3563110400,13.50915022
08/28/2025 16:56:13.649,3562471424,17.49936466
08/28/2025 16:56:14.641,3562967040,15.29477002
08/28/2025 16:56:15.664,3560906752,14.4542248
08/28/2025 16:56:16.654,3561603072,16.39765852
08/28/2025 16:56:17.644,3561234432,13.20901481
08/28/2025 16:56:18.649,3561750528,18.35883963
08/28/2025 16:56:19.639,3560730624,18.34701195
08/28/2025 16:56:20.644,3561078784,13.26981305
08/28/2025 16:56:21.635,3560337408,16.4465227
08/28/2025 16:56:22.643,3560816640,18.98580605
08/28/2025 16:56:23.649,3560079360,15.79346769
08/28/2025 16:56:24.654,3560452096,18.71175641
08/28/2025 16:56:25.660,3561037824,16.52476883
08/28/2025 16:56:26.651,3560185856,12.91805514
08/28/2025 16:56:27.641,3560992768,15.12239353
08/28/2025 16:56:28.647,3560177664,12.31911853
08/28/2025 16:56:29.651,3561345024,15.94219214
08/28/2025 16:56:30.656,3560214528,15.25162697
08/28/2025 16:56:31.645,3558723584,11.50508709
08/28/2025 16:56:32.652,3558076416,18.18664952
08/28/2025 16:56:33.657,3558883328,10.98022716
08/28/2025 16:56:34.645,3557879808,16.15555939
08/28/2025 16:56:35.646,3558346752,20.42732337
08/28/2025 16:56:36.634,3558121472,24.09506132
08/28/2025 16:56:37.639,3558780928,15.99851261
08/28/2025 16:56:38.661,3557986304,11.74827559
08/28/2025 16:56:39.650,3558801408,17.0388719
08/28/2025 16:56:40.638,3558150144,17.40942142
08/28/2025 16:56:41.659,3559096320,14.68462465
08/28/2025 16:56:42.649,3558076416,14.7111901
08/28/2025 16:56:43.639,3559006208,15.57321087
08/28/2025 16:56:44.644,3557908480,14.90979064
08/28/2025 16:56:45.651,3558588416,17.33648264
08/28/2025 16:56:46.658,3557183488,17.74102067
08/28/2025 16:56:47.649,3557838848,12.91583137
08/28/2025 16:56:48.640,3557167104,13.29920353
08/28/2025 16:56:49.660,3558154240,17.63275437
08/28/2025 16:56:50.650,3552763904,18.75582308
08/28/2025 16:56:51.639,3547570176,16.68854528
08/28/2025 16:56:52.646,3546714112,14.23105067
08/28/2025 16:56:53.652,3547394048,18.81744258
08/28/2025 16:56:54.643,3546578944,14.09423942
08/28/2025 16:56:55.650,3546501120,15.0649174
08/28/2025 16:56:56.656,3547279360,18.04231195
08/28/2025 16:56:57.647,3522752512,15.64145543
08/28/2025 16:56:58.654,3523629056,18.55375395
08/28/2025 16:56:59.660,3522428928,15.37769979
08/28/2025 16:57:00.650,3525693440,16.758131
08/28/2025 16:57:01.643,3522777088,16.94522601
08/28/2025 16:57:02.650,3523465216,15.44889074
08/28/2025 16:57:03.638,3522965504,15.03302947
08/28/2025 16:57:04.644,3524005888,13.37569876
08/28/2025 16:57:05.651,3520823296,18.52708389
08/28/2025 16:57:06.655,3521536000,15.24300629
08/28/2025 16:57:07.645,3520765952,14.76265377
08/28/2025 16:57:08.636,3521912832,18.01971966
08/28/2025 16:57:09.642,3522576384,13.79482594
08/28/2025 16:57:10.647,3522945024,13.69387097
08/28/2025 16:57:11.654,3522191360,18.11638376
08/28/2025 16:57:12.643,3522744320,15.09493495
08/28/2025 16:57:13.650,3522084864,15.09253416
08/28/2025 16:57:14.638,3522109440,15.37908752
08/28/2025 16:57:15.659,3522715648,15.45663952
08/28/2025 16:57:16.639,3533594624,33.82948485
08/28/2025 16:57:17.745,3549536256,35.76061197
08/28/2025 16:57:18.755,3587346432,76.37320861
08/28/2025 16:57:19.647,3595853824,27.32738956
08/28/2025 16:57:20.649,3595538432,15.4380881
08/28/2025 16:57:21.651,3594407936,13.78711215
08/28/2025 16:57:22.640,3594416128,17.88817066
08/28/2025 16:57:23.645,3594854400,13.66755317
08/28/2025 16:57:24.650,3595677696,20.72334335
08/28/2025 16:57:25.639,3593605120,17.10161633
08/28/2025 16:57:26.659,3594690560,16.07608268
08/28/2025 16:57:27.648,3592937472,16.48759085
08/28/2025 16:57:28.650,3576905728,19.52208357
08/28/2025 16:57:29.640,3565355008,19.06560216
08/28/2025 16:57:30.660,3561807872,13.48425941
08/28/2025 16:57:31.642,3561873408,16.07643367
08/28/2025 16:57:32.648,3560935424,13.83433876
08/28/2025 16:57:33.655,3561185280,18.91803474
08/28/2025 16:57:34.661,3557859328,14.19349632
08/28/2025 16:57:35.648,3559161856,23.16722432
08/28/2025 16:57:36.639,3543998464,20.75639275
08/28/2025 16:57:37.646,3544637440,11.9749894
08/28/2025 16:57:38.654,3543851008,15.16883358
08/28/2025 16:57:39.643,3542691840,19.3881073
08/28/2025 16:57:40.650,3541975040,16.22573686
08/28/2025 16:57:41.636,3543437312,27.92169641
08/28/2025 16:57:42.637,3542536192,19.54090509
08/28/2025 16:57:43.659,3542671360,15.17285297
08/28/2025 16:57:44.649,3541843968,15.53765615
08/28/2025 16:57:45.655,3542515712,16.17719114
08/28/2025 16:57:46.661,3541544960,14.96887628
08/28/2025 16:57:47.651,3542102016,17.10787382
08/28/2025 16:57:48.654,3540840448,18.22118485
08/28/2025 16:57:49.660,3536093184,13.4279481
08/28/2025 16:57:50.650,3535155200,15.14499921
08/28/2025 16:57:51.655,3538169856,16.82057503
08/28/2025 16:57:52.643,3537076224,20.91998226
08/28/2025 16:57:53.662,3537580032,16.04582466
08/28/2025 16:57:54.651,3536453632,21.80201521
08/28/2025 16:57:55.641,3537174528,29.75862373
08/28/2025 16:57:56.648,3536412672,10.78071363
08/28/2025 16:57:57.653,3536953344,19.53458671
08/28/2025 16:57:58.638,3535241216,17.91973531
08/28/2025 16:57:59.653,3536007168,26.86287494
08/28/2025 16:58:00.649,3553640448,19.25351439
08/28/2025 16:58:01.657,3554836480,24.5051353
08/28/2025 16:58:02.645,3556536320,20.81618571
08/28/2025 16:58:03.640,3555655680,18.33826972
08/28/2025 16:58:04.649,3555897344,10.64020327
08/28/2025 16:58:05.651,3555463168,20.47195373
08/28/2025 16:58:06.652,3556626432,17.2117404
08/28/2025 16:58:07.642,3570012160,35.30310162
08/28/2025 16:58:08.644,3588218880,39.58490948
08/28/2025 16:58:09.653,3587928064,34.92633661
08/28/2025 16:58:10.649,3589746688,24.33046208
08/28/2025 16:58:11.645,3588333568,23.10208668
08/28/2025 16:58:12.651,3591655424,36.75875493
08/28/2025 16:58:13.642,3589562368,27.08641152
08/28/2025 16:58:14.656,3589685248,21.80304617
08/28/2025 16:58:15.653,3589754880,21.1876436
08/28/2025 16:58:16.649,3589287936,16.06276203
08/28/2025 16:58:17.640,3574022144,29.06495274
08/28/2025 16:58:18.653,3577307136,40.60208907
08/28/2025 16:58:19.647,3584483328,51.26691925
08/28/2025 16:58:20.657,3587260416,40.46666514
08/28/2025 16:58:21.656,3585736704,19.80949102
08/28/2025 16:58:22.655,3585511424,15.14094169
08/28/2025 16:58:23.653,3583107072,11.61075602
08/28/2025 16:58:24.651,3574951936,16.64241673
08/28/2025 16:58:25.649,3573997568,13.82575349
08/28/2025 16:58:26.637,3566469120,18.18090014
08/28/2025 16:58:27.645,3565654016,11.64523054
08/28/2025 16:58:28.634,3531186176,16.25253493
08/28/2025 16:58:29.641,3530407936,18.94145144
08/28/2025 16:58:30.648,3529900032,15.78454274
08/28/2025 16:58:31.639,3528806400,13.33932534
08/28/2025 16:58:32.659,3529039872,13.80051764
08/28/2025 16:58:33.650,3527237632,16.05523641
08/28/2025 16:58:34.639,3525992448,14.31106314
08/28/2025 16:58:35.659,3526402048,17.25781768
08/28/2025 16:58:36.647,3525955584,15.39912737
08/28/2025 16:58:37.653,3526500352,21.177907
08/28/2025 16:58:38.643,3526217728,16.34565284
08/28/2025 16:58:39.648,3526041600,18.7603284
08/28/2025 16:58:40.640,3518771200,18.47333424
08/28/2025 16:58:41.645,3518283776,14.86785825
08/28/2025 16:58:42.651,3517427712,18.8730515
08/28/2025 16:58:43.638,3518169088,21.22746894
08/28/2025 16:58:44.646,3517317120,12.78833156
08/28/2025 16:58:45.636,3518070784,17.19251261
08/28/2025 16:58:46.659,3517100032,12.13498765
08/28/2025 16:58:47.648,3517833216,13.94703508
08/28/2025 16:58:48.639,3516760064,16.58507743
08/28/2025 16:58:49.646,3517476864,13.67140346
08/28/2025 16:58:50.636,3516227584,19.91889373
08/28/2025 16:58:51.656,3517136896,16.12572562
08/28/2025 16:58:52.662,3516153856,12.24260897
08/28/2025 16:58:53.652,3516903424,21.08569119
08/28/2025 16:58:54.659,3516178432,14.30563127
08/28/2025 16:58:55.648,3516977152,17.45248827
08/28/2025 16:58:56.640,3516145664,18.50222347
08/28/2025 16:58:57.646,3517026304,16.45995444
08/28/2025 16:58:58.634,3516223488,10.31773267
08/28/2025 16:58:59.639,3516878848,13.27734367
08/28/2025 16:59:00.663,3517308928,17.25961469
08/28/2025 16:59:01.647,3515396096,15.41068099
08/28/2025 16:59:02.655,3514826752,14.00064322
08/28/2025 16:59:03.660,3515916288,15.2304686
08/28/2025 16:59:04.648,3514978304,14.63574783
08/28/2025 16:59:05.637,3515592704,18.25948174
08/28/2025 16:59:06.643,3513511936,14.92649599
08/28/2025 16:59:07.649,3512029184,15.72057799
08/28/2025 16:59:08.654,3512381440,15.64242602
08/28/2025 16:59:09.645,3511615488,12.55888143
08/28/2025 16:59:10.654,3512537088,15.20093749
08/28/2025 16:59:11.642,3511627776,14.56076029
08/28/2025 16:59:12.648,3512029184,11.11084613
08/28/2025 16:59:13.656,3511488512,17.45952966
08/28/2025 16:59:14.645,3512143872,10.34713037
08/28/2025 16:59:15.651,3511422976,16.90368118
08/28/2025 16:59:16.640,3512254464,10.75488491
08/28/2025 16:59:17.648,3511267328,12.79636893
08/28/2025 16:59:18.654,3511906304,18.03295693
08/28/2025 16:59:19.644,3511545856,16.41537027
08/28/2025 16:59:20.650,3512717312,18.81680483
08/28/2025 16:59:21.655,3511468032,16.04512698
08/28/2025 16:59:22.646,3512274944,16.38282686
08/28/2025 16:59:23.650,3511287808,20.30755953
08/28/2025 16:59:24.654,3512184832,16.35400152
08/28/2025 16:59:25.646,3511545856,13.69725605
08/28/2025 16:59:26.651,3512348672,18.42027745
08/28/2025 16:59:27.640,3503075328,17.80938596
08/28/2025 16:59:28.646,3503009792,14.60559136
08/28/2025 16:59:29.651,3502170112,15.2789114
08/28/2025 16:59:30.656,3503714304,14.11965869
08/28/2025 16:59:31.650,3503030272,18.61786371
08/28/2025 16:59:32.638,3503661056,12.58733229
08/28/2025 16:59:33.644,3502800896,13.08311668
08/28/2025 16:59:34.651,3503235072,14.59423628
08/28/2025 16:59:35.658,3502419968,20.10557903
08/28/2025 16:59:36.647,3503030272,13.48407376
08/28/2025 16:59:37.633,3502190592,16.86802445
08/28/2025 16:59:38.640,3503116288,15.80168979
08/28/2025 16:59:39.645,3501645824,13.74855172
08/28/2025 16:59:40.654,3501211648,14.77225958
08/28/2025 16:59:41.645,3500625920,14.87796906
08/28/2025 16:59:42.635,3499237376,15.14972445
08/28/2025 16:59:43.654,3499229184,15.6705612
08/28/2025 16:59:44.660,3498971136,17.26421138
08/28/2025 16:59:45.651,3499978752,18.82562551
08/28/2025 16:59:46.639,3498962944,14.24315956
08/28/2025 16:59:47.646,3499298816,13.06854908
08/28/2025 16:59:48.653,3498053632,15.41446552
08/28/2025 16:59:49.642,3499290624,11.16181301
08/28/2025 16:59:50.633,3498299392,18.01635294
08/28/2025 16:59:51.640,3499302912,19.29314102
08/28/2025 16:59:52.646,3498254336,17.34266637
08/28/2025 16:59:53.652,3499204608,14.94742008
08/28/2025 16:59:54.660,3498217472,15.49466083
08/28/2025 16:59:55.651,3498807296,12.69147216
08/28/2025 16:59:56.642,3497897984,12.68970908
08/28/2025 16:59:57.649,3498622976,11.55673552
08/28/2025 16:59:58.638,3498082304,15.89405152
08/28/2025 16:59:59.643,3498958848,14.06168759
08/28/2025 17:00:00.647,3500400640,17.14270805
08/28/2025 17:00:01.649,3504095232,22.86128471
08/28/2025 17:00:02.649,3499114496,21.08380656
08/28/2025 17:00:03.652,3499638784,22.84421692
08/28/2025 17:00:04.642,3498971136,12.78892895
08/28/2025 17:00:05.645,3501203456,14.35325357
08/28/2025 17:00:06.634,3499409408,17.48127171
08/28/2025 17:00:07.655,3500179456,18.90204062
08/28/2025 17:00:08.646,3499044864,15.61291861
08/28/2025 17:00:09.636,3501080576,22.65034349
08/28/2025 17:00:10.641,3499962368,17.21553758
08/28/2025 17:00:11.648,3500408832,16.20234073
08/28/2025 17:00:12.653,3500167168,18.7803477
08/28/2025 17:00:13.645,3499663360,11.79215853
08/28/2025 17:00:14.653,3500371968,13.9622901
08/28/2025 17:00:15.658,3499438080,12.94560533
08/28/2025 17:00:16.646,3500064768,13.01999242
08/28/2025 17:00:17.651,3499282432,18.3531109
08/28/2025 17:00:18.656,3499708416,14.11274785
08/28/2025 17:00:19.646,3499565056,14.02481053
08/28/2025 17:00:20.635,3500204032,17.40099857
08/28/2025 17:00:21.643,3499474944,15.55108566
08/28/2025 17:00:22.664,3500232704,15.77926391
08/28/2025 17:00:23.639,3499446272,17.10971864
08/28/2025 17:00:24.643,3500105728,16.31587863
08/28/2025 17:00:25.649,3499864064,14.62296608
08/28/2025 17:00:26.639,3500548096,15.97365711
08/28/2025 17:00:27.646,3500011520,15.00316005
08/28/2025 17:00:28.651,3500408832,21.896532
08/28/2025 17:00:29.657,3499495424,13.77346555
08/28/2025 17:00:30.646,3500146688,16.2973897
08/28/2025 17:00:31.653,3499675648,17.35528382
08/28/2025 17:00:32.643,3500195840,12.84484733
08/28/2025 17:00:33.651,3499438080,18.60042697
08/28/2025 17:00:34.638,3500187648,17.63189415
08/28/2025 17:00:35.643,3499593728,17.64832351
08/28/2025 17:00:36.648,3499094016,16.05954296
08/28/2025 17:00:37.640,3498872832,19.62482609
08/28/2025 17:00:38.645,3499696128,15.24668421
08/28/2025 17:00:39.635,3499069440,14.8321727
08/28/2025 17:00:40.657,3499778048,17.0344162
08/28/2025 17:00:41.645,3499319296,13.03542225
08/28/2025 17:00:42.651,3498639360,17.6797013
08/28/2025 17:00:43.641,3499642880,17.51911422
08/28/2025 17:00:44.647,3498778624,14.19457093
08/28/2025 17:00:45.652,3499487232,16.17550896
08/28/2025 17:00:46.658,3498651648,15.24817722
08/28/2025 17:00:47.650,3499819008,15.67308652
08/28/2025 17:00:48.638,3498328064,18.21120669
08/28/2025 17:00:49.662,3499175936,9.968827607
08/28/2025 17:00:50.654,3498344448,17.26407155
08/28/2025 17:00:51.644,3499274240,12.77500516
08/28/2025 17:00:52.652,3498553344,17.08835581
08/28/2025 17:00:53.640,3499339776,11.81776971
08/28/2025 17:00:54.662,3498364928,11.75098457
08/28/2025 17:00:55.651,3498471424,17.07314829
08/28/2025 17:00:56.643,3497639936,14.49523405
08/28/2025 17:00:57.648,3498344448,11.7996479
08/28/2025 17:00:58.654,3497750528,19.20528629
08/28/2025 17:00:59.644,3498471424,13.25768748
08/28/2025 17:01:00.650,3500318720,18.05210026
08/28/2025 17:01:01.655,3498647552,17.60916804
08/28/2025 17:01:02.647,3497742336,11.77260038
08/28/2025 17:01:03.652,3498536960,24.19435225
08/28/2025 17:01:04.661,3497725952,11.01128032
08/28/2025 17:01:05.653,3498971136,17.23700094
08/28/2025 17:01:06.643,3496460288,15.1695052
08/28/2025 17:01:07.649,3496538112,16.18581746
08/28/2025 17:01:08.655,3495825408,16.51720965
08/28/2025 17:01:09.646,3496374272,14.45856193
08/28/2025 17:01:10.638,3495911424,16.48966257
08/28/2025 17:01:11.644,3496550400,12.67848795
08/28/2025 17:01:12.651,3495636992,16.18899776
08/28/2025 17:01:13.643,3495641088,12.60536612
08/28/2025 17:01:14.649,3496488960,11.80590388
08/28/2025 17:01:15.639,3495542784,14.39663838
08/28/2025 17:01:16.645,3495677952,13.39175397
08/28/2025 17:01:17.653,3494928384,17.04846082
08/28/2025 17:01:18.659,3495231488,13.04047087
08/28/2025 17:01:19.649,3495534592,12.41622888
08/28/2025 17:01:20.654,3495702528,17.62842679
08/28/2025 17:01:21.659,3495006208,14.50651044
08/28/2025 17:01:22.648,3495763968,17.37396363
08/28/2025 17:01:23.640,3494932480,19.69705016
08/28/2025 17:01:24.646,3495636992,16.16757186
08/28/2025 17:01:25.652,3494862848,16.90289646
08/28/2025 17:01:26.641,3495698432,17.39469041
08/28/2025 17:01:27.647,3494920192,13.80653024
08/28/2025 17:01:28.652,3495530496,17.26826714
08/28/2025 17:01:29.644,3494653952,14.13018904
08/28/2025 17:01:30.651,3495514112,20.49945148
08/28/2025 17:01:31.658,3494891520,11.15897577
08/28/2025 17:01:32.646,3495407616,15.00905676
08/28/2025 17:01:33.653,3494973440,15.00372586
08/28/2025 17:01:34.659,3495387136,12.25816923
08/28/2025 17:01:35.650,3494924288,17.19384169
08/28/2025 17:01:36.655,3495149568,12.95968601
08/28/2025 17:01:37.643,3494977536,15.79638954
08/28/2025 17:01:38.649,3496005632,11.88986616
08/28/2025 17:01:39.656,3495018496,16.59492827
08/28/2025 17:01:40.660,3495010304,15.18752042
08/28/2025 17:01:41.648,3493986304,14.97839037
08/28/2025 17:01:42.639,3494977536,16.81719029
08/28/2025 17:01:43.646,3494494208,11.11535839
08/28/2025 17:01:44.652,3494899712,21.19338595
08/28/2025 17:01:45.658,3494436864,16.16204082
08/28/2025 17:01:46.649,3494232064,12.83088856
08/28/2025 17:01:47.639,3495362560,20.30289169
08/28/2025 17:01:48.646,3494424576,11.97022796
08/28/2025 17:01:49.651,3495383040,25.77028273
08/28/2025 17:01:50.658,3494457344,11.9161251
08/28/2025 17:01:51.646,3495231488,13.80108796
08/28/2025 17:01:52.654,3494514688,14.74209925
08/28/2025 17:01:53.643,3494801408,16.32869775
08/28/2025 17:01:54.649,3494309888,16.50686024
08/28/2025 17:01:55.639,3494678528,10.81528205
08/28/2025 17:01:56.645,3493318656,12.62911445
08/28/2025 17:01:57.650,3493502976,16.4167444
08/28/2025 17:01:58.639,3494334464,14.74141412
08/28/2025 17:01:59.645,3493879808,14.55325484
08/28/2025 17:02:00.649,3495350272,17.92369586
08/28/2025 17:02:01.638,3493801984,18.59006156
08/28/2025 17:02:02.645,3492773888,14.31507248
08/28/2025 17:02:03.651,3493695488,19.22622602
08/28/2025 17:02:04.643,3492945920,12.52569948
08/28/2025 17:02:05.649,3493781504,16.20222422
08/28/2025 17:02:06.655,3491860480,16.44230068
08/28/2025 17:02:07.659,3493490688,14.06938502
08/28/2025 17:02:08.649,3494395904,15.94885437
08/28/2025 17:02:09.646,3517685760,28.0121879
08/28/2025 17:02:10.652,3516923904,16.79085929
08/28/2025 17:02:11.640,3517759488,15.3887832
08/28/2025 17:02:12.647,3509530624,15.01438202
08/28/2025 17:02:13.652,3510272000,21.92835781
08/28/2025 17:02:14.642,3509448704,15.13057619
08/28/2025 17:02:15.649,3509854208,17.0144099
08/28/2025 17:02:16.655,3509608448,17.25272646
08/28/2025 17:02:17.646,3509387264,11.3440296
08/28/2025 17:02:18.652,3505393664,18.42081291
08/28/2025 17:02:19.641,3508666368,14.7117591
08/28/2025 17:02:20.647,3505401856,10.28263529
08/28/2025 17:02:21.638,3505074176,16.08779509
08/28/2025 17:02:22.659,3489996800,14.2301242
08/28/2025 17:02:23.650,3489120256,15.50793407
08/28/2025 17:02:24.637,3490951168,21.87320237
08/28/2025 17:02:25.646,3490148352,11.6934745
08/28/2025 17:02:26.638,3525570560,44.4784572
08/28/2025 17:02:27.650,3517157376,23.9732709
08/28/2025 17:02:28.646,3509932032,24.71657295
08/28/2025 17:02:29.652,3507367936,15.27476422
08/28/2025 17:02:30.639,3507994624,18.12934732
08/28/2025 17:02:31.658,3508699136,14.53480791
08/28/2025 17:02:32.646,3508441088,14.16801196
08/28/2025 17:02:33.652,3507703808,16.5385892
08/28/2025 17:02:34.653,3508305920,20.00737612
08/28/2025 17:02:35.657,3508105216,16.32639215
08/28/2025 17:02:36.644,3509174272,18.85321745
08/28/2025 17:02:37.651,3507888128,16.19875361
08/28/2025 17:02:38.641,3509112832,12.43511047
08/28/2025 17:02:39.647,3508076544,14.58186787
08/28/2025 17:02:40.653,3509432320,20.35887677
08/28/2025 17:02:41.659,3507908608,13.07175316
08/28/2025 17:02:42.650,3508703232,16.76810891
08/28/2025 17:02:43.657,3508027392,13.96689086
08/28/2025 17:02:44.647,3508703232,13.95257402
08/28/2025 17:02:45.638,3507994624,16.43236615
08/28/2025 17:02:46.646,3508011008,15.50577912
08/28/2025 17:02:47.652,3507183616,14.59002616
08/28/2025 17:02:48.641,3508043776,16.24471703
08/28/2025 17:02:49.647,3506556928,16.11438866
08/28/2025 17:02:50.652,3506565120,19.53692478
08/28/2025 17:02:51.656,3507826688,14.47502118
08/28/2025 17:02:52.647,3507191808,15.21149583
08/28/2025 17:02:53.652,3508363264,22.64426857
08/28/2025 17:02:54.643,3507335168,10.10365749
08/28/2025 17:02:55.634,3507949568,15.2542402
08/28/2025 17:02:56.641,3507191808,12.78727452
08/28/2025 17:02:57.647,3507589120,15.32700419
08/28/2025 17:02:58.655,3505463296,15.52881134
08/28/2025 17:02:59.643,3506302976,13.36467847
08/28/2025 17:03:00.648,3509067776,15.26508589
08/28/2025 17:03:01.638,3506098176,20.53155846
08/28/2025 17:03:02.645,3505307648,15.59351117
08/28/2025 17:03:03.650,3506237440,15.26373681
08/28/2025 17:03:04.641,3505274880,14.49591542
08/28/2025 17:03:05.648,3505979392,11.92342954
08/28/2025 17:03:06.652,3504132096,24.54295872
08/28/2025 17:03:07.658,3503927296,15.75257747
08/28/2025 17:03:08.647,3503677440,13.05344172
08/28/2025 17:03:09.654,3503497216,17.75423092
08/28/2025 17:03:10.644,3503218688,14.81614523
08/28/2025 17:03:11.646,3503755264,20.45089158
08/28/2025 17:03:12.655,3502788608,29.52471992
08/28/2025 17:03:13.644,3503603712,15.49475958
08/28/2025 17:03:14.635,3502891008,16.06332219
08/28/2025 17:03:15.641,3503554560,18.04387844
08/28/2025 17:03:16.647,3502632960,13.43685939
08/28/2025 17:03:17.651,3503218688,15.58829296
08/28/2025 17:03:18.641,3502383104,15.97779635
08/28/2025 17:03:19.647,3503374336,16.11765777
08/28/2025 17:03:20.638,3502555136,16.7981291
08/28/2025 17:03:21.644,3503321088,13.82243648
08/28/2025 17:03:22.650,3502501888,18.07386325
08/28/2025 17:03:23.640,3502358528,14.36651027
08/28/2025 17:03:24.646,3503190016,13.74261488
08/28/2025 17:03:25.651,3502424064,19.19154548
08/28/2025 17:03:26.656,3503005696,15.61982707
08/28/2025 17:03:27.647,3497754624,12.89583414
08/28/2025 17:03:28.635,3492651008,18.575176
08/28/2025 17:03:29.659,3491745792,16.83137209
08/28/2025 17:03:30.648,3492483072,13.12420668
08/28/2025 17:03:31.655,3491831808,16.97728851
08/28/2025 17:03:32.645,3492671488,13.24361516
08/28/2025 17:03:33.651,3492179968,22.68647617
08/28/2025 17:03:34.641,3492560896,13.56491442
08/28/2025 17:03:35.649,3491643392,16.30571906
08/28/2025 17:03:36.654,3492139008,14.90082675
08/28/2025 17:03:37.654,3529302016,21.88539705
08/28/2025 17:03:38.651,3532648448,16.49541174
08/28/2025 17:03:39.648,3532132352,22.8297902
08/28/2025 17:03:40.663,3527331840,31.89224769
08/28/2025 17:03:41.656,3526500352,42.95019741
08/28/2025 17:03:42.657,3679014912,45.00647105
08/28/2025 17:03:43.648,3678433280,13.65552151
08/28/2025 17:03:44.635,3678097408,13.7349246
08/28/2025 17:03:45.640,3677360128,9.853192754
08/28/2025 17:03:46.644,3678179328,10.90052473
08/28/2025 17:03:47.652,3676995584,16.28182766
08/28/2025 17:03:48.641,3677011968,13.11566053
08/28/2025 17:03:49.650,3676368896,14.4007052
08/28/2025 17:03:50.656,3677511680,15.33894942
08/28/2025 17:03:51.648,3668967424,19.7079733
08/28/2025 17:03:52.639,3669921792,18.41485672
08/28/2025 17:03:53.647,3668860928,14.74407846
08/28/2025 17:03:54.654,3669057536,21.21936165
08/28/2025 17:03:55.646,3668189184,13.73099807
08/28/2025 17:03:56.636,3668414464,18.74816923
08/28/2025 17:03:57.641,3662409728,18.3721142
08/28/2025 17:03:58.647,3662204928,13.84765001
08/28/2025 17:03:59.636,3663163392,16.66704076
08/28/2025 17:04:00.644,3664367616,15.06746402
08/28/2025 17:04:01.649,3664101376,14.55458017
08/28/2025 17:04:02.656,3663319040,14.27222163
08/28/2025 17:04:03.645,3664347136,15.03033021
08/28/2025 17:04:04.652,3663183872,17.35399498
08/28/2025 17:04:05.658,3662446592,15.77738008
08/28/2025 17:04:06.648,3660750848,17.14340719
08/28/2025 17:04:07.636,3661512704,16.94651946
08/28/2025 17:04:08.644,3660746752,15.89910349
08/28/2025 17:04:09.649,3660079104,18.82481416
08/28/2025 17:04:10.656,3659255808,17.31936202
08/28/2025 17:04:11.646,3659829248,13.62397196
08/28/2025 17:04:12.652,3650220032,17.69341389
08/28/2025 17:04:13.642,3648696320,19.10578489
08/28/2025 17:04:14.648,3647717376,14.58564584
08/28/2025 17:04:15.638,3645599744,19.07235827
08/28/2025 17:04:16.663,3644489728,11.17767738
08/28/2025 17:04:17.651,3644211200,17.39965485
08/28/2025 17:04:18.642,3643682816,13.69403313
08/28/2025 17:04:19.649,3642339328,16.98854217
08/28/2025 17:04:20.655,3641749504,13.76747211
08/28/2025 17:04:21.642,3641942016,13.35306046
08/28/2025 17:04:22.632,3640840192,13.21068018
08/28/2025 17:04:23.656,3641446400,19.84359234
08/28/2025 17:04:24.646,3640643584,10.45728124
08/28/2025 17:04:25.654,3641573376,18.62067973
08/28/2025 17:04:26.645,3640827904,14.84768711
08/28/2025 17:04:27.650,3642576896,21.13692423
08/28/2025 17:04:28.639,3641974784,18.61375848
08/28/2025 17:04:29.647,3641643008,12.00890709
08/28/2025 17:04:30.654,3642576896,19.29942565
08/28/2025 17:04:31.645,3641737216,13.7047169
08/28/2025 17:04:32.651,3642568704,14.96635756
08/28/2025 17:04:33.642,3641790464,12.47019003
08/28/2025 17:04:34.644,3646570496,11.52270926
08/28/2025 17:04:35.648,3645386752,20.24122414
08/28/2025 17:04:36.651,3645898752,19.8031494
08/28/2025 17:04:37.642,3645173760,15.64090208
08/28/2025 17:04:38.646,3646439424,14.81373199
08/28/2025 17:04:39.638,3645698048,17.30301446
08/28/2025 17:04:40.644,3646189568,18.397035
08/28/2025 17:04:41.650,3645464576,15.37829684
08/28/2025 17:04:42.656,3646263296,14.20887952
08/28/2025 17:04:43.648,3645501440,14.89883173
08/28/2025 17:04:44.651,3646582784,16.68982119
08/28/2025 17:04:45.642,3645423616,14.05099072
08/28/2025 17:04:46.648,3646246912,11.87781854
08/28/2025 17:04:47.639,3645374464,18.02901601
08/28/2025 17:04:48.648,3645747200,13.99726576
08/28/2025 17:04:49.637,3645476864,17.1011807
08/28/2025 17:04:50.659,3646242816,12.11653464
08/28/2025 17:04:51.651,3645599744,14.8646992
08/28/2025 17:04:52.653,3646562304,15.83981047
08/28/2025 17:04:53.643,3645538304,10.83944864
08/28/2025 17:04:54.634,3646726144,16.8445811
08/28/2025 17:04:55.642,3645497344,14.71289096
08/28/2025 17:04:56.647,3646451712,14.49597973
08/28/2025 17:04:57.655,3645538304,17.48044722
08/28/2025 17:04:58.644,3644690432,17.43096376
08/28/2025 17:04:59.650,3644030976,15.73597844
08/28/2025 17:05:00.656,3645730816,14.5858326
08/28/2025 17:05:01.647,3644555264,14.08235643
08/28/2025 17:05:02.653,3644268544,17.65994255
08/28/2025 17:05:03.657,3644112896,15.94476293
08/28/2025 17:05:04.645,3643617280,14.24436406
08/28/2025 17:05:05.652,3645022208,17.35211674
08/28/2025 17:05:06.657,3643146240,14.84117175
08/28/2025 17:05:07.642,3644366848,9.5877353
08/28/2025 17:05:08.649,3644076032,14.66432134
08/28/2025 17:05:09.651,3646255104,22.42912613
08/28/2025 17:05:10.642,3644506112,15.65169537
08/28/2025 17:05:11.649,3645284352,18.1204492
08/28/2025 17:05:12.638,3644116992,16.66100098
08/28/2025 17:05:13.644,3645108224,14.63546675
08/28/2025 17:05:14.651,3644342272,17.3502596
08/28/2025 17:05:15.641,3644989440,16.7605017
08/28/2025 17:05:16.647,3643981824,13.39721167
08/28/2025 17:05:17.637,3644784640,19.13780784
08/28/2025 17:05:18.645,3643584512,10.11062766
08/28/2025 17:05:19.634,3644506112,17.84674966
08/28/2025 17:05:20.658,3643633664,13.34266897
08/28/2025 17:05:21.649,3644514304,14.89487462
08/28/2025 17:05:22.641,3643359232,14.96321825
08/28/2025 17:05:23.647,3643871232,13.35957994
08/28/2025 17:05:24.638,3643297792,14.09217682
08/28/2025 17:05:25.660,3644207104,14.73598899
08/28/2025 17:05:26.650,3643285504,17.93021311
08/28/2025 17:05:27.639,3643928576,17.07491712
08/28/2025 17:05:28.640,3651338240,17.63235262
08/28/2025 17:05:29.653,3653554176,19.90325086
08/28/2025 17:05:30.640,3640963072,17.62055627
08/28/2025 17:05:31.645,3640508416,13.31938566
08/28/2025 17:05:32.652,3640913920,15.79682354
08/28/2025 17:05:33.640,3640614912,10.68378044
08/28/2025 17:05:34.647,3641237504,10.76263574
08/28/2025 17:05:35.638,3640406016,15.66017995
08/28/2025 17:05:36.645,3641110528,9.218724612
08/28/2025 17:05:37.652,3640258560,17.71937022
08/28/2025 17:05:38.641,3641118720,17.08695316
08/28/2025 17:05:39.646,3640922112,19.13181912
08/28/2025 17:05:40.651,3641114624,16.43940591
08/28/2025 17:05:41.658,3640303616,16.97745342
08/28/2025 17:05:42.648,3641081856,16.3473598
08/28/2025 17:05:43.640,3640233984,14.58380757
08/28/2025 17:05:44.647,3640676352,14.24259411
08/28/2025 17:05:45.637,3639767040,17.95596967
08/28/2025 17:05:46.658,3640733696,13.92404196
08/28/2025 17:05:47.649,3639865344,11.31488439
08/28/2025 17:05:48.636,3640205312,20.06845205
08/28/2025 17:05:49.660,3640061952,12.2304207
08/28/2025 17:05:50.650,3640725504,22.68568009
08/28/2025 17:05:51.641,3639517184,14.84897614
08/28/2025 17:05:52.648,3640434688,17.7564118
08/28/2025 17:05:53.639,3639316480,17.97856379
08/28/2025 17:05:54.646,3640102912,13.51871761
08/28/2025 17:05:55.652,3639746560,15.32623803
08/28/2025 17:05:56.643,3640414208,11.70460863
08/28/2025 17:05:57.648,3639472128,14.56189427
08/28/2025 17:05:58.637,3640381440,19.40488619
08/28/2025 17:05:59.645,3639316480,15.15107033
08/28/2025 17:06:00.635,3641778176,16.72565048
08/28/2025 17:06:01.658,3639447552,15.22409336
08/28/2025 17:06:02.650,3639390208,16.47550378
08/28/2025 17:06:03.639,3640197120,17.11625756
08/28/2025 17:06:04.661,3639574528,15.50966986
08/28/2025 17:06:05.648,3640115200,19.6640406
08/28/2025 17:06:06.653,3638431744,16.794636
08/28/2025 17:06:07.661,3639484416,12.79736392
08/28/2025 17:06:08.652,3639451648,18.40434343
08/28/2025 17:06:09.642,3639676928,14.36948467
08/28/2025 17:06:10.648,3638784000,12.252265
08/28/2025 17:06:11.651,3639947264,20.55167125
08/28/2025 17:06:12.659,3640504320,29.86072959
08/28/2025 17:06:13.659,3641974784,18.36362326
08/28/2025 17:06:14.638,3672510464,53.30990747
08/28/2025 17:06:15.639,3669024768,21.58495298
08/28/2025 17:06:16.660,3664855040,28.88089
08/28/2025 17:06:17.647,3618709504,30.31934517
08/28/2025 17:06:18.644,3636789248,36.49450575
08/28/2025 17:06:19.659,3636162560,28.44464347
08/28/2025 17:06:20.645,3624787968,38.97003897
08/28/2025 17:06:21.646,3628752896,35.62190623
08/28/2025 17:06:22.648,3625500672,26.10275474
08/28/2025 17:06:23.657,3621748736,25.47437794
08/28/2025 17:06:24.653,3617292288,14.9648511
08/28/2025 17:06:25.639,3616710656,16.4002683
08/28/2025 17:06:26.648,3604422656,14.00446386
08/28/2025 17:06:27.657,3604725760,11.35638126
08/28/2025 17:06:28.655,3593265152,12.69960801
08/28/2025 17:06:29.652,3591467008,16.63268641
08/28/2025 17:06:30.640,3583569920,16.90085957
08/28/2025 17:06:31.642,3579924480,16.94844908
08/28/2025 17:06:32.651,3570671616,10.64483904
08/28/2025 17:06:33.652,3553361920,13.38981587
08/28/2025 17:06:34.642,3552485376,12.73151848
08/28/2025 17:06:35.643,3552366592,9.431623349
08/28/2025 17:06:36.641,3550674944,15.07713532
08/28/2025 17:06:37.651,3549917184,9.540866177
08/28/2025 17:06:38.648,3550588928,10.26693077
08/28/2025 17:06:39.648,3549937664,8.935122114
08/28/2025 17:06:40.651,3550580736,12.06407438
08/28/2025 17:06:41.652,3549921280,10.83014588
08/28/2025 17:06:42.657,3550666752,11.92703376
08/28/2025 17:06:43.658,3549851648,8.270751975
08/28/2025 17:06:44.648,3550990336,9.632870707
08/28/2025 17:06:45.651,3549831168,9.247362069
08/28/2025 17:06:46.657,3550642176,16.59187174
08/28/2025 17:06:47.649,3549765632,6.625601139
08/28/2025 17:06:48.658,3549847552,11.35713781
08/28/2025 17:06:49.659,3549577216,6.90974393
08/28/2025 17:06:50.657,3550236672,12.129344
08/28/2025 17:06:51.648,3549458432,6.615090412
08/28/2025 17:06:52.649,3550339072,13.75898205
08/28/2025 17:06:53.648,3549106176,10.80454526
08/28/2025 17:06:54.659,3549896704,14.65305409
08/28/2025 17:06:55.659,3548954624,12.4664659
08/28/2025 17:06:56.651,3549483008,16.18229343
08/28/2025 17:06:57.648,3548647424,10.28774615
08/28/2025 17:06:58.648,3548622848,10.50617716
08/28/2025 17:06:59.648,3549270016,8.997875615
08/28/2025 17:07:00.649,3551105024,13.36959569
08/28/2025 17:07:01.638,3549417472,13.84216517
08/28/2025 17:07:02.648,3548766208,7.634409102
08/28/2025 17:07:03.649,3549462528,11.7803097
08/28/2025 17:07:04.651,3548778496,15.0384818
08/28/2025 17:07:05.651,3549523968,12.05114907
08/28/2025 17:07:06.648,3547676672,16.95358316
08/28/2025 17:07:07.650,3549368320,12.26405724
08/28/2025 17:07:08.649,3548864512,13.22251032
08/28/2025 17:07:09.649,3552309248,14.48845482
08/28/2025 17:07:10.649,3550973952,14.46328176
08/28/2025 17:07:11.658,3551703040,14.40827695
08/28/2025 17:07:12.637,3550748672,11.41667736
08/28/2025 17:07:13.638,3551731712,11.00960002
08/28/2025 17:07:14.649,3550220288,9.240061375
08/28/2025 17:07:15.657,3552264192,15.26826623
08/28/2025 17:07:16.638,3551752192,9.394036033
08/28/2025 17:07:17.638,3552944128,12.50687696
08/28/2025 17:07:18.638,3552845824,10.55831065
08/28/2025 17:07:19.655,3553693696,11.26487972
08/28/2025 17:07:20.651,3552899072,10.57473748
08/28/2025 17:07:21.658,3553050624,10.79068878
08/28/2025 17:07:22.651,3553579008,9.145347114
08/28/2025 17:07:23.648,3552993280,9.482608323
08/28/2025 17:07:24.649,3553505280,12.21125883
08/28/2025 17:07:25.648,3552321536,9.327532964
08/28/2025 17:07:26.659,3553501184,12.66290764
08/28/2025 17:07:27.651,3552706560,10.60352582
08/28/2025 17:07:28.660,3553247232,10.14612595
08/28/2025 17:07:29.649,3552829440,9.208642443
08/28/2025 17:07:30.644,3552673792,16.40121531
08/28/2025 17:07:31.650,3551703040,6.405177567
08/28/2025 17:07:32.647,3551870976,14.20111293
08/28/2025 17:07:33.658,3551600640,9.16809994
08/28/2025 17:07:34.657,3552288768,7.340701188
08/28/2025 17:07:35.660,3551424512,9.222787272
08/28/2025 17:07:36.652,3552059392,12.60309418
08/28/2025 17:07:37.658,3551289344,12.21786871
08/28/2025 17:07:38.659,3551977472,10.2869619
08/28/2025 17:07:39.657,3551522816,12.88101206
08/28/2025 17:07:40.652,3551887360,15.396858
08/28/2025 17:07:41.647,3550892032,6.621523923
08/28/2025 17:07:42.651,3550539776,12.92457145
08/28/2025 17:07:43.650,3551039488,11.12056474
08/28/2025 17:07:44.658,3550339072,11.25546846
08/28/2025 17:07:45.647,3551043584,12.72536917
08/28/2025 17:07:46.648,3550457856,7.113296825
08/28/2025 17:07:47.657,3550953472,15.18539236
08/28/2025 17:07:48.649,3549933568,7.094601404
08/28/2025 17:07:49.658,3551031296,10.57031828
08/28/2025 17:07:50.658,3550142464,8.598557716
08/28/2025 17:07:51.635,3551150080,12.40195035
08/28/2025 17:07:52.635,3550289920,9.804594415
08/28/2025 17:07:53.638,3551154176,17.42324837
08/28/2025 17:07:54.657,3550601216,12.57685874
08/28/2025 17:07:55.650,3550511104,9.568827188
08/28/2025 17:07:56.650,3549532160,7.441418372
08/28/2025 17:07:57.648,3550494720,12.34168031
08/28/2025 17:07:58.652,3549593600,13.17650504
08/28/2025 17:07:59.649,3550478336,11.05386348
08/28/2025 17:08:00.659,3552202752,17.60860823
08/28/2025 17:08:01.635,3550883840,9.996566397
08/28/2025 17:08:02.659,3550023680,13.39977199
08/28/2025 17:08:03.650,3550867456,9.344795262
08/28/2025 17:08:04.648,3549982720,9.587235616
08/28/2025 17:08:05.650,3550769152,12.27532
08/28/2025 17:08:06.651,3548983296,13.3494007
08/28/2025 17:08:07.649,3549106176,10.03353574
08/28/2025 17:08:08.658,3550834688,11.69065508
08/28/2025 17:08:09.639,3549790208,6.036294682
08/28/2025 17:08:10.659,3550838784,11.87628394
08/28/2025 17:08:11.647,3549999104,8.313879857
08/28/2025 17:08:12.639,3550334976,18.8767476
08/28/2025 17:08:13.652,3550011392,11.36141565
08/28/2025 17:08:14.638,3550650368,13.60481716
08/28/2025 17:08:15.649,3549773824,8.019106401
08/28/2025 17:08:16.651,3550466048,17.26013876
08/28/2025 17:08:17.657,3549884416,12.48823593
08/28/2025 17:08:18.650,3550593024,7.018990769
08/28/2025 17:08:19.649,3550306304,9.68695734
08/28/2025 17:08:20.639,3550814208,12.78310495
08/28/2025 17:08:21.652,3550101504,8.952280872
08/28/2025 17:08:22.651,3550334976,10.8636773
08/28/2025 17:08:23.659,3549249536,9.306843085
08/28/2025 17:08:24.658,3550875648,10.63695688
08/28/2025 17:08:25.659,3550019584,11.64369132
08/28/2025 17:08:26.648,3550953472,7.971691288
08/28/2025 17:08:27.650,3550474240,9.183222416
08/28/2025 17:08:28.650,3551612928,14.43041127
08/28/2025 17:08:29.650,3550355456,8.601171585
08/28/2025 17:08:30.651,3550363648,10.76882204
08/28/2025 17:08:31.649,3550928896,10.63116823
08/28/2025 17:08:32.648,3550101504,11.6236836
08/28/2025 17:08:33.650,3550924800,10.35156704
08/28/2025 17:08:34.645,3550072832,9.709873673
08/28/2025 17:08:35.650,3550560256,11.79442875
08/28/2025 17:08:36.647,3548835840,15.29796544
08/28/2025 17:08:37.646,3548401664,15.18923371
08/28/2025 17:08:38.640,3547312128,10.78204474
08/28/2025 17:08:39.651,3548073984,7.262177688
08/28/2025 17:08:40.638,3547709440,14.49299846
08/28/2025 17:08:41.646,3547910144,9.394072161
08/28/2025 17:08:42.659,3547025408,8.92616902
08/28/2025 17:08:43.657,3547750400,10.96925727
08/28/2025 17:08:44.659,3545927680,9.351893798
08/28/2025 17:08:45.657,3546599424,13.13076643
08/28/2025 17:08:46.650,3545866240,9.170870862
08/28/2025 17:08:47.648,3546525696,13.09968918
08/28/2025 17:08:48.659,3545686016,13.01090023
08/28/2025 17:08:49.656,3546337280,12.25261379
08/28/2025 17:08:50.649,3545542656,7.175566585
08/28/2025 17:08:51.649,3546583040,15.64654387
08/28/2025 17:08:52.639,3545452544,9.639752511
08/28/2025 17:08:53.646,3545296896,6.447953346
08/28/2025 17:08:54.643,3546202112,9.185197062
08/28/2025 17:08:55.634,3545251840,7.33616644
08/28/2025 17:08:56.656,3546132480,13.42813828
08/28/2025 17:08:57.652,3545493504,7.963993626
08/28/2025 17:08:58.648,3546308608,9.875693032
08/28/2025 17:08:59.657,3545534464,14.57040989
08/28/2025 17:09:00.650,3548684288,8.950426751
08/28/2025 17:09:01.645,3545448448,11.24946379
08/28/2025 17:09:02.639,3546189824,13.97004459
08/28/2025 17:09:03.650,3545423872,6.838617919
08/28/2025 17:09:04.640,3546214400,16.38622079
08/28/2025 17:09:05.651,3545354240,6.893927436
08/28/2025 17:09:06.659,3546124288,13.16170779
08/28/2025 17:09:07.645,3545190400,8.131821434
08/28/2025 17:09:08.651,3546595328,12.18911777
08/28/2025 17:09:09.657,3545415680,14.03618423
08/28/2025 17:09:10.649,3546390528,10.79249059
08/28/2025 17:09:11.658,3545358336,13.4542106
08/28/2025 17:09:12.646,3546030080,7.303216105
08/28/2025 17:09:13.647,3545366528,5.19153041
08/28/2025 17:09:14.649,3546095616,9.883906384
08/28/2025 17:09:15.637,3545169920,9.469861043
08/28/2025 17:09:16.638,3545182208,10.62891266
08/28/2025 17:09:17.650,3545989120,10.11565537
08/28/2025 17:09:18.650,3545223168,12.52083754
08/28/2025 17:09:19.658,3545559040,15.62716025
08/28/2025 17:09:20.650,3545313280,6.930508348
08/28/2025 17:09:21.659,3546038272,15.57843709
08/28/2025 17:09:22.651,3545366528,6.277637858
08/28/2025 17:09:23.650,3545952256,8.508406642
08/28/2025 17:09:24.650,3545649152,10.90818879
08/28/2025 17:09:25.646,3544817664,12.19611074
08/28/2025 17:09:26.652,3544104960,8.69986577
08/28/2025 17:09:27.638,3544924160,9.688272054
08/28/2025 17:09:28.651,3544051712,7.839354303
08/28/2025 17:09:29.637,3544125440,14.850347
08/28/2025 17:09:30.651,3543355392,5.220668722
08/28/2025 17:09:31.651,3545038848,12.51009633
08/28/2025 17:09:32.658,3544072192,9.378334258
08/28/2025 17:09:33.650,3544977408,8.437852262
08/28/2025 17:09:34.650,3544145920,9.432763783
08/28/2025 17:09:35.659,3544915968,12.87831598
08/28/2025 17:09:36.657,3543101440,12.88121117
08/28/2025 17:09:37.653,3544416256,11.34397438
08/28/2025 17:09:38.661,3544002560,11.10325804
08/28/2025 17:09:39.657,3543969792,10.7671098
08/28/2025 17:09:40.643,3545227264,11.44639933
08/28/2025 17:09:41.659,3543879680,8.143729272
08/28/2025 17:09:42.659,3544047616,11.69023478
08/28/2025 17:09:43.649,3543293952,6.905273269
08/28/2025 17:09:44.647,3543515136,11.1195086
08/28/2025 17:09:45.659,3542929408,9.309141298
08/28/2025 17:09:46.646,3543306240,18.11877507
08/28/2025 17:09:47.658,3542630400,20.82298568
08/28/2025 17:09:48.659,3542622208,8.31753971
08/28/2025 17:09:49.659,3542749184,11.70905565
08/28/2025 17:09:50.649,3543179264,8.43236615
08/28/2025 17:09:51.648,3549036544,15.93241991
08/28/2025 17:09:52.644,3550662656,20.81446261
08/28/2025 17:09:53.647,3548930048,11.20475593
08/28/2025 17:09:54.658,3548999680,13.2226882
08/28/2025 17:09:55.644,3556896768,23.815576
08/28/2025 17:09:56.646,3554611200,11.44861302
08/28/2025 17:09:57.652,3553308672,12.1205379
08/28/2025 17:09:58.657,3556605952,14.01502882
08/28/2025 17:09:59.651,3555504128,12.1785815
08/28/2025 17:10:00.653,3557150720,18.59104546
08/28/2025 17:10:01.651,3555495936,10.73185297
08/28/2025 17:10:02.648,3574956032,12.25544716
08/28/2025 17:10:03.640,3577548800,15.30601142
08/28/2025 17:10:04.648,3577430016,4.699181401
08/28/2025 17:10:05.650,3578011648,10.27181093
08/28/2025 17:10:06.650,3577323520,15.2393724
08/28/2025 17:10:07.660,3577982976,13.01161354
08/28/2025 17:10:08.657,3577507840,8.707389089
08/28/2025 17:10:09.650,3577266176,11.4783612
08/28/2025 17:10:10.657,3576786944,15.43081239
08/28/2025 17:10:11.649,3576938496,9.426618007
08/28/2025 17:10:12.651,3576467456,13.57007294
08/28/2025 17:10:13.646,3564331008,13.50980605
08/28/2025 17:10:14.648,3556122624,7.677732699
08/28/2025 17:10:15.651,3556872192,14.78673844
08/28/2025 17:10:16.659,3555991552,14.60988479
08/28/2025 17:10:17.659,3556794368,10.57891957
08/28/2025 17:10:18.638,3555753984,11.38025908
08/28/2025 17:10:19.649,3556687872,11.56260881
08/28/2025 17:10:20.659,3555823616,9.467569024
08/28/2025 17:10:21.649,3556732928,10.01410979
08/28/2025 17:10:22.652,3555213312,15.74348315
08/28/2025 17:10:23.654,3555876864,11.62011805
08/28/2025 17:10:24.645,3555160064,8.626799687
08/28/2025 17:10:25.649,3555516416,8.563216341
08/28/2025 17:10:26.643,3548917760,11.58765877
08/28/2025 17:10:27.648,3547877376,8.230537433
08/28/2025 17:10:28.658,3548377088,14.54884664
08/28/2025 17:10:29.638,3547918336,10.67619549
08/28/2025 17:10:30.649,3548442624,9.961335525
08/28/2025 17:10:31.650,3547758592,12.96836536
08/28/2025 17:10:32.647,3547058176,14.26891104
08/28/2025 17:10:33.651,3545972736,11.27521316
08/28/2025 17:10:34.657,3546615808,13.75899927
08/28/2025 17:10:35.648,3545706496,7.827678182
08/28/2025 17:10:36.650,3545583616,13.45915202
08/28/2025 17:10:37.636,3545137152,11.17648522
08/28/2025 17:10:38.648,3545653248,7.819133936
08/28/2025 17:10:39.661,3544948736,10.86845461
08/28/2025 17:10:40.648,3546542080,7.45286595
08/28/2025 17:10:41.658,3545608192,13.72189231
08/28/2025 17:10:42.648,3546243072,8.047865905
08/28/2025 17:10:43.659,3545239552,10.77706017
08/28/2025 17:10:44.655,3546075136,13.6648576
08/28/2025 17:10:45.649,3545649152,7.279272367
08/28/2025 17:10:46.651,3546046464,12.3032162
08/28/2025 17:10:47.658,3545088000,12.09960419
08/28/2025 17:10:48.635,3545858048,8.280020712
08/28/2025 17:10:49.643,3546488832,12.81556393
08/28/2025 17:10:50.659,3545677824,8.859637447
08/28/2025 17:10:51.648,3546394624,6.382311097
08/28/2025 17:10:52.650,3545432064,8.829735114
08/28/2025 17:10:53.652,3545980928,11.46879348
08/28/2025 17:10:54.634,3545190400,4.919327613
08/28/2025 17:10:55.649,3545980928,12.60059541
08/28/2025 17:10:56.649,3545145344,9.041255599
08/28/2025 17:10:57.659,3545735168,15.66563895
08/28/2025 17:10:58.650,3544981504,8.90136817
08/28/2025 17:10:59.658,3545686016,13.99605459
08/28/2025 17:11:00.658,3547402240,10.93275272
08/28/2025 17:11:01.645,3545939968,12.57675397
08/28/2025 17:11:02.638,3544948736,7.104815193
08/28/2025 17:11:03.651,3546034176,14.76130721
08/28/2025 17:11:04.648,3544776704,9.917901776
08/28/2025 17:11:05.657,3545653248,13.64352754
08/28/2025 17:11:06.657,3544776704,12.30670745
08/28/2025 17:11:07.651,3545419776,8.271289349
08/28/2025 17:11:08.646,3546152960,10.07267523
08/28/2025 17:11:09.639,3546746880,6.029728663
08/28/2025 17:11:10.658,3546107904,9.511902663
08/28/2025 17:11:11.637,3546046464,11.04608155
08/28/2025 17:11:12.643,3546730496,10.6968999
08/28/2025 17:11:13.651,3545939968,8.866435648
08/28/2025 17:11:14.658,3546693632,12.39114794
08/28/2025 17:11:15.652,3545894912,9.412304013
08/28/2025 17:11:16.650,3546673152,8.151266059
08/28/2025 17:11:17.659,3545751552,12.50216189
08/28/2025 17:11:18.645,3546333184,9.674936259
08/28/2025 17:11:19.651,3546357760,9.177655932
08/28/2025 17:11:20.650,3546890240,13.22121644
08/28/2025 17:11:21.639,3546107904,12.71621732
08/28/2025 17:11:22.648,3546992640,9.712808036
08/28/2025 17:11:23.651,3545931776,8.09595047
08/28/2025 17:11:24.648,3546841088,8.778291037
08/28/2025 17:11:25.648,3546128384,8.5976803
08/28/2025 17:11:26.659,3547000832,11.08149154
08/28/2025 17:11:27.646,3546157056,7.395006136
08/28/2025 17:11:28.648,3547037696,7.246808417
08/28/2025 17:11:29.652,3546038272,11.8591623
08/28/2025 17:11:30.659,3547013120,13.66835767
08/28/2025 17:11:31.661,3546210304,9.993956332
08/28/2025 17:11:32.658,3546185728,11.44267253
08/28/2025 17:11:33.649,3547009024,7.385024879
08/28/2025 17:11:34.652,3546169344,14.65380305
08/28/2025 17:11:35.652,3547086848,15.27492438
08/28/2025 17:11:36.648,3545280512,6.606856717
08/28/2025 17:11:37.646,3546517504,11.12033712
08/28/2025 17:11:38.651,3546202112,8.269090602
08/28/2025 17:11:39.657,3547131904,14.60396212
08/28/2025 17:11:40.636,3546349568,9.048259542
08/28/2025 17:11:41.651,3547320320,11.47416073
08/28/2025 17:11:42.659,3545837568,10.07925032
08/28/2025 17:11:43.650,3546976256,8.937461746
08/28/2025 17:11:44.648,3546091520,11.16293636
08/28/2025 17:11:45.651,3546218496,13.50772138
08/28/2025 17:11:46.658,3545198592,10.47350703
08/28/2025 17:11:47.651,3546628096,9.065185498
08/28/2025 17:11:48.648,3545505792,11.09900547
08/28/2025 17:11:49.655,3546587136,14.62009057
08/28/2025 17:11:50.659,3545645056,11.69110488
08/28/2025 17:11:51.639,3546550272,11.12648178
08/28/2025 17:11:52.652,3546144768,9.021883932
08/28/2025 17:11:53.658,3545853952,5.625345864
08/28/2025 17:11:54.649,3546640384,7.757116269
08/28/2025 17:11:55.651,3545878528,10.67102048
08/28/2025 17:11:56.661,3546058752,15.72039276
08/28/2025 17:11:57.651,3544748032,6.095548483
08/28/2025 17:11:58.651,3544498176,10.97149108
08/28/2025 17:11:59.639,3543150592,15.39135235
08/28/2025 17:12:00.647,3544702976,12.01866788
08/28/2025 17:12:01.648,3543318528,4.810988704
08/28/2025 17:12:02.652,3544010752,14.37675623
08/28/2025 17:12:03.651,3543310336,8.09061967
08/28/2025 17:12:04.659,3543810048,14.69933768
08/28/2025 17:12:05.650,3543343104,7.35969487
08/28/2025 17:12:06.652,3543453696,13.83893768
08/28/2025 17:12:07.650,3542732800,10.82185378
08/28/2025 17:12:08.659,3543404544,11.69982193
08/28/2025 17:12:09.638,3542765568,10.63271527
08/28/2025 17:12:10.650,3543494656,8.950032766
08/28/2025 17:12:11.647,3542720512,9.420293929
08/28/2025 17:12:12.647,3543326720,9.045246921
08/28/2025 17:12:13.648,3542589440,5.486953213
08/28/2025 17:12:14.662,3543048192,9.498218592
08/28/2025 17:12:15.652,3543846912,14.41503781
08/28/2025 17:12:16.658,3553824768,21.99755744
08/28/2025 17:12:17.655,3553824768,14.12679465
08/28/2025 17:12:18.661,3552731136,12.64718382
08/28/2025 17:12:19.653,3553583104,9.427550217
08/28/2025 17:12:20.649,3552686080,7.888015609
08/28/2025 17:12:21.652,3554004992,18.15902209
08/28/2025 17:12:22.659,3552616448,10.8106501
08/28/2025 17:12:23.637,3553079296,12.08937234
08/28/2025 17:12:24.656,3552509952,11.14081854
08/28/2025 17:12:25.649,3553304576,13.01995456
08/28/2025 17:12:26.648,3552501760,8.484627069
08/28/2025 17:12:27.645,3553787904,15.41398326
08/28/2025 17:12:28.650,3552534528,7.436299497
08/28/2025 17:12:29.651,3553214464,12.97043611
08/28/2025 17:12:30.659,3553124352,19.03444461
08/28/2025 17:12:31.652,3553845248,9.898972522
08/28/2025 17:12:32.651,3552686080,11.69006693
08/28/2025 17:12:33.634,3553701888,8.537612693
08/28/2025 17:12:34.649,3552735232,11.48345818
08/28/2025 17:12:35.650,3553398784,16.1521662
08/28/2025 17:12:36.650,3551727616,8.958943129
08/28/2025 17:12:37.650,3552903168,13.28593256
08/28/2025 17:12:38.649,3552972800,11.58338416
08/28/2025 17:12:39.648,3553034240,12.82317129
08/28/2025 17:12:40.659,3553296384,15.77031028
08/28/2025 17:12:41.647,3552952320,7.483871007
08/28/2025 17:12:42.647,3553308672,10.15793903
08/28/2025 17:12:43.661,3552739328,10.61672144
08/28/2025 17:12:44.658,3553497088,13.23473514
08/28/2025 17:12:45.640,3552739328,7.544642802
08/28/2025 17:12:46.646,3568603136,11.04797345
08/28/2025 17:12:47.644,3567644672,9.5913664
08/28/2025 17:12:48.659,3567808512,11.12747699
08/28/2025 17:12:49.659,3566858240,8.550155859
08/28/2025 17:12:50.645,3567624192,14.79040832
08/28/2025 17:12:51.652,3567013888,10.04550126
08/28/2025 17:12:52.657,3567816704,11.92981021
08/28/2025 17:12:53.648,3567042560,9.166840729
08/28/2025 17:12:54.648,3558551552,10.1454405
08/28/2025 17:12:55.651,3558129664,9.689560293
08/28/2025 17:12:56.651,3558981632,11.71475951
08/28/2025 17:12:57.640,3552059392,13.07874259
08/28/2025 17:12:58.659,3552690176,13.91683244
08/28/2025 17:12:59.652,3551952896,10.56409616
08/28/2025 17:13:00.651,3552813056,12.36819547
08/28/2025 17:13:01.659,3552325632,14.76157442
08/28/2025 17:13:02.650,3551657984,6.58737768
08/28/2025 17:13:03.658,3552333824,15.17122257
08/28/2025 17:13:04.637,3551289344,8.62400846
08/28/2025 17:13:05.650,3551776768,7.390742314
08/28/2025 17:13:06.659,3550720000,14.83076905
08/28/2025 17:13:07.645,3551244288,12.50071963
08/28/2025 17:13:08.652,3550883840,12.33299429
08/28/2025 17:13:09.659,3551703040,9.168749273
08/28/2025 17:13:10.648,3551514624,8.010012048
08/28/2025 17:13:11.646,3552157696,12.31015148
08/28/2025 17:13:12.646,3551064064,12.45869801
08/28/2025 17:13:13.659,3551842304,10.1658163
08/28/2025 17:13:14.648,3551113216,5.216193017
08/28/2025 17:13:15.646,3551903744,12.33478614
08/28/2025 17:13:16.656,3567562752,21.67556486
08/28/2025 17:13:17.644,3565408256,15.18592817
08/28/2025 17:13:18.652,3564642304,9.543942056
08/28/2025 17:13:19.646,3568148480,14.54426698
08/28/2025 17:13:20.638,3565948928,11.76037547
08/28/2025 17:13:21.659,3565056000,14.32417539
08/28/2025 17:13:22.661,3565789184,7.180846629
08/28/2025 17:13:23.648,3564707840,5.407186467
08/28/2025 17:13:24.659,3552903168,15.00781706
08/28/2025 17:13:25.651,3552452608,9.074138826
08/28/2025 17:13:26.649,3551854592,12.34198767
08/28/2025 17:13:27.647,3548430336,9.521690478
08/28/2025 17:13:28.650,3549167616,10.05663277
08/28/2025 17:13:29.658,3548291072,16.28794091
08/28/2025 17:13:30.637,3549081600,9.845538633
08/28/2025 17:13:31.652,3548241920,10.92127987
08/28/2025 17:13:32.650,3548856320,8.575870829
08/28/2025 17:13:33.640,3548114944,14.33648935
08/28/2025 17:13:34.658,3548975104,12.56931505
08/28/2025 17:13:35.639,3547906048,6.757326216
08/28/2025 17:13:36.659,3547938816,11.17018831
08/28/2025 17:13:37.650,3547688960,8.212427335
08/28/2025 17:13:38.650,3548975104,11.29220334
08/28/2025 17:13:39.640,3548176384,13.23036182
08/28/2025 17:13:40.651,3549016064,10.74741627
08/28/2025 17:13:41.650,3548491776,6.475025327
08/28/2025 17:13:42.657,3548811264,17.54667579
08/28/2025 17:13:43.648,3548372992,13.72847507
08/28/2025 17:13:44.635,3548192768,9.988990203
08/28/2025 17:13:45.646,3548987392,10.31079031
08/28/2025 17:13:46.649,3548200960,6.913578007
08/28/2025 17:13:47.647,3546185728,14.30205166
08/28/2025 17:13:48.650,3545251840,9.644413253
08/28/2025 17:13:49.649,3546296320,9.654215579
08/28/2025 17:13:50.646,3546238976,15.03221465
08/28/2025 17:13:51.646,3547099136,6.626446557
08/28/2025 17:13:52.659,3546271744,11.65475471
08/28/2025 17:13:53.659,3547054080,15.24591503
08/28/2025 17:13:54.651,3546169344,7.880617009
08/28/2025 17:13:55.639,3546918912,13.05031876
08/28/2025 17:13:56.659,3545907200,10.30687083
08/28/2025 17:13:57.650,3546783744,12.89186895
08/28/2025 17:13:58.648,3545939968,13.87836333
08/28/2025 17:13:59.651,3547090944,19.01574175
08/28/2025 17:14:00.647,3548438528,21.93189667
08/28/2025 17:14:01.658,3562172416,13.08411428
08/28/2025 17:14:02.658,3571978240,17.01517987
08/28/2025 17:14:03.633,3572695040,18.11308292
08/28/2025 17:14:04.640,3596619776,18.49805622
08/28/2025 17:14:05.643,3579334656,13.1772393
08/28/2025 17:14:06.648,3578105856,17.93847038
08/28/2025 17:14:07.648,3577520128,14.10445997
08/28/2025 17:14:08.662,3578343424,19.50474503
08/28/2025 17:14:09.656,3576479744,9.413875018
08/28/2025 17:14:10.638,3580465152,15.05894198
08/28/2025 17:14:11.646,3585683456,13.23057255
08/28/2025 17:14:12.648,3585576960,7.974869141
08/28/2025 17:14:13.639,3582636032,12.45927763
08/28/2025 17:14:14.659,3582898176,10.36768994
08/28/2025 17:14:15.640,3582586880,10.85187402
08/28/2025 17:14:16.646,3583160320,11.83021285
08/28/2025 17:14:17.660,3582455808,11.78500277
08/28/2025 17:14:18.657,3581935616,14.00269748
08/28/2025 17:14:19.655,3561566208,14.45466415
08/28/2025 17:14:20.650,3561668608,10.95321633
08/28/2025 17:14:21.638,3560443904,13.77780221
08/28/2025 17:14:22.660,3561050112,11.70696315
08/28/2025 17:14:23.658,3549450240,13.92025322
08/28/2025 17:14:24.660,3550326784,14.94194102
08/28/2025 17:14:25.659,3549614080,11.24417587
08/28/2025 17:14:26.652,3550490624,9.535965253
08/28/2025 17:14:27.640,3549560832,8.301040122
08/28/2025 17:14:28.650,3549179904,9.527015029
08/28/2025 17:14:29.659,3548221440,11.31199912
08/28/2025 17:14:30.659,3548315648,11.28958532
08/28/2025 17:14:31.661,3549302784,12.68594401
08/28/2025 17:14:32.652,3548389376,12.52193162
08/28/2025 17:14:33.651,3548897280,15.109105
08/28/2025 17:14:34.652,3548188672,13.77399745
08/28/2025 17:14:35.648,3548581888,14.95003094
08/28/2025 17:14:36.652,3547009024,14.37326571
08/28/2025 17:14:37.650,3548250112,14.26145147
08/28/2025 17:14:38.637,3547742208,13.74723571
08/28/2025 17:14:39.639,3548651520,13.85559878
08/28/2025 17:14:40.651,3547901952,7.699647326
08/28/2025 17:14:41.649,3548622848,9.595007699
08/28/2025 17:14:42.641,3549966336,14.93201064
08/28/2025 17:14:43.654,3572809728,17.14997117
08/28/2025 17:14:44.655,3595792384,19.23244463
08/28/2025 17:14:45.658,3597352960,24.05401614
08/28/2025 17:14:46.644,3592400896,15.16484014
08/28/2025 17:14:47.641,3593482240,11.4951691
08/28/2025 17:14:48.660,3592429568,5.693083153
08/28/2025 17:14:49.656,3592785920,10.98238448
08/28/2025 17:14:50.657,3589963776,1.781331194
08/28/2025 17:14:51.638,3590578176,15.0752862
08/28/2025 17:14:52.653,3636658176,41.47634363
08/28/2025 17:14:53.655,3628912640,17.86613881
08/28/2025 17:14:54.648,3628544000,8.177832445
08/28/2025 17:14:55.650,3611959296,11.17127943
08/28/2025 17:14:56.659,3612606464,17.09717869
08/28/2025 17:14:57.661,3610112000,8.007698465
08/28/2025 17:14:58.660,3610808320,8.959015086
08/28/2025 17:14:59.648,3593105408,9.398304182
08/28/2025 17:15:00.649,3596730368,12.63179494
08/28/2025 17:15:01.659,3593461760,14.48073685
08/28/2025 17:15:02.650,3594178560,10.15530308
08/28/2025 17:15:03.648,3582849024,8.01128754
08/28/2025 17:15:04.651,3570360320,15.08288509
08/28/2025 17:15:05.659,3569565696,8.973459408
08/28/2025 17:15:06.656,3567992832,11.86040327
08/28/2025 17:15:07.639,3578753024,15.74466102
08/28/2025 17:15:08.654,3601084416,23.39388256
08/28/2025 17:15:09.640,3601756160,20.7606089
08/28/2025 17:15:10.658,3604676608,21.76662376
08/28/2025 17:15:11.642,3600580608,6.300946875
08/28/2025 17:15:12.658,3601403904,4.973507444
08/28/2025 17:15:13.638,3600666624,1.602607413
08/28/2025 17:15:14.642,3600429056,1.591043111
08/28/2025 17:15:15.657,3600941056,5.437956524
08/28/2025 17:15:16.640,3599409152,0.839643659
08/28/2025 17:15:17.643,3600138240,3.043950969
08/28/2025 17:15:18.660,3586306048,2.456855884
08/28/2025 17:15:19.642,3594354688,9.32716865
08/28/2025 17:15:20.660,3589869568,2.474133253
08/28/2025 17:15:21.659,3590250496,3.889872834
08/28/2025 17:15:22.653,3494653952,15.49367514
08/28/2025 17:15:23.640,3495616512,4.188740314
08/28/2025 17:15:24.654,3494756352,2.390287544
08/28/2025 17:15:25.659,3492716544,5.674408088
08/28/2025 17:15:26.642,3489177600,2.283402056
08/28/2025 17:15:27.660,3489587200,3.843565502
08/28/2025 17:15:28.659,3480465408,2.484486497
08/28/2025 17:15:29.659,3480862720,2.68513868
08/28/2025 17:15:30.643,3478052864,1.553618549
08/28/2025 17:15:31.659,3478863872,4.66360547
08/28/2025 17:15:32.657,3478007808,1.61293321
08/28/2025 17:15:33.654,3478806528,2.973250171
08/28/2025 17:15:34.640,3477676032,2.153280774
08/28/2025 17:15:35.653,3478257664,3.267330054
08/28/2025 17:15:36.640,3476729856,1.792052998
08/28/2025 17:15:37.663,3477098496,3.395361345
08/28/2025 17:15:38.654,3478609920,7.35125182
08/28/2025 17:15:39.639,3477573632,1.265577105
08/28/2025 17:15:40.659,3478192128,5.436590556
08/28/2025 17:15:41.657,3477483520,2.367230681
08/28/2025 17:15:42.643,3478757376,6.714356429
08/28/2025 17:15:43.639,3477479424,1.115681318
08/28/2025 17:15:44.659,3478179840,5.808051377
08/28/2025 17:15:45.660,3477458944,3.622878099
08/28/2025 17:15:46.659,3478097920,5.771417618
08/28/2025 17:15:47.657,3477364736,3.136807623
08/28/2025 17:15:48.657,3477688320,4.686613586
08/28/2025 17:15:49.638,3477409792,3.054281174
08/28/2025 17:15:50.639,3478097920,4.796308299
08/28/2025 17:15:51.661,3477336064,1.313257682
08/28/2025 17:15:52.640,3478212608,3.441030962
08/28/2025 17:15:53.659,3477426176,2.660247905
08/28/2025 17:15:54.659,3478347776,5.070440706
08/28/2025 17:15:55.639,3477835776,1.136882479
08/28/2025 17:15:56.653,3478278144,5.255170042
08/28/2025 17:15:57.642,3477569536,2.457952066
08/28/2025 17:15:58.661,3477393408,1.871747355
08/28/2025 17:15:59.643,3478274048,5.670482719
08/28/2025 17:16:00.643,3478441984,4.688148121
08/28/2025 17:16:01.661,3478167552,4.063771454
08/28/2025 17:16:02.640,3477454848,3.065201045
08/28/2025 17:16:03.657,3478372352,8.048903663
08/28/2025 17:16:04.661,3477499904,4.030012895
08/28/2025 17:16:05.663,3501895680,13.89603445
08/28/2025 17:16:06.638,3505106944,10.213976
08/28/2025 17:16:07.645,3506348032,16.18277014
08/28/2025 17:16:08.642,3504418816,9.107594543
08/28/2025 17:16:09.655,3642187776,26.7347243
08/28/2025 17:16:10.656,3639562240,7.165692644
08/28/2025 17:16:11.654,3640016896,4.453564106
08/28/2025 17:16:12.657,3638358016,8.943153332
08/28/2025 17:16:13.639,3639320576,15.21050951
08/28/2025 17:16:14.663,3640590336,17.63140829
08/28/2025 17:16:15.643,3641651200,13.47790357
08/28/2025 17:16:16.657,3643047936,13.70995045
08/28/2025 17:16:17.665,3645067264,22.13443843
08/28/2025 17:16:18.669,3644473344,22.13603893
08/28/2025 17:16:19.639,3646427136,27.52531937
08/28/2025 17:16:20.657,3645337600,6.750723621
08/28/2025 17:16:21.644,3644121088,20.08762119
08/28/2025 17:16:22.644,3641778176,10.51425245
08/28/2025 17:16:23.638,3642523648,12.00401061
08/28/2025 17:16:24.640,3642200064,8.744668068
08/28/2025 17:16:25.654,3644395520,9.922190511
08/28/2025 17:16:26.644,3640766464,15.88435989
08/28/2025 17:16:27.657,3641417728,15.21280784
08/28/2025 17:16:28.659,3640700928,17.74795402
08/28/2025 17:16:29.646,3530420224,16.45307034
08/28/2025 17:16:30.660,3508666368,16.01188194
08/28/2025 17:16:31.648,3515056128,22.55427017
08/28/2025 17:16:32.666,3516952576,14.87856306
08/28/2025 17:16:33.662,3515297792,10.86946074
08/28/2025 17:16:34.644,3515449344,10.53664099
08/28/2025 17:16:35.634,3514466304,10.16733764
08/28/2025 17:16:36.652,3514265600,17.35304858
08/28/2025 17:16:37.648,3512377344,10.57684928
08/28/2025 17:16:38.661,3513634816,17.82500424
08/28/2025 17:16:39.647,3512356864,9.70122855
08/28/2025 17:16:40.645,3513171968,15.07414038
08/28/2025 17:16:41.644,3512193024,11.62087011
08/28/2025 17:16:42.648,3512500224,9.735399471
08/28/2025 17:16:43.649,3511451648,11.78536969
08/28/2025 17:16:44.648,3511877632,13.54450512
08/28/2025 17:16:45.652,3510505472,9.045945744
08/28/2025 17:16:46.646,3509235712,7.984549314
08/28/2025 17:16:47.649,3508428800,6.962223681
08/28/2025 17:16:48.649,3496812544,17.17655074
08/28/2025 17:16:49.651,3495428096,13.47552341
08/28/2025 17:16:50.651,3494744064,12.8631819
08/28/2025 17:16:51.650,3484868608,11.63697886
08/28/2025 17:16:52.648,3482349568,9.96229979
08/28/2025 17:16:53.651,3482857472,11.96976821
08/28/2025 17:16:54.647,3482046464,6.688975832
08/28/2025 17:16:55.650,3482816512,14.5161117
08/28/2025 17:16:56.649,3492872192,17.27891785
08/28/2025 17:16:57.644,3508654080,18.36070301
08/28/2025 17:16:58.649,3509493760,12.88259351
08/28/2025 17:16:59.642,3510603776,16.26271989
08/28/2025 17:17:00.656,3523051520,22.92998067
08/28/2025 17:17:01.652,3521134592,16.27658755
08/28/2025 17:17:02.644,3514224640,17.12139081
08/28/2025 17:17:03.644,3514990592,16.37458105
08/28/2025 17:17:04.640,3514130432,12.96895651
08/28/2025 17:17:05.646,3519451136,10.25034889
08/28/2025 17:17:06.654,3515277312,23.36383174
08/28/2025 17:17:07.645,3515813888,19.51052704
08/28/2025 17:17:08.656,3515731968,12.3208682
08/28/2025 17:17:09.665,3518398464,13.26655023
08/28/2025 17:17:10.645,3516911616,17.47415077
08/28/2025 17:17:11.657,3517829120,17.80777857
08/28/2025 17:17:12.659,3516338176,9.948092181
08/28/2025 17:17:13.648,3517145088,12.33310624
08/28/2025 17:17:14.644,3514368000,13.27933022
08/28/2025 17:17:15.640,3519102976,19.99218873
08/28/2025 17:17:16.655,3520745472,26.87696216
08/28/2025 17:17:17.663,3520741376,22.52214156
08/28/2025 17:17:18.643,3519258624,13.8692681
08/28/2025 17:17:19.642,3518713856,13.97148183
08/28/2025 17:17:20.657,3519557632,14.94726971
08/28/2025 17:17:21.658,3519049728,9.51613673
08/28/2025 17:17:22.660,3519451136,9.552981643
08/28/2025 17:17:23.642,3518750720,17.63468733
08/28/2025 17:17:24.643,3518676992,13.39656248
08/28/2025 17:17:25.644,3517890560,16.50062934
08/28/2025 17:17:26.645,3519516672,14.90822404
08/28/2025 17:17:27.639,3518554112,13.17690019
08/28/2025 17:17:28.639,3517280256,14.8445164
08/28/2025 17:17:29.642,3516661760,12.75797467
08/28/2025 17:17:30.644,3516538880,10.26303699
08/28/2025 17:17:31.657,3515486208,9.965861271
08/28/2025 17:17:32.662,3516051456,15.83500664
08/28/2025 17:17:33.640,3515236352,6.601800613
08/28/2025 17:17:34.646,3518869504,16.86466654
08/28/2025 17:17:35.641,3544064000,35.63659464
08/28/2025 17:17:36.653,3552813056,24.2876213
08/28/2025 17:17:37.641,3567407104,33.98188272
08/28/2025 17:17:38.648,3569680384,30.97626085
08/28/2025 17:17:39.649,3568168960,16.52495985
08/28/2025 17:17:40.637,3547377664,37.51196606
08/28/2025 17:17:41.647,3570343936,32.69924366
08/28/2025 17:17:42.647,3569807360,9.388084361
08/28/2025 17:17:43.646,3569594368,10.4281156
08/28/2025 17:17:44.653,3567857664,19.03751369
08/28/2025 17:17:45.649,3568025600,11.65332446
08/28/2025 17:17:46.647,3557675008,14.24086757
08/28/2025 17:17:47.651,3556085760,14.47694473
08/28/2025 17:17:48.648,3552980992,9.423630803
08/28/2025 17:17:49.654,3549581312,14.35644606
08/28/2025 17:17:50.651,3549093888,20.30397842
08/28/2025 17:17:51.654,3545726976,21.38033441
08/28/2025 17:17:52.646,3562090496,23.15392868
08/28/2025 17:17:53.640,3568685056,34.40578984
08/28/2025 17:17:54.641,3572080640,20.79208841
08/28/2025 17:17:55.657,3572637696,10.207589
08/28/2025 17:17:56.659,3571896320,1.718669035
08/28/2025 17:17:57.655,3568828416,5.695461019
08/28/2025 17:17:58.659,3567230976,1.749787575
08/28/2025 17:17:59.639,3567890432,4.616223811
08/28/2025 17:18:00.654,3559116800,12.61962811
08/28/2025 17:18:01.651,3574173696,32.22481008
08/28/2025 17:18:02.649,3581153280,44.03083649
08/28/2025 17:18:03.647,3581566976,10.73221087
08/28/2025 17:18:04.638,3581808640,21.55113341
08/28/2025 17:18:05.656,3551789056,19.02198235
08/28/2025 17:18:06.647,3549806592,7.401635597
08/28/2025 17:18:07.656,3545153536,18.33102627
08/28/2025 17:18:08.653,3546144768,18.08243309
08/28/2025 17:18:09.652,3547111424,22.61151946
08/28/2025 17:18:10.652,3545735168,14.44162095
08/28/2025 17:18:11.650,3532075008,15.46034211
08/28/2025 17:18:12.639,3527471104,26.56022842
08/28/2025 17:18:13.635,3555028992,43.07983368
08/28/2025 17:18:14.641,3562848256,56.52353652
08/28/2025 17:18:15.650,3563442176,24.5325782
08/28/2025 17:18:16.647,3558215680,18.82806122
08/28/2025 17:18:17.666,3562532864,22.60355344
08/28/2025 17:18:18.643,3564052480,23.20474976
08/28/2025 17:18:19.655,3566403584,27.08541681
08/28/2025 17:18:20.645,3566583808,7.217342095
08/28/2025 17:18:21.648,3558150144,14.49036456
08/28/2025 17:18:22.645,3559358464,12.09604617
08/28/2025 17:18:23.640,3556728832,10.51710938
08/28/2025 17:18:24.648,3548274688,10.83399191
08/28/2025 17:18:25.656,3543883776,15.21604839
08/28/2025 17:18:26.635,3591958528,44.50107887
08/28/2025 17:18:27.639,3585417216,18.70505238
08/28/2025 17:18:28.659,3589464064,13.44384023
08/28/2025 17:18:29.639,3586269184,23.43112676
08/28/2025 17:18:30.654,3572178944,19.56977446
08/28/2025 17:18:31.639,3571281920,15.98845361
08/28/2025 17:18:32.663,3569393664,7.21728125
08/28/2025 17:18:33.654,3557453824,12.13108229
08/28/2025 17:18:34.657,3555725312,13.11007788
08/28/2025 17:18:35.669,3555082240,12.38170495
08/28/2025 17:18:36.658,3555082240,30.50466251
08/28/2025 17:18:37.654,3555803136,7.860785964
08/28/2025 17:18:38.648,3553841152,17.08770377
08/28/2025 17:18:39.639,3549065216,18.80409193
08/28/2025 17:18:40.638,3539968000,21.76905183
08/28/2025 17:18:41.646,3542941696,18.62440941
08/28/2025 17:18:42.659,3539820544,15.1509772
08/28/2025 17:18:43.650,3545333760,28.31070552
08/28/2025 17:18:44.654,3544236032,10.46784875
08/28/2025 17:18:45.644,3544899584,9.266132614
08/28/2025 17:18:46.639,3543400448,11.22800956
08/28/2025 17:18:47.644,3543695360,11.02779148
08/28/2025 17:18:48.638,3542810624,7.993360675
08/28/2025 17:18:49.647,3543601152,9.408978602
08/28/2025 17:18:50.654,3542044672,11.24758916
08/28/2025 17:18:51.647,3542962176,7.546952989
08/28/2025 17:18:52.639,3542040576,10.21900967
08/28/2025 17:18:53.647,3529625600,9.658813097
08/28/2025 17:18:54.641,3527991296,7.308117119
08/28/2025 17:18:55.650,3528781824,9.391233993
08/28/2025 17:18:56.640,3509657600,9.234792537
08/28/2025 17:18:57.661,3509682176,13.50225564
08/28/2025 17:18:58.652,3508465664,12.8902077
08/28/2025 17:18:59.644,3509272576,9.054985658
08/28/2025 17:19:00.654,3510738944,12.57465289
08/28/2025 17:19:01.658,3508969472,8.601462247
08/28/2025 17:19:02.634,3508367360,8.360273654
08/28/2025 17:19:03.657,3509256192,11.74723868
08/28/2025 17:19:04.647,3508457472,7.710437367
08/28/2025 17:19:05.638,3509235712,12.08141858
08/28/2025 17:19:06.647,3508297728,5.969724476
08/28/2025 17:19:07.641,3508801536,8.014147141
08/28/2025 17:19:08.647,3508252672,9.558799199
08/28/2025 17:19:09.654,3508256768,8.826183626
08/28/2025 17:19:10.659,3508502528,12.53951069
08/28/2025 17:19:11.651,3508174848,10.57704768
08/28/2025 17:19:12.638,3509514240,12.56723699
08/28/2025 17:19:13.661,3508887552,6.463493514
08/28/2025 17:19:14.646,3517079552,10.74223669
08/28/2025 17:19:15.639,3516211200,9.481607368
08/28/2025 17:19:16.645,3516809216,8.412917437
08/28/2025 17:19:17.655,3516252160,9.091811181
08/28/2025 17:19:18.645,3515736064,12.02573743
08/28/2025 17:19:19.654,3515367424,6.291464091
08/28/2025 17:19:20.658,3503796224,13.65093625
08/28/2025 17:19:21.645,3503079424,12.48706741
08/28/2025 17:19:22.636,3491057664,11.76120302
08/28/2025 17:19:23.659,3518689280,17.12785114
08/28/2025 17:19:24.659,3519045632,8.940634187
08/28/2025 17:19:25.659,3518476288,1.981045798
08/28/2025 17:19:26.640,3518062592,3.623840453
08/28/2025 17:19:27.657,3516547072,2.271186244
08/28/2025 17:19:28.640,3517022208,5.199331359
08/28/2025 17:19:29.657,3514814464,1.521729534
08/28/2025 17:19:30.643,3515346944,4.760366415
08/28/2025 17:19:31.657,3501596672,2.300015794
08/28/2025 17:19:32.658,3502321664,2.59981164
08/28/2025 17:19:33.657,3501592576,1.735828173
08/28/2025 17:19:34.656,3493158912,5.527374853
08/28/2025 17:19:35.659,3489488896,0.736879543
08/28/2025 17:19:36.658,3488829440,2.613669644
08/28/2025 17:19:37.656,3489284096,5.124665839
08/28/2025 17:19:38.659,3489271808,0.433015665
08/28/2025 17:19:39.658,3500224512,11.26581973
08/28/2025 17:19:40.654,3514413056,10.69786666
08/28/2025 17:19:41.656,3515936768,10.65798573
08/28/2025 17:19:42.650,3526656000,28.83799605
08/28/2025 17:19:43.656,3519500288,26.55913369
08/28/2025 17:19:44.654,3525824512,18.19034307
08/28/2025 17:19:45.654,3285815296,41.42562055
08/28/2025 17:19:46.639,3185541120,22.681889
08/28/2025 17:19:47.656,3179147264,13.98381362
08/28/2025 17:19:48.654,3177308160,5.670314444
08/28/2025 17:19:49.643,3175882752,4.370434882
08/28/2025 17:19:50.655,3174187008,3.922579072
08/28/2025 17:19:51.655,3173163008,6.821684103
08/28/2025 17:19:52.655,3167436800,0.99263707
08/28/2025 17:19:53.655,3168305152,5.829565057
08/28/2025 17:19:54.657,3158286336,1.336568999
08/28/2025 17:19:55.655,3146309632,3.543515215
08/28/2025 17:19:56.639,3139612672,2.99104622
08/28/2025 17:19:57.640,3140521984,3.923005828
08/28/2025 17:19:58.655,3133665280,3.28421506
08/28/2025 17:19:59.654,3134050304,2.356509456
08/28/2025 17:20:00.638,3135610880,4.404074995
08/28/2025 17:20:01.639,3135352832,6.655555777
08/28/2025 17:20:02.640,3134492672,3.243314076
08/28/2025 17:20:03.654,3134451712,0.823319595
08/28/2025 17:20:04.655,3135471616,4.970251733
08/28/2025 17:20:05.655,3134341120,1.980114874
08/28/2025 17:20:06.657,3134906368,4.295280116
08/28/2025 17:20:07.639,3134005248,1.091763157
08/28/2025 17:20:08.655,3134943232,2.734508211
08/28/2025 17:20:09.655,3134132224,2.546151897
08/28/2025 17:20:10.640,3134824448,4.216101865
08/28/2025 17:20:11.642,3134230528,2.20691262
08/28/2025 17:20:12.657,3134513152,3.382089572
08/28/2025 17:20:13.640,3132989440,2.59847969
08/28/2025 17:20:14.643,3133448192,4.194528663
08/28/2025 17:20:15.657,3132645376,2.204227389
08/28/2025 17:20:16.655,3133153280,5.052931048
08/28/2025 17:20:17.657,3132329984,3.004744275
08/28/2025 17:20:18.640,3133210624,3.933398343
08/28/2025 17:20:19.655,3132870656,0.913008738
08/28/2025 17:20:20.654,3133333504,3.04271235
08/28/2025 17:20:21.657,3132313600,2.65332217
08/28/2025 17:20:22.655,3132932096,2.302851465
08/28/2025 17:20:23.639,3131871232,0.407888678
08/28/2025 17:20:24.659,3132026880,0.852785439
08/28/2025 17:20:25.640,3132735488,3.573683604
08/28/2025 17:20:26.656,3132121088,1.162667975
08/28/2025 17:20:27.658,3133026304,3.388257338
08/28/2025 17:20:28.654,3132436480,0.398911301
08/28/2025 17:20:29.657,3133169664,6.319164907
08/28/2025 17:20:30.639,3132362752,1.070713582
08/28/2025 17:20:31.641,3133210624,4.508346267
08/28/2025 17:20:32.643,3132510208,0.960808055
08/28/2025 17:20:33.658,3133329408,3.826315434
08/28/2025 17:20:34.639,3132731392,3.267934159
08/28/2025 17:20:35.657,3133059072,6.366737654
08/28/2025 17:20:36.642,3131138048,2.460717838
08/28/2025 17:20:37.655,3132387328,4.350197451
08/28/2025 17:20:38.659,3132194816,0.352959781
08/28/2025 17:20:39.655,3132911616,2.722455794
08/28/2025 17:20:40.657,3132092416,0.59413369
08/28/2025 17:20:41.657,3132960768,3.143848207
08/28/2025 17:20:42.657,3131809792,1.195997937
08/28/2025 17:20:43.654,3132792832,3.18154825
08/28/2025 17:20:44.639,3131809792,0.509270741
08/28/2025 17:20:45.654,3132579840,3.369177401
08/28/2025 17:20:46.640,3131650048,0.989082629
08/28/2025 17:20:47.661,3131949056,2.389612411
08/28/2025 17:20:48.640,3131019264,3.044072199
08/28/2025 17:20:49.655,3131138048,4.562179058
08/28/2025 17:20:50.658,3132235776,4.969247176
08/28/2025 17:20:51.655,3131613184,0.511546752
08/28/2025 17:20:52.654,3132301312,5.187732463
08/28/2025 17:20:53.642,3130900480,2.167885001
08/28/2025 17:20:54.658,3131473920,3.663781499
08/28/2025 17:20:55.656,3130372096,0.350475069
08/28/2025 17:20:56.642,3130769408,3.397273991
08/28/2025 17:20:57.656,3130462208,1.29682158
08/28/2025 17:20:58.655,3131342848,4.431173315
08/28/2025 17:20:59.657,3130441728,3.554651433
08/28/2025 17:21:00.642,3133177856,6.816371237
08/28/2025 17:21:01.661,3130212352,2.984669364
08/28/2025 17:21:02.642,3130843136,3.607930006
08/28/2025 17:21:03.657,3130191872,0.681669284
08/28/2025 17:21:04.639,3130802176,4.215487889
08/28/2025 17:21:05.640,3130331136,2.366440039
08/28/2025 17:21:06.654,3130707968,2.971355912
08/28/2025 17:21:07.642,3129634816,1.957142899
08/28/2025 17:21:08.655,3130605568,3.229723169
08/28/2025 17:21:09.640,3129921536,2.797107409
08/28/2025 17:21:10.654,3129974784,0.605002096
08/28/2025 17:21:11.655,3130634240,3.997442829
08/28/2025 17:21:12.640,3129913344,0.434355617
08/28/2025 17:21:13.642,3130757120,3.73665065
08/28/2025 17:21:14.655,3130163200,3.753425454
08/28/2025 17:21:15.639,3130687488,3.338443979
08/28/2025 17:21:16.640,3129839616,0.103772201
08/28/2025 17:21:17.655,3130556416,3.438924918
08/28/2025 17:21:18.655,3129790464,1.595927863
08/28/2025 17:21:19.655,3130286080,5.012996911
08/28/2025 17:21:20.655,3129868288,1.244554133
08/28/2025 17:21:21.655,3130695680,4.053067995
08/28/2025 17:21:22.658,3129880576,0.892072485
08/28/2025 17:21:23.637,3130822656,3.883336347
08/28/2025 17:21:24.643,3129704448,2.058661029
08/28/2025 17:21:25.658,3130691584,4.236968991
08/28/2025 17:21:26.642,3129860096,0.759393566
08/28/2025 17:21:27.657,3130716160,3.538522263
08/28/2025 17:21:28.657,3129954304,1.386939168
08/28/2025 17:21:29.654,3129626624,7.110589006
08/28/2025 17:21:30.642,3128168448,1.619134345
08/28/2025 17:21:31.653,3128946688,3.405650324
08/28/2025 17:21:32.643,3129081856,4.912748375
08/28/2025 17:21:33.661,3128098816,1.009614757
08/28/2025 17:21:34.643,3128958976,6.095704101
08/28/2025 17:21:35.658,3127877632,1.097155598
08/28/2025 17:21:36.642,3127562240,2.327779004
08/28/2025 17:21:37.655,3127521280,3.031686314
08/28/2025 17:21:38.659,3128762368,2.479235598
08/28/2025 17:21:39.640,3128172544,0.452446022
08/28/2025 17:21:40.640,3128700928,4.330345245
08/28/2025 17:21:41.655,3128131584,1.291549542
08/28/2025 17:21:42.657,3128479744,3.156493508
08/28/2025 17:21:43.657,3128012800,1.172621205
08/28/2025 17:21:44.655,3129081856,6.220337493
08/28/2025 17:21:45.654,3128008704,1.527837799
08/28/2025 17:21:46.660,3128750080,6.523912978
08/28/2025 17:21:47.658,3127967744,0.614550786
08/28/2025 17:21:48.657,3128389632,3.294775692
08/28/2025 17:21:49.655,3128811520,3.620465404
08/28/2025 17:21:50.640,3129008128,3.829739484
08/28/2025 17:21:51.642,3128766464,5.337381978
08/28/2025 17:21:52.653,3130032128,4.192468356
08/28/2025 17:21:53.657,3129073664,1.877219008
08/28/2025 17:21:54.757,3253190656,66.7472238
08/28/2025 17:21:59.375,3228712960,99.15128708
08/28/2025 17:21:59.661,3231129600,98.63084423
08/28/2025 17:22:00.638,3255189504,72.03601725
08/28/2025 17:22:01.654,3225268224,33.52184746
08/28/2025 17:22:02.653,3225612288,39.75457472
08/28/2025 17:22:03.646,3227275264,19.28878739
08/28/2025 17:22:04.655,3203256320,11.73576177
08/28/2025 17:22:05.640,3190792192,15.13890901
08/28/2025 17:22:06.651,3189485568,25.89703858
08/28/2025 17:22:07.662,3205099520,33.85360046
08/28/2025 17:22:08.650,3195199488,29.61923303
08/28/2025 17:22:09.650,3197464576,17.60242728
08/28/2025 17:22:10.655,3195125760,16.80296673
08/28/2025 17:22:11.656,3195170816,18.47896321
08/28/2025 17:22:12.657,3197558784,21.9331754
08/28/2025 17:22:13.637,3197804544,29.86323484
08/28/2025 17:22:14.660,3186081792,22.84944964
08/28/2025 17:22:15.639,3184345088,7.8185072
08/28/2025 17:22:16.648,3184521216,26.10869096
08/28/2025 17:22:17.652,3185479680,23.7488563
08/28/2025 17:22:18.652,3184562176,30.41234224
08/28/2025 17:22:19.658,3170639872,11.0868573
08/28/2025 17:22:20.643,3171377152,9.236315937
08/28/2025 17:22:21.645,3171348480,23.96980227
08/28/2025 17:22:22.651,3170160640,25.46022349
08/28/2025 17:22:23.652,3171987456,39.08960513
08/28/2025 17:22:24.643,3172409344,32.19086655
08/28/2025 17:22:25.634,3170537472,32.63708617
08/28/2025 17:22:26.647,3169910784,16.69774972
08/28/2025 17:22:27.655,3171192832,19.76299438
08/28/2025 17:22:28.656,3195670528,50.77861266
08/28/2025 17:22:29.652,3253182464,59.73130656
08/28/2025 17:22:30.649,3251167232,43.15134942
08/28/2025 17:22:31.644,3239968768,11.35418522
08/28/2025 17:22:32.643,3238404096,15.53654988
08/28/2025 17:22:33.643,3237478400,9.367323412
08/28/2025 17:22:34.635,3239591936,21.61901035
08/28/2025 17:22:35.648,3239378944,17.098897
08/28/2025 17:22:36.656,3238690816,12.00421045
08/28/2025 17:22:37.655,3232026624,10.0930814
08/28/2025 17:22:38.656,3233239040,12.14912252
08/28/2025 17:22:39.659,3214204928,12.43833168
08/28/2025 17:22:40.652,3199479808,14.61365396
08/28/2025 17:22:41.651,3197169664,16.73198091
08/28/2025 17:22:42.656,3196559360,9.806001043
08/28/2025 17:22:43.643,3197235200,8.580670071
08/28/2025 17:22:44.653,3191824384,10.29882345
08/28/2025 17:22:45.653,3191926784,13.64428935
08/28/2025 17:22:46.651,3191226368,29.56133025
08/28/2025 17:22:47.658,3182575616,28.9816848
08/28/2025 17:22:48.637,3181608960,6.281363761
08/28/2025 17:22:49.659,3182563328,11.69964502
08/28/2025 17:22:50.648,3180781568,14.68470602
08/28/2025 17:22:51.649,3181174784,16.07237347
08/28/2025 17:22:52.655,3180392448,11.82861604
08/28/2025 17:22:53.657,3181133824,11.97806263
08/28/2025 17:22:54.656,3180204032,12.0180019
08/28/2025 17:22:55.639,3180560384,11.30207565
08/28/2025 17:22:56.647,3179847680,12.50494556
08/28/2025 17:22:57.641,3180294144,10.37816114
08/28/2025 17:22:58.646,3178971136,12.52217038
08/28/2025 17:22:59.641,3175350272,22.6567662
08/28/2025 17:23:00.650,3172130816,12.85908812
08/28/2025 17:23:01.657,3161985024,15.46329416
08/28/2025 17:23:02.644,3161202688,10.92809844
08/28/2025 17:23:03.646,3160477696,10.72427087
08/28/2025 17:23:04.646,3159646208,12.14503911
08/28/2025 17:23:05.639,3160846336,10.34535799
08/28/2025 17:23:06.656,3159179264,29.65859345
08/28/2025 17:23:07.644,3158257664,17.83394711
08/28/2025 17:23:08.634,3155152896,11.98546088
08/28/2025 17:23:09.648,3154386944,16.36392698
08/28/2025 17:23:10.650,3150888960,16.19609172
08/28/2025 17:23:11.650,3150446592,16.78651992
08/28/2025 17:23:12.648,3151634432,17.04450131
08/28/2025 17:23:13.642,3150835712,8.393471247
08/28/2025 17:23:14.645,3151503360,16.66269555
08/28/2025 17:23:15.649,3148402688,12.515666
08/28/2025 17:23:16.649,3148709888,15.21716756
08/28/2025 17:23:17.649,3147591680,12.13797909
08/28/2025 17:23:18.651,3147907072,19.2513103
08/28/2025 17:23:19.648,3147149312,12.65672471
08/28/2025 17:23:20.648,3164901376,24.2155519
08/28/2025 17:23:21.642,3164024832,9.215867608
08/28/2025 17:23:22.638,3163967488,10.18227392
08/28/2025 17:23:23.648,3163742208,16.46888975
08/28/2025 17:23:24.656,3164479488,9.271518972
08/28/2025 17:23:25.644,3163762688,22.16491284
08/28/2025 17:23:26.641,3163856896,13.78977395
08/28/2025 17:23:27.637,3162886144,25.10764174
08/28/2025 17:23:28.650,3151912960,26.70248252
08/28/2025 17:23:29.652,3151704064,23.23524304
08/28/2025 17:23:30.653,3152101376,12.15613929
08/28/2025 17:23:31.658,3138584576,29.30388736
08/28/2025 17:23:32.641,3138957312,10.51618221
08/28/2025 17:23:33.643,3138203648,9.961248192
08/28/2025 17:23:34.649,3136737280,14.23945047
08/28/2025 17:23:35.647,3135897600,11.15652884
08/28/2025 17:23:36.650,3136200704,13.4850101
08/28/2025 17:23:37.643,3135492096,8.313222791
08/28/2025 17:23:38.650,3136659456,12.75998982
08/28/2025 17:23:39.639,3136090112,18.22844192
08/28/2025 17:23:40.661,3135877120,14.3936384
08/28/2025 17:23:41.638,3136606208,13.28420241
08/28/2025 17:23:42.660,3135803392,12.0360226
08/28/2025 17:23:43.650,3136327680,17.18254736
08/28/2025 17:23:44.649,3135778816,20.18946408
08/28/2025 17:23:45.651,3135979520,22.06016945
08/28/2025 17:23:46.652,3135021056,24.65900465
08/28/2025 17:23:47.656,3135680512,27.68145591
08/28/2025 17:23:48.649,3134795776,9.100234627
08/28/2025 17:23:49.645,3135922176,12.10389621
08/28/2025 17:23:50.656,3135029248,13.12631338
08/28/2025 17:23:51.636,3135815680,19.03930679
08/28/2025 17:23:52.647,3134902272,21.56469263
08/28/2025 17:23:53.655,3135483904,10.13487256
08/28/2025 17:23:54.648,3134693376,11.04408163
08/28/2025 17:23:55.645,3135877120,13.83638945
08/28/2025 17:23:56.650,3135033344,7.476703411
08/28/2025 17:23:57.654,3135610880,29.20479339
08/28/2025 17:23:58.644,3133124608,8.102114349
08/28/2025 17:23:59.640,3133546496,9.385810625
08/28/2025 17:24:00.646,3133603840,13.34333309
08/28/2025 17:24:01.652,3133788160,20.39969471
08/28/2025 17:24:02.644,3132653568,15.81426433
08/28/2025 17:24:03.637,3133374464,11.04216338
08/28/2025 17:24:04.656,3132477440,8.778927168
08/28/2025 17:24:05.649,3133046784,14.60200787
08/28/2025 17:24:06.638,3131764736,15.12805466
08/28/2025 17:24:07.660,3132452864,12.45488207
08/28/2025 17:24:08.661,3132071936,12.98806467
08/28/2025 17:24:09.648,3132133376,12.89653299
08/28/2025 17:24:10.642,3130994688,16.3011316
08/28/2025 17:24:11.637,3130183680,10.86509089
08/28/2025 17:24:12.636,3131920384,15.96358625
08/28/2025 17:24:13.656,3130200064,25.67940972
08/28/2025 17:24:14.635,3130466304,15.02517029
08/28/2025 17:24:15.643,3127308288,26.40796711
08/28/2025 17:24:16.640,3127476224,9.066863975
08/28/2025 17:24:17.643,3126329344,9.673943118
08/28/2025 17:24:18.637,3126771712,9.556264346
08/28/2025 17:24:19.654,3126083584,40.12041067
08/28/2025 17:24:20.649,3126886400,9.724489315
08/28/2025 17:24:21.649,3126001664,14.44256366
08/28/2025 17:24:22.657,3125673984,14.34027285
08/28/2025 17:24:23.647,3124658176,12.80160514
08/28/2025 17:24:24.647,3125301248,9.826541189
08/28/2025 17:24:25.654,3124510720,18.4468391
08/28/2025 17:24:26.656,3125256192,11.12437877
08/28/2025 17:24:27.654,3125362688,26.0326068
08/28/2025 17:24:28.647,3126026240,16.60859688
08/28/2025 17:24:29.641,3125022720,11.62221397
08/28/2025 17:24:30.636,3125755904,18.28164761
08/28/2025 17:24:31.649,3124871168,14.43590326
08/28/2025 17:24:32.645,3125915648,11.75437668
08/28/2025 17:24:33.639,3124953088,17.08236374
08/28/2025 17:24:34.653,3125628928,39.86298382
08/28/2025 17:24:35.645,3125022720,16.14970667
08/28/2025 17:24:36.647,3125112832,13.06227853
08/28/2025 17:24:37.648,3124420608,9.889288929
08/28/2025 17:24:38.641,3124555776,9.091533723
08/28/2025 17:24:39.640,3125260288,10.07407569
08/28/2025 17:24:40.656,3124531200,13.47571952
08/28/2025 17:24:41.640,3125096448,11.10741769
08/28/2025 17:24:42.646,3123834880,10.31137528
08/28/2025 17:24:43.653,3124449280,23.18265621
08/28/2025 17:24:44.653,3123920896,9.776510953
08/28/2025 17:24:45.656,3124469760,9.237895786
08/28/2025 17:24:46.638,3123662848,15.29164644
08/28/2025 17:24:47.660,3124387840,17.85897146
08/28/2025 17:24:48.656,3123552256,8.529065127
08/28/2025 17:24:49.638,3124482048,21.97764383
08/28/2025 17:24:50.643,3123654656,11.81428159
08/28/2025 17:24:51.644,3124744192,8.850872574
08/28/2025 17:24:52.652,3123662848,11.49375291
08/28/2025 17:24:53.652,3124260864,24.18639275
08/28/2025 17:24:54.651,3123351552,27.31948198
08/28/2025 17:24:55.659,3124199424,19.73070564
08/28/2025 17:24:56.641,3123445760,8.980302684
08/28/2025 17:24:57.636,3124256768,15.16156155
08/28/2025 17:24:58.650,3123621888,24.14951845
08/28/2025 17:24:59.645,3124523008,21.82231343
08/28/2025 17:25:00.638,3143299072,11.88626138
08/28/2025 17:25:01.656,3140927488,7.153341208
08/28/2025 17:25:02.656,3139710976,12.1283427
08/28/2025 17:25:03.645,3140468736,15.86934637
08/28/2025 17:25:04.658,3139448832,15.5394948
08/28/2025 17:25:05.980,3187159040,50.09210363
08/28/2025 17:25:06.660,3201863680,44.92180512
08/28/2025 17:25:07.647,3201544192,19.55720632
08/28/2025 17:25:08.654,3200913408,34.81997102
08/28/2025 17:25:09.656,3203289088,29.60175074
08/28/2025 17:25:10.644,3276615680,46.5152605
08/28/2025 17:25:11.642,3340242944,71.00784625
08/28/2025 17:25:12.654,3380199424,51.47590637
08/28/2025 17:25:13.648,3409707008,35.054695
08/28/2025 17:25:14.642,3419000832,20.56591847
08/28/2025 17:25:15.655,3406835712,13.67073703
08/28/2025 17:25:16.663,3399741440,8.904375012
08/28/2025 17:25:17.640,3406032896,11.29438618
08/28/2025 17:25:18.635,3406974976,14.33416679
08/28/2025 17:25:19.640,3428941824,17.25177012
08/28/2025 17:25:20.656,3427987456,15.39239616
08/28/2025 17:25:21.638,3426541568,1.771624484
08/28/2025 17:25:22.638,3426422784,0.805175792
08/28/2025 17:25:23.654,3413151744,7.68489067
08/28/2025 17:25:24.641,3404382208,7.795709164
08/28/2025 17:25:25.651,3395174400,9.107789263
08/28/2025 17:25:26.652,3396182016,6.397302565
08/28/2025 17:25:27.646,3395260416,4.420773872
08/28/2025 17:25:28.639,3396014080,2.866310714
08/28/2025 17:25:29.649,3393507328,6.430874533
08/28/2025 17:25:30.657,3393228800,5.070658052
08/28/2025 17:25:31.651,3390427136,4.462803579
08/28/2025 17:25:32.643,3389173760,4.685810654
08/28/2025 17:25:33.651,3381817344,3.53678957
08/28/2025 17:25:34.643,3382784000,5.100994598
08/28/2025 17:25:35.653,3381878784,4.068381939
08/28/2025 17:25:36.645,3368288256,5.890928313
08/28/2025 17:25:37.639,3367473152,4.1516213
08/28/2025 17:25:38.648,3368218624,4.714962697
08/28/2025 17:25:39.647,3362279424,3.064745046
08/28/2025 17:25:40.654,3343659008,9.997824058
08/28/2025 17:25:41.642,3335319552,9.860522537
08/28/2025 17:25:42.652,3326664704,4.11637911
08/28/2025 17:25:43.646,3325095936,6.079369705
08/28/2025 17:25:44.640,3324473344,4.856913353
08/28/2025 17:25:45.648,3324821504,4.288518923
08/28/2025 17:25:46.640,3322306560,5.914041779
08/28/2025 17:25:47.647,3322695680,6.133950533
08/28/2025 17:25:48.652,3321491456,9.003896736
08/28/2025 17:25:49.646,3320983552,3.312297443
08/28/2025 17:25:50.653,3320872960,6.92768743
08/28/2025 17:25:51.647,3320168448,4.093078491
08/28/2025 17:25:52.641,3319451648,4.123400439
08/28/2025 17:25:53.647,3321053184,7.977629902
08/28/2025 17:25:54.641,3320135680,4.921372836
08/28/2025 17:25:55.650,3319382016,5.103010943
08/28/2025 17:25:56.642,3318030336,3.129933285
08/28/2025 17:25:57.634,3318464512,5.899541247
08/28/2025 17:25:58.643,3318009856,4.726696057
08/28/2025 17:25:59.653,3316543488,5.272497494
08/28/2025 17:26:00.646,3319914496,5.588467835
08/28/2025 17:26:01.639,3317174272,7.601997073
08/28/2025 17:26:02.650,3316264960,5.659621001
08/28/2025 17:26:03.643,3316703232,4.439989808
08/28/2025 17:26:04.636,3315720192,3.678059324
08/28/2025 17:26:05.645,3316297728,4.686836217
08/28/2025 17:26:06.637,3314589696,4.747699611
08/28/2025 17:26:07.645,3307245568,5.787476253
08/28/2025 17:26:08.652,3307290624,2.278744876
08/28/2025 17:26:09.645,3308093440,4.755809134
08/28/2025 17:26:10.641,3321520128,11.38967785
08/28/2025 17:26:11.642,3194232832,19.1784041
08/28/2025 17:26:12.653,3194494976,22.33148717
08/28/2025 17:26:13.653,3218284544,60.1704134
08/28/2025 17:26:14.640,3217297408,21.65713562
08/28/2025 17:26:15.653,3220779008,12.46308858
08/28/2025 17:26:16.641,3220131840,14.9512965
08/28/2025 17:26:17.654,3209895936,11.34518203
08/28/2025 17:26:18.654,3209265152,18.37127147
08/28/2025 17:26:19.643,3214077952,33.39978328
08/28/2025 17:26:20.655,3219673088,22.60525809
08/28/2025 17:26:21.660,3213344768,15.66279457
08/28/2025 17:26:22.643,3207106560,10.99667148
08/28/2025 17:26:23.641,3205513216,11.12631564
08/28/2025 17:26:24.655,3200466944,4.457747542
08/28/2025 17:26:25.659,3199483904,3.517423583
08/28/2025 17:26:26.642,3199873024,16.94460439
08/28/2025 17:26:27.655,3201794048,14.8220044
08/28/2025 17:26:28.655,3198951424,6.196935606
08/28/2025 17:26:29.655,3184988160,2.335721996
08/28/2025 17:26:30.655,3185573888,18.76559701
08/28/2025 17:26:31.657,3186360320,16.20852473
08/28/2025 17:26:32.640,3187134464,12.13238669
08/28/2025 17:26:33.654,3184709632,8.369513259
08/28/2025 17:26:34.655,3187699712,15.83306067
08/28/2025 17:26:35.638,3186290688,16.00422395
08/28/2025 17:26:36.644,3186249728,14.22098578
08/28/2025 17:26:37.654,3185446912,21.46527594
08/28/2025 17:26:38.655,3185422336,14.4932925
08/28/2025 17:26:39.653,3185815552,13.90150442
08/28/2025 17:26:40.645,3202260992,23.24631943
08/28/2025 17:26:41.645,3200872448,14.03664222
08/28/2025 17:26:42.644,3199938560,12.47598341
08/28/2025 17:26:43.651,3199041536,13.42426551
08/28/2025 17:26:44.656,3199639552,9.490688141
08/28/2025 17:26:45.647,3199447040,12.45140311
08/28/2025 17:26:46.646,3198787584,8.172165654
08/28/2025 17:26:47.641,3197394944,8.09186726
08/28/2025 17:26:48.644,3198009344,15.13016871
08/28/2025 17:26:49.662,3200339968,12.08567833
08/28/2025 17:26:50.636,3198722048,25.42542342
08/28/2025 17:26:51.652,3185012736,40.78318917
08/28/2025 17:26:52.653,3185090560,23.90868027
08/28/2025 17:26:53.650,3185618944,35.35627444
08/28/2025 17:26:54.645,3182313472,21.89595575
08/28/2025 17:26:55.645,3183087616,20.26654961
08/28/2025 17:26:56.647,3182465024,20.86521179
08/28/2025 17:26:57.636,3182764032,32.05149715
08/28/2025 17:26:58.649,3182407680,18.26605299
08/28/2025 17:26:59.649,3183808512,19.89944383
08/28/2025 17:27:00.642,3184918528,26.89305298
08/28/2025 17:27:01.651,3184230400,36.87521619
08/28/2025 17:27:02.649,3183501312,22.89746299
08/28/2025 17:27:03.643,3187261440,22.55018433
08/28/2025 17:27:04.657,3183747072,19.93359761
08/28/2025 17:27:05.655,3184488448,24.16618959
08/28/2025 17:27:06.639,3184160768,28.408161
08/28/2025 17:27:07.648,3185127424,44.62527513
08/28/2025 17:27:08.636,3186487296,26.47189788
08/28/2025 17:27:09.653,3184750592,43.94992891
08/28/2025 17:27:10.654,3203031040,25.05597569
08/28/2025 17:27:11.654,3202355200,19.50523409
08/28/2025 17:27:12.639,3203088384,18.34006841
08/28/2025 17:27:13.644,3208073216,27.30128143
08/28/2025 17:27:14.647,3207376896,27.62414131
08/28/2025 17:27:15.650,3207942144,28.66348207
08/28/2025 17:27:16.650,3207393280,20.70890032
08/28/2025 17:27:17.653,3207729152,36.10367517
08/28/2025 17:27:18.648,3204947968,25.82259343
08/28/2025 17:27:19.650,3205677056,24.35999259
08/28/2025 17:27:20.652,3204694016,36.08054535
08/28/2025 17:27:21.650,3205799936,25.6307713
08/28/2025 17:27:22.641,3188867072,25.08914108
08/28/2025 17:27:23.659,3189075968,24.84771017
08/28/2025 17:27:24.641,3188260864,19.62856262
08/28/2025 17:27:25.650,3187597312,31.09704163
08/28/2025 17:27:26.643,3186331648,13.07416798
08/28/2025 17:27:27.657,3187163136,27.1929264
08/28/2025 17:27:28.649,3186479104,19.65456732
08/28/2025 17:27:29.637,3184152576,27.62127225
08/28/2025 17:27:30.656,3186155520,28.29156085
08/28/2025 17:27:31.649,3183394816,20.16552261
08/28/2025 17:27:32.639,3182129152,14.42876101
08/28/2025 17:27:33.659,3182718976,13.81762532
08/28/2025 17:27:34.650,3179675648,20.35576653
08/28/2025 17:27:35.654,3178835968,15.21482926
08/28/2025 17:27:36.654,3178520576,10.46912243
08/28/2025 17:27:37.655,3178127360,11.85987996
08/28/2025 17:27:38.635,3179085824,12.30230196
08/28/2025 17:27:39.654,3175034880,16.45647422
08/28/2025 17:27:40.650,3182731264,18.78275244
08/28/2025 17:27:41.640,3185786880,35.31135271
08/28/2025 17:27:42.655,3184164864,19.17841475
08/28/2025 17:27:43.655,3203043328,18.3056905
08/28/2025 17:27:44.656,3224375296,33.32184712
08/28/2025 17:27:45.648,3221258240,5.465820071
08/28/2025 17:27:46.644,3216453632,6.28532957
08/28/2025 17:27:47.640,3218001920,13.70597624
08/28/2025 17:27:48.645,3217637376,5.947112392
08/28/2025 17:27:49.637,3217580032,3.928825938
08/28/2025 17:27:50.646,3218272256,4.734885023
08/28/2025 17:27:51.656,3217096704,2.120682738
08/28/2025 17:27:52.641,3215302656,6.416591157
08/28/2025 17:27:53.649,3214483456,5.09039077
08/28/2025 17:27:54.642,3215269888,5.953762711
08/28/2025 17:27:55.637,3213541376,3.047689674
08/28/2025 17:27:56.646,3211259904,3.249882575
08/28/2025 17:27:57.642,3208478720,3.834148774
08/28/2025 17:27:58.634,3209252864,5.138881345
08/28/2025 17:27:59.643,3208404992,3.237774903
08/28/2025 17:28:00.636,3193802752,8.710099136
08/28/2025 17:28:01.654,3204448256,4.42078872
08/28/2025 17:28:02.657,3214729216,12.37284856
08/28/2025 17:28:03.655,3213045760,3.535520622
08/28/2025 17:28:04.648,3213729792,8.614010589
08/28/2025 17:28:05.654,3211988992,17.93973008
08/28/2025 17:28:06.638,3212300288,4.389739851
08/28/2025 17:28:07.657,3211214848,12.30728495
08/28/2025 17:28:08.642,3212083200,9.503400386
08/28/2025 17:28:09.644,3211948032,8.845755026
08/28/2025 17:28:10.643,3211522048,8.383260541
08/28/2025 17:28:11.643,3211517952,9.007636747
08/28/2025 17:28:12.646,3200110592,18.55136258
08/28/2025 17:28:13.639,3194302464,17.83829223
08/28/2025 17:28:14.645,3180097536,15.31783463
08/28/2025 17:28:15.636,3180437504,14.99209061
08/28/2025 17:28:16.639,3176898560,24.33983653
08/28/2025 17:28:17.656,3177373696,8.212608405
08/28/2025 17:28:18.642,3174735872,13.20839824
08/28/2025 17:28:19.648,3174891520,17.69275946
08/28/2025 17:28:20.643,3174432768,18.32361661
08/28/2025 17:28:21.648,3175026688,11.04609819
08/28/2025 17:28:22.656,3174559744,6.161866605
08/28/2025 17:28:23.648,3175137280,9.823310277
08/28/2025 17:28:24.652,3175497728,22.63169042
08/28/2025 17:28:25.656,3174825984,11.30150973
08/28/2025 17:28:26.638,3174092800,25.16677809
08/28/2025 17:28:27.655,3174850560,13.25196087
08/28/2025 17:28:28.661,3171033088,7.912741133
08/28/2025 17:28:29.651,3171840000,17.95720405
08/28/2025 17:28:30.648,3171049472,20.47971777
08/28/2025 17:28:31.650,3171704832,10.65538797
08/28/2025 17:28:32.651,3171487744,23.16845056
08/28/2025 17:28:33.658,3171123200,8.443589184
08/28/2025 17:28:34.638,3170406400,11.60311469
08/28/2025 17:28:35.641,3171291136,17.36965859
08/28/2025 17:28:36.644,3169861632,9.994674553
08/28/2025 17:28:37.647,3171020800,13.96476116
08/28/2025 17:28:38.649,3170271232,16.19832441
08/28/2025 17:28:39.653,3171110912,14.02385773
08/28/2025 17:28:40.641,3170541568,7.823163079
08/28/2025 17:28:41.642,3170549760,8.721266391
08/28/2025 17:28:42.643,3169927168,11.37898074
08/28/2025 17:28:43.644,3167354880,7.23799795
08/28/2025 17:28:44.652,3167522816,8.804717043
08/28/2025 17:28:45.655,3167023104,16.29702267
08/28/2025 17:28:46.649,3167174656,24.51485699
08/28/2025 17:28:47.653,3166490624,10.59458686
08/28/2025 17:28:48.650,3167178752,17.69009806
08/28/2025 17:28:49.649,3166248960,21.3987654
08/28/2025 17:28:50.646,3165282304,12.24451746
08/28/2025 17:28:51.645,3164438528,9.265719633
08/28/2025 17:28:52.645,3165216768,9.79292666
08/28/2025 17:28:53.644,3164225536,10.86651409
08/28/2025 17:28:54.645,3164930048,8.285094782
08/28/2025 17:28:55.647,3163750400,9.88899197
08/28/2025 17:28:56.653,3164479488,9.978682952
08/28/2025 17:28:57.650,3163578368,23.17354736
08/28/2025 17:28:58.651,3163287552,9.491638126
08/28/2025 17:28:59.651,3162472448,26.18126712
08/28/2025 17:29:00.651,3165851648,19.5062889
08/28/2025 17:29:01.658,3162886144,15.01904368
08/28/2025 17:29:02.646,3163840512,11.44413962
08/28/2025 17:29:03.649,3162976256,9.358510875
08/28/2025 17:29:04.650,3164209152,31.23952778
08/28/2025 17:29:05.650,3163029504,18.02536169
08/28/2025 17:29:06.648,3160944640,14.64514633
08/28/2025 17:29:07.653,3160141824,22.64480197
08/28/2025 17:29:08.645,3162632192,8.682705326
08/28/2025 17:29:09.651,3161755648,11.79718258
08/28/2025 17:29:10.655,3162460160,13.68345919
08/28/2025 17:29:11.646,3161456640,8.867731094
08/28/2025 17:29:12.641,3161948160,7.774066512
08/28/2025 17:29:13.658,3157463040,7.791214524
08/28/2025 17:29:14.644,3158798336,10.50975468
08/28/2025 17:29:15.642,3159568384,11.49173515
08/28/2025 17:29:16.647,3158585344,8.276063602
08/28/2025 17:29:17.646,3159277568,5.457792558
08/28/2025 17:29:18.651,3158401024,17.56220451
08/28/2025 17:29:19.657,3159261184,11.89314166
08/28/2025 17:29:20.644,3158577152,8.146691634
08/28/2025 17:29:21.646,3158933504,9.127194788
08/28/2025 17:29:22.645,3158368256,8.166497616
08/28/2025 17:29:23.652,3159015424,18.1133394
08/28/2025 17:29:24.657,3161092096,10.25795486
08/28/2025 17:29:25.648,3158986752,11.30611382
08/28/2025 17:29:26.655,3158421504,8.069411486
08/28/2025 17:29:27.636,3159031808,12.41642807
08/28/2025 17:29:28.649,3158396928,21.70142681
08/28/2025 17:29:29.657,3159121920,9.702390472
08/28/2025 17:29:30.635,3158278144,16.12046443
08/28/2025 17:29:31.652,3159080960,13.22161282
08/28/2025 17:29:32.650,3158249472,19.72387697
08/28/2025 17:29:33.648,3159023616,9.592255068
08/28/2025 17:29:34.642,3159592960,9.630271067
08/28/2025 17:29:35.651,3160657920,19.07078635
08/28/2025 17:29:36.649,3158786048,18.16814714
08/28/2025 17:29:37.650,3159834624,11.09083275
08/28/2025 17:29:38.657,3159810048,27.44316884
08/28/2025 17:29:39.651,3159900160,12.76382608
08/28/2025 17:29:40.658,3158982656,9.202492807
08/28/2025 17:29:41.644,3160391680,8.855860098
08/28/2025 17:29:42.648,3159289856,10.91827951
08/28/2025 17:29:43.650,3160186880,24.78183772
08/28/2025 17:29:44.650,3159371776,8.156914559
08/28/2025 17:29:45.652,3160006656,17.80606023
08/28/2025 17:29:46.652,3159101440,24.99016621
08/28/2025 17:29:47.653,3158953984,36.77326409
08/28/2025 17:29:48.656,3158790144,16.63291676
08/28/2025 17:29:49.643,3158130688,9.341962151
08/28/2025 17:29:50.648,3158237184,11.78982967
08/28/2025 17:29:51.651,3157069824,12.37609839
08/28/2025 17:29:52.653,3156336640,29.4458099
08/28/2025 17:29:53.645,3156176896,25.21711785
08/28/2025 17:29:54.650,3156713472,10.16506308
08/28/2025 17:29:55.650,3155996672,13.67401088
08/28/2025 17:29:56.651,3156643840,25.06404776
08/28/2025 17:29:57.646,3155726336,16.38653858
08/28/2025 17:29:58.642,3156471808,6.652136321
08/28/2025 17:29:59.641,3155718144,6.210064245
08/28/2025 17:30:00.650,3158724608,8.192811683
08/28/2025 17:30:01.648,3155595264,11.91805721
08/28/2025 17:30:02.652,3156426752,13.68307256
08/28/2025 17:30:03.656,3155914752,19.44368093
08/28/2025 17:30:04.639,3156299776,9.02833549
08/28/2025 17:30:05.653,3155402752,12.94111765
08/28/2025 17:30:06.656,3156164608,6.127432504
08/28/2025 17:30:07.641,3155738624,7.213579836
08/28/2025 17:30:08.652,3156688896,20.75159495
08/28/2025 17:30:09.655,3155791872,7.352052782
08/28/2025 17:30:10.653,3156758528,14.27304195
08/28/2025 17:30:11.657,3155972096,10.08131651
08/28/2025 17:30:12.640,3156586496,11.45184531
08/28/2025 17:30:13.639,3155828736,7.641775823
08/28/2025 17:30:14.648,3156672512,15.60041758
08/28/2025 17:30:15.649,3156336640,13.43913701
08/28/2025 17:30:16.638,3156725760,30.091392
08/28/2025 17:30:17.655,3156221952,11.99308759
08/28/2025 17:30:18.642,3173744640,20.03372506
08/28/2025 17:30:19.645,3177029632,11.20541989
08/28/2025 17:30:20.639,3188187136,23.40409507
08/28/2025 17:30:21.643,3185184768,5.023290158
08/28/2025 17:30:22.643,3184795648,12.90649715
08/28/2025 17:30:23.649,3189526528,11.10134094
08/28/2025 17:30:24.652,3188248576,22.48967908
08/28/2025 17:30:25.644,3188723712,22.4977065
08/28/2025 17:30:26.651,3187671040,12.64607253
08/28/2025 17:30:27.658,3187298304,20.10649918
08/28/2025 17:30:28.645,3186921472,10.97507786
08/28/2025 17:30:29.651,3187478528,20.00532246
08/28/2025 17:30:30.662,3186782208,14.95927149
08/28/2025 17:30:31.649,3170947072,10.95262681
08/28/2025 17:30:32.650,3169890304,21.54031391
08/28/2025 17:30:33.647,3161415680,10.68955635
08/28/2025 17:30:34.645,3158016000,7.600748636
08/28/2025 17:30:35.640,3158597632,8.159417517
08/28/2025 17:30:36.651,3156770816,32.7789165
08/28/2025 17:30:37.659,3157667840,10.91729248
08/28/2025 17:30:38.649,3157700608,24.30562522
08/28/2025 17:30:39.655,3158351872,9.810121071
08/28/2025 17:30:40.650,3157442560,16.74703353
08/28/2025 17:30:41.652,3158364160,16.21344007
08/28/2025 17:30:42.642,3157323776,13.99835382
08/28/2025 17:30:43.643,3158233088,11.02211797
08/28/2025 17:30:44.640,3157389312,9.083321111
08/28/2025 17:30:45.635,3158253568,10.85329901
08/28/2025 17:30:46.652,3157635072,27.06274302
08/28/2025 17:30:47.654,3157438464,9.542012582
08/28/2025 17:30:48.657,3156770816,7.724772661
08/28/2025 17:30:49.641,3157200896,8.624959661
08/28/2025 17:30:50.658,3156729856,8.976515602
08/28/2025 17:30:51.642,3156865024,6.707662488
08/28/2025 17:30:52.648,3157504000,10.74207653
08/28/2025 17:30:53.642,3156602880,8.432355297
08/28/2025 17:30:54.650,3157303296,12.77275068
08/28/2025 17:30:55.645,3155451904,16.42716212
08/28/2025 17:30:56.649,3155861504,15.883272
08/28/2025 17:30:57.647,3154788352,11.97021251
08/28/2025 17:30:58.650,3155480576,10.39217843
08/28/2025 17:30:59.649,3154743296,20.69597678
08/28/2025 17:31:00.649,3158114304,15.59317863
08/28/2025 17:31:01.650,3155333120,11.79149555
08/28/2025 17:31:02.657,3155841024,8.814029528
08/28/2025 17:31:03.639,3154890752,7.339225004
08/28/2025 17:31:04.653,3155144704,10.64353124
08/28/2025 17:31:05.652,3154526208,23.39258507
08/28/2025 17:31:06.658,3155214336,8.325255183
08/28/2025 17:31:07.650,3154219008,14.55190461
08/28/2025 17:31:08.653,3155001344,22.08620094
08/28/2025 17:31:09.660,3154407424,25.94828385
08/28/2025 17:31:10.646,3155226624,10.84491915
08/28/2025 17:31:11.649,3154608128,15.8338163
08/28/2025 17:31:12.649,3155283968,12.90514871
08/28/2025 17:31:13.645,3154255872,12.9866227
08/28/2025 17:31:14.639,3155165184,6.410687345
08/28/2025 17:31:15.651,3154165760,16.26393837
08/28/2025 17:31:16.650,3155271680,18.6358298
08/28/2025 17:31:17.645,3154157568,8.174031865
08/28/2025 17:31:18.650,3155054592,11.33266372
08/28/2025 17:31:19.652,3154296832,19.69323677
08/28/2025 17:31:20.651,3155087360,20.29549106
08/28/2025 17:31:21.644,3154280448,12.28710388
08/28/2025 17:31:22.646,3155165184,11.47795242
08/28/2025 17:31:23.636,3154223104,15.22817605
08/28/2025 17:31:24.652,3154300928,37.64433873
08/28/2025 17:31:25.651,3155107840,14.78737333
08/28/2025 17:31:26.656,3154391040,10.30148788
08/28/2025 17:31:27.646,3154997248,9.967335012
08/28/2025 17:31:28.643,3154403328,9.10243456
08/28/2025 17:31:29.636,3155382272,15.80191827
08/28/2025 17:31:30.648,3154739200,21.5979793
08/28/2025 17:31:31.648,3155476480,4.691731687
08/28/2025 17:31:32.652,3154706432,21.02937136
08/28/2025 17:31:33.644,3155456000,11.45366785
08/28/2025 17:31:34.641,3154685952,8.322844004
08/28/2025 17:31:35.640,3155501056,10.06473187
08/28/2025 17:31:36.641,3153563648,9.066701009
08/28/2025 17:31:37.642,3155091456,13.39028297
08/28/2025 17:31:38.645,3154554880,11.57883054
08/28/2025 17:31:39.647,3155468288,9.128011352
08/28/2025 17:31:40.644,3154579456,7.954109047
08/28/2025 17:31:41.648,3155587072,10.61858431
08/28/2025 17:31:42.644,3154522112,7.810623731
08/28/2025 17:31:43.642,3155607552,9.468133233
08/28/2025 17:31:44.647,3154751488,13.30378814
08/28/2025 17:31:45.652,3155554304,19.93440429
08/28/2025 17:31:46.656,3155996672,16.02870878
08/28/2025 17:31:47.637,3156742144,21.49804426
08/28/2025 17:31:48.645,3156029440,7.45004341
08/28/2025 17:31:49.645,3156856832,9.755567746
08/28/2025 17:31:50.638,3155755008,8.725600905
08/28/2025 17:31:51.652,3156676608,23.33523152
08/28/2025 17:31:52.649,3155763200,14.54951836
08/28/2025 17:31:53.650,3155877888,11.40684502
08/28/2025 17:31:54.651,3153313792,22.74844973
08/28/2025 17:31:55.655,3154378752,17.9269142
08/28/2025 17:31:56.649,3153780736,8.536041971
08/28/2025 17:31:57.653,3154542592,25.58231252
08/28/2025 17:31:58.641,3153920000,8.280418515
08/28/2025 17:31:59.648,3150614528,10.81620119
08/28/2025 17:32:00.642,3156520960,38.2989527
08/28/2025 17:32:01.659,3151929344,8.945055326
08/28/2025 17:32:02.651,3152515072,13.76939025
08/28/2025 17:32:03.654,3151855616,11.32802027
08/28/2025 17:32:04.647,3152060416,10.15569281
08/28/2025 17:32:05.639,3151179776,8.293499075
08/28/2025 17:32:06.650,3151761408,9.592732227
08/28/2025 17:32:07.655,3150954496,17.20388088
08/28/2025 17:32:08.658,3151601664,9.2543112
08/28/2025 17:32:09.645,3150913536,9.348678021
08/28/2025 17:32:10.646,3151589376,11.46262598
08/28/2025 17:32:11.649,3150733312,14.66796194
08/28/2025 17:32:12.648,3151732736,13.58959866
08/28/2025 17:32:13.649,3150741504,20.78560011
08/28/2025 17:32:14.650,3151216640,14.15779343
08/28/2025 17:32:15.658,3150483456,7.72246411
08/28/2025 17:32:16.648,3151118336,10.06255254
08/28/2025 17:32:17.649,3150303232,9.889602895
08/28/2025 17:32:18.653,3150880768,10.8905573
08/28/2025 17:32:19.644,3151040512,7.78127537
08/28/2025 17:32:20.639,3152015360,6.961263125
08/28/2025 17:32:21.658,3151306752,9.8475291
08/28/2025 17:32:22.650,3152076800,11.41444288
08/28/2025 17:32:23.654,3151257600,15.19681112
08/28/2025 17:32:24.648,3154472960,8.823032876
08/28/2025 17:32:25.655,3153117184,18.90295726
08/28/2025 17:32:26.655,3154182144,19.59783907
08/28/2025 17:32:27.653,3152920576,8.797002562
08/28/2025 17:32:28.647,3153641472,12.29521979
08/28/2025 17:32:29.646,3151626240,8.911891192
08/28/2025 17:32:30.648,3152580608,11.56470326
08/28/2025 17:32:31.639,3151638528,8.868466505
08/28/2025 17:32:32.652,3151667200,10.94291128
08/28/2025 17:32:33.652,3152379904,18.75291677
08/28/2025 17:32:34.655,3151757312,12.4296498
08/28/2025 17:32:35.650,3152523264,22.21857392
08/28/2025 17:32:36.649,3150675968,16.02810822
08/28/2025 17:32:37.657,3152064512,7.292483631
08/28/2025 17:32:38.638,3151564800,14.35981121
08/28/2025 17:32:39.657,3152375808,24.53656351
08/28/2025 17:32:40.644,3151609856,10.1456285
08/28/2025 17:32:41.649,3149418496,16.0331043
08/28/2025 17:32:42.650,3148402688,16.85427381
08/28/2025 17:32:43.646,3149221888,14.56443551
08/28/2025 17:32:44.656,3148406784,9.442850061
08/28/2025 17:32:45.637,3149197312,9.998882648
08/28/2025 17:32:46.656,3148529664,9.932356697
08/28/2025 17:32:47.646,3149078528,9.450060074
08/28/2025 17:32:48.641,3148132352,9.532904572
08/28/2025 17:32:49.645,3149197312,18.27257171
08/28/2025 17:32:50.643,3148083200,9.216255544
08/28/2025 17:32:51.646,3148992512,10.79091039
08/28/2025 17:32:52.653,3148177408,7.666706195
08/28/2025 17:32:53.655,3149271040,8.370354104
08/28/2025 17:32:54.657,3147927552,9.22648113
08/28/2025 17:32:55.644,3148685312,11.29628167
08/28/2025 17:32:56.649,3147935744,9.034912481
08/28/2025 17:32:57.648,3148800000,10.08743092
08/28/2025 17:32:58.650,3147948032,9.954105063
08/28/2025 17:32:59.655,3148767232,22.28098084
08/28/2025 17:33:00.661,3150544896,11.81001653
08/28/2025 17:33:01.649,3147284480,12.24053685
08/28/2025 17:33:02.639,3146416128,17.17805719
08/28/2025 17:33:03.653,3147624448,20.6512888
08/28/2025 17:33:04.652,3146600448,8.433572849
08/28/2025 17:33:05.655,3146919936,24.48742375
08/28/2025 17:33:06.636,3147177984,15.18917202
08/28/2025 17:33:07.657,3146297344,13.15088321
08/28/2025 17:33:08.639,3147071488,10.84925812
08/28/2025 17:33:09.652,3146285056,23.00289972
08/28/2025 17:33:10.655,3147055104,21.96455348
08/28/2025 17:33:11.662,3145670656,9.630225666
08/28/2025 17:33:12.647,3146084352,10.41282885
08/28/2025 17:33:13.653,3145310208,16.471236
08/28/2025 17:33:14.649,3146125312,19.31694774
08/28/2025 17:33:15.649,3145449472,15.16612266
08/28/2025 17:33:16.649,3146379264,8.946218466
08/28/2025 17:33:17.642,3145248768,7.616057762
08/28/2025 17:33:18.643,3145646080,8.619427941
08/28/2025 17:33:19.637,3145445376,13.93756297
08/28/2025 17:33:20.645,3146170368,14.81501563
08/28/2025 17:33:21.651,3145453568,9.843211251
08/28/2025 17:33:22.650,3146608640,16.38194223
08/28/2025 17:33:23.649,3145715712,27.99987098
08/28/2025 17:33:24.644,3146375168,11.68712967
08/28/2025 17:33:25.638,3147767808,12.8145375
08/28/2025 17:33:26.654,3147022336,8.876923289
08/28/2025 17:33:27.657,3146104832,8.40712565
08/28/2025 17:33:28.640,3146911744,9.449225582
08/28/2025 17:33:29.637,3146149888,9.519304402
08/28/2025 17:33:30.660,3146985472,9.042804756
08/28/2025 17:33:31.640,3146366976,10.72227516
08/28/2025 17:33:32.646,3146883072,8.82217274
08/28/2025 17:33:33.642,3146059776,6.637859284
08/28/2025 17:33:34.644,3146813440,9.148792515
08/28/2025 17:33:35.639,3147272192,9.306658205
08/28/2025 17:33:36.660,3146825728,10.85086756
08/28/2025 17:33:37.649,3146113024,11.88155039
08/28/2025 17:33:38.651,3147677696,18.5729369
08/28/2025 17:33:39.640,3146964992,24.98120455
08/28/2025 17:33:40.643,3146997760,11.13784861
08/28/2025 17:33:41.649,3147862016,10.28643519
08/28/2025 17:33:42.651,3146756096,11.58880924
08/28/2025 17:33:43.653,3147816960,18.52253048
08/28/2025 17:33:44.650,3147026432,7.8464859
08/28/2025 17:33:45.649,3147833344,15.95216548
08/28/2025 17:33:46.651,3147284480,10.3577568
08/28/2025 17:33:47.647,3147612160,15.23503028
08/28/2025 17:33:48.643,3146686464,14.92785506
08/28/2025 17:33:49.650,3149299712,18.541865
08/28/2025 17:33:50.658,3147964416,16.28430297
08/28/2025 17:33:51.648,3148836864,20.33573657
08/28/2025 17:33:52.657,3148021760,10.58307063
08/28/2025 17:33:53.642,3148746752,11.15428956
08/28/2025 17:33:54.642,3147907072,7.802266052
08/28/2025 17:33:55.649,3148582912,9.727985718
08/28/2025 17:33:56.650,3147821056,16.00975908
08/28/2025 17:33:57.658,3148554240,17.06037821
08/28/2025 17:33:58.642,3148021760,9.829275161
08/28/2025 17:33:59.649,3148820480,11.63357996
08/28/2025 17:34:00.644,3150192640,13.61791734
08/28/2025 17:34:01.637,3147771904,12.2803645
08/28/2025 17:34:02.651,3146911744,15.56861063
08/28/2025 17:34:03.643,3147755520,15.00654513
08/28/2025 17:34:04.645,3147001856,6.825069774
08/28/2025 17:34:05.653,3147243520,9.296511558
08/28/2025 17:34:06.649,3146518528,10.19812442
08/28/2025 17:34:07.650,3146653696,24.64946648
08/28/2025 17:34:08.649,3145781248,13.21265328
08/28/2025 17:34:09.637,3147051008,22.91490054
08/28/2025 17:34:10.656,3146309632,8.415384161
08/28/2025 17:34:11.637,3147042816,8.388580171
08/28/2025 17:34:12.644,3146424320,6.921089636
08/28/2025 17:34:13.639,3146489856,9.633116109
08/28/2025 17:34:14.659,3147239424,10.47569415
08/28/2025 17:34:15.638,3146485760,7.778552129
08/28/2025 17:34:16.649,3147157504,10.77875508
08/28/2025 17:34:17.656,3146481664,9.180083382
08/28/2025 17:34:18.649,3145957376,8.733717466
08/28/2025 17:34:19.649,3145302016,7.827634702
08/28/2025 17:34:20.657,3145879552,11.28649226
08/28/2025 17:34:21.639,3146391552,10.14224054
08/28/2025 17:34:22.646,3147087872,8.734786375
08/28/2025 17:34:23.651,3146559488,19.19689772
08/28/2025 17:34:24.634,3190480896,57.09685844
08/28/2025 17:34:25.651,3189223424,36.61880447
08/28/2025 17:34:26.657,3180154880,23.90148028
08/28/2025 17:34:27.647,3172622336,10.78130238
08/28/2025 17:34:28.652,3173183488,25.73244642
08/28/2025 17:34:29.647,3172302848,15.24914692
08/28/2025 17:34:30.649,3173048320,10.34780983
08/28/2025 17:34:31.649,3172384768,14.85973083
08/28/2025 17:34:32.649,3173007360,10.85683435
08/28/2025 17:34:33.649,3172265984,7.817920306
08/28/2025 17:34:34.648,3173761024,16.70979842
08/28/2025 17:34:35.655,3172130816,8.89891454
08/28/2025 17:34:36.643,3172429824,15.02079393
08/28/2025 17:34:37.652,3171639296,12.860194
08/28/2025 17:34:38.650,3172782080,13.4921326
08/28/2025 17:34:39.652,3172081664,18.8759046
08/28/2025 17:34:40.644,3172982784,21.24542808
08/28/2025 17:34:41.638,3172245504,6.928545448
08/28/2025 17:34:42.657,3172786176,7.604526465
08/28/2025 17:34:43.643,3172134912,7.694456178
08/28/2025 17:34:44.643,3172909056,11.27623434
08/28/2025 17:34:45.657,3172139008,5.648716879
08/28/2025 17:34:46.645,3172433920,9.441036383
08/28/2025 17:34:47.641,3172532224,8.666557888
08/28/2025 17:34:48.642,3171741696,10.19572796
08/28/2025 17:34:49.639,3171995648,9.491941733
08/28/2025 17:34:50.654,3171696640,20.35020768
08/28/2025 17:34:51.652,3172212736,19.74582444
08/28/2025 17:34:52.649,3171434496,20.85172248
08/28/2025 17:34:53.643,3172024320,26.96055586
08/28/2025 17:34:54.641,3171086336,7.984740984
08/28/2025 17:34:55.641,3163881472,10.89821502
08/28/2025 17:34:56.661,3162542080,8.875866718
08/28/2025 17:34:57.645,3162685440,8.683293257
08/28/2025 17:34:58.648,3162488832,13.93225934
08/28/2025 17:34:59.648,3163029504,21.14548645
08/28/2025 17:35:00.641,3166076928,15.4064294
08/28/2025 17:35:01.643,3163201536,10.28496416
08/28/2025 17:35:02.638,3162189824,9.042057547
08/28/2025 17:35:03.644,3163090944,9.023024857
08/28/2025 17:35:04.646,3160440832,7.61063994
08/28/2025 17:35:05.642,3160776704,10.62528732
08/28/2025 17:35:06.643,3159764992,9.438347876
08/28/2025 17:35:07.641,3160494080,11.1647798
08/28/2025 17:35:08.646,3159830528,9.422808894
08/28/2025 17:35:09.646,3162013696,10.16216133
08/28/2025 17:35:10.650,3160588288,15.20208901
08/28/2025 17:35:11.653,3161169920,10.77915754
08/28/2025 17:35:12.653,3160076288,14.51225188
08/28/2025 17:35:13.653,3161001984,7.004057987
08/28/2025 17:35:14.649,3159502848,19.23228021
08/28/2025 17:35:15.650,3161169920,11.39946229
08/28/2025 17:35:16.657,3183579136,24.30408832
08/28/2025 17:35:17.652,3180519424,13.30853004
08/28/2025 17:35:18.639,3176382464,0.979545194
08/28/2025 17:35:19.653,3176579072,2.601351012
08/28/2025 17:35:20.642,3182084096,8.361107291
08/28/2025 17:35:21.657,3181502464,0.259289507
08/28/2025 17:35:22.657,3182166016,2.805176429
08/28/2025 17:35:23.655,3181154304,6.284758983
08/28/2025 17:35:24.654,3181285376,6.727807576
08/28/2025 17:35:25.647,3179937792,11.04303288
08/28/2025 17:35:26.640,3185135616,23.7153399
08/28/2025 17:35:27.659,3183427584,19.45309257
08/28/2025 17:35:28.639,3190611968,58.15905907
08/28/2025 17:35:29.654,3196452864,19.18906781
08/28/2025 17:35:30.640,3201531904,22.7793164
08/28/2025 17:35:31.659,3204087808,27.51955245
08/28/2025 17:35:32.644,3205709824,35.72988356
08/28/2025 17:35:33.649,3195572224,21.12640305
08/28/2025 17:35:34.653,3196407808,12.81175899
08/28/2025 17:35:35.648,3196014592,13.6257486
08/28/2025 17:35:36.648,3196137472,8.247703266
08/28/2025 17:35:37.647,3186601984,15.5534907
08/28/2025 17:35:38.648,3185258496,30.92837946
08/28/2025 17:35:39.638,3181199360,5.725907334
08/28/2025 17:35:40.652,3182186496,10.62509572
08/28/2025 17:35:41.652,3180924928,7.443741044
08/28/2025 17:35:42.657,3209707520,15.17599714
08/28/2025 17:35:43.637,3220992000,9.168363125
08/28/2025 17:35:44.639,3218956288,16.20869355
08/28/2025 17:35:45.652,3223859200,12.45336565
08/28/2025 17:35:46.640,3227648000,18.15955954
08/28/2025 17:35:47.657,3223654400,5.470068116
08/28/2025 17:35:48.641,3223273472,5.125020668
08/28/2025 17:35:49.659,3222433792,16.09897447
08/28/2025 17:35:50.653,3222900736,8.724939016
08/28/2025 17:35:51.654,3221848064,1.279879684
08/28/2025 17:35:52.644,3226537984,10.8307581
08/28/2025 17:35:53.645,3227594752,10.62644034
08/28/2025 17:35:54.643,3226361856,10.2927293
08/28/2025 17:35:55.650,3222798336,10.4193893
08/28/2025 17:35:56.650,3221983232,17.23130947
08/28/2025 17:35:57.651,3222044672,36.42392914
08/28/2025 17:35:58.635,3221762048,10.58728045
08/28/2025 17:35:59.649,3222360064,12.22190421
08/28/2025 17:36:00.647,3203444736,29.50372326
08/28/2025 17:36:01.642,3202260992,10.12263084
08/28/2025 17:36:02.648,3200970752,12.72685087
08/28/2025 17:36:03.635,3199520768,15.22404873
08/28/2025 17:36:04.653,3198636032,9.775259044
08/28/2025 17:36:05.648,3199275008,17.19115599
08/28/2025 17:36:06.650,3198472192,17.3886751
08/28/2025 17:36:07.649,3199016960,11.6251345
08/28/2025 17:36:08.657,3198414848,16.7803091
08/28/2025 17:36:09.647,3199168512,11.0802225
08/28/2025 17:36:10.651,3198734336,12.42732885
08/28/2025 17:36:11.649,3199057920,22.29261001
08/28/2025 17:36:12.652,3197915136,21.55972757
08/28/2025 17:36:13.654,3197480960,14.68159562
08/28/2025 17:36:14.648,3194994688,20.56898903
08/28/2025 17:36:15.653,3195449344,9.910886085
08/28/2025 17:36:16.648,3181334528,17.12215927
08/28/2025 17:36:17.648,3182194688,28.92038063
08/28/2025 17:36:18.649,3174920192,10.22902733
08/28/2025 17:36:19.643,3175788544,27.33222929
08/28/2025 17:36:20.640,3174834176,8.2394902
08/28/2025 17:36:21.659,3174961152,13.38041677
08/28/2025 17:36:22.640,3174121472,6.867672699
08/28/2025 17:36:23.638,3175239680,11.8436226
08/28/2025 17:36:24.644,3174481920,18.85398121
08/28/2025 17:36:25.652,3176124416,15.55555754
08/28/2025 17:36:26.659,3176374272,23.5953636
08/28/2025 17:36:27.651,3175714816,18.45584666
08/28/2025 17:36:28.649,3176235008,24.85003072
08/28/2025 17:36:29.648,3175301120,14.0123348
08/28/2025 17:36:30.655,3176308736,18.54869146
08/28/2025 17:36:31.648,3174772736,13.80976158
08/28/2025 17:36:32.649,3174809600,8.64037995
08/28/2025 17:36:33.655,3174273024,13.87118073
08/28/2025 17:36:34.637,3174309888,25.5783614
08/28/2025 17:36:35.657,3173933056,17.68205622
08/28/2025 17:36:36.647,3174326272,28.94394816
08/28/2025 17:36:37.645,3173015552,10.02959867
08/28/2025 17:36:38.643,3173736448,9.567410808
08/28/2025 17:36:39.641,3172974592,7.274352768
08/28/2025 17:36:40.635,3174100992,11.15203324
08/28/2025 17:36:41.657,3173052416,15.53468647
08/28/2025 17:36:42.648,3173519360,9.33840078
08/28/2025 17:36:43.646,3172790272,16.24064939
08/28/2025 17:36:44.643,3169054720,9.108433213
08/28/2025 17:36:45.645,3168276480,8.767711727
08/28/2025 17:36:46.653,3168833536,12.43589998
08/28/2025 17:36:47.655,3168043008,6.77372847
08/28/2025 17:36:48.653,3168399360,7.269858206
08/28/2025 17:36:49.660,3168083968,9.952349516
08/28/2025 17:36:50.638,3169050624,12.21479705
08/28/2025 17:36:51.651,3168370688,11.68409623
08/28/2025 17:36:52.651,3169316864,19.46617867
08/28/2025 17:36:53.657,3168141312,14.97679641
08/28/2025 17:36:54.639,3169001472,10.90875009
08/28/2025 17:36:55.649,3168145408,9.495043608
08/28/2025 17:36:56.654,3169169408,14.52585534
08/28/2025 17:36:57.656,3170832384,9.962558895
08/28/2025 17:36:58.654,3177881600,27.52596642
08/28/2025 17:36:59.653,3176726528,14.00495211
08/28/2025 17:37:00.659,3179274240,19.73581903
08/28/2025 17:37:01.642,3177435136,8.493876557
08/28/2025 17:37:02.637,3176476672,10.47467196
08/28/2025 17:37:03.647,3177435136,11.07063067
08/28/2025 17:37:04.640,3176755200,7.919731644
08/28/2025 17:37:05.640,3177410560,9.003134454
08/28/2025 17:37:06.638,3176550400,25.65951746
08/28/2025 17:37:07.634,3177156608,14.89569743
08/28/2025 17:37:08.654,3178790912,13.37057391
08/28/2025 17:37:09.657,3178496000,8.171274829
08/28/2025 17:37:10.641,3177750528,7.899747363
08/28/2025 17:37:11.635,3178688512,9.92950077
08/28/2025 17:37:12.652,3177455616,12.87579439
08/28/2025 17:37:13.657,3178713088,16.39808369
08/28/2025 17:37:14.644,3170017280,11.78545941
08/28/2025 17:37:15.636,3171237888,14.94806313
08/28/2025 17:37:16.657,3170582528,11.19415227
08/28/2025 17:37:17.642,3171905536,7.202784701
08/28/2025 17:37:18.656,3170197504,7.959714555
08/28/2025 17:37:19.634,3171119104,11.69140854
08/28/2025 17:37:20.646,3170267136,11.62474875
08/28/2025 17:37:21.644,3170889728,10.40505015
08/28/2025 17:37:22.650,3170136064,10.22378496
08/28/2025 17:37:23.651,3170926592,23.13843518
08/28/2025 17:37:24.651,3170205696,17.18402173
08/28/2025 17:37:25.654,3170836480,18.99142984
08/28/2025 17:37:26.639,3170230272,8.806078394
08/28/2025 17:37:27.639,3170430976,14.81203452
08/28/2025 17:37:28.655,3169644544,6.657687284
08/28/2025 17:37:29.657,3170107392,7.973711652
08/28/2025 17:37:30.649,3169751040,9.41584227
08/28/2025 17:37:31.649,3170164736,15.60429773
08/28/2025 17:37:32.640,3169263616,10.23882595
08/28/2025 17:37:33.643,3169562624,8.050456224
08/28/2025 17:37:34.647,3169865728,8.929644791
08/28/2025 17:37:35.651,3169587200,10.06745162
08/28/2025 17:37:36.655,3169959936,20.25908837
08/28/2025 17:37:37.641,3168821248,8.513230162
08/28/2025 17:37:38.640,3169628160,22.93102221
08/28/2025 17:37:39.650,3167260672,16.50690417
08/28/2025 17:37:40.656,3167985664,16.50941671
08/28/2025 17:37:41.636,3166937088,15.91655708
08/28/2025 17:37:42.656,3167526912,14.93322967
08/28/2025 17:37:43.636,3166781440,10.31800808
08/28/2025 17:37:44.652,3167412224,20.42480651
08/28/2025 17:37:45.655,3166547968,17.40139734
08/28/2025 17:37:46.654,3164499968,10.50003467
08/28/2025 17:37:47.658,3163987968,14.39041041
08/28/2025 17:37:48.646,3163832320,9.509249714
08/28/2025 17:37:49.647,3163824128,10.17993555
08/28/2025 17:37:50.639,3164741632,10.28620476
08/28/2025 17:37:51.658,3163516928,7.580988317
08/28/2025 17:37:52.639,3164377088,19.52586437
08/28/2025 17:37:53.655,3163828224,7.416258931
08/28/2025 17:37:54.635,3163975680,13.91494623
08/28/2025 17:37:55.649,3163234304,11.36770283
08/28/2025 17:37:56.643,3164016640,8.823766729
08/28/2025 17:37:57.648,3163205632,11.4049276
08/28/2025 17:37:58.651,3164061696,25.62077165
08/28/2025 17:37:59.651,3163209728,27.69506057
08/28/2025 17:38:00.655,3166367744,27.26319699
08/28/2025 17:38:01.658,3163381760,9.244910635
08/28/2025 17:38:02.650,3163947008,29.92530674
08/28/2025 17:38:03.649,3163164672,24.92300855
08/28/2025 17:38:04.652,3164106752,19.76395859
08/28/2025 17:38:05.645,3163435008,10.65648009
08/28/2025 17:38:06.646,3162914816,16.49625868
08/28/2025 17:38:07.643,3163541504,10.32285753
08/28/2025 17:38:08.645,3163340800,8.007046698
08/28/2025 17:38:09.646,3164139520,9.445315712
08/28/2025 17:38:10.651,3163357184,12.93224786
08/28/2025 17:38:11.641,3163631616,12.83124944
08/28/2025 17:38:12.635,3162607616,14.25478326
08/28/2025 17:38:13.643,3163529216,17.09164508
08/28/2025 17:38:14.653,3163082752,12.6332354
08/28/2025 17:38:15.647,3163496448,14.28891644
08/28/2025 17:38:16.646,3162607616,15.12211202
08/28/2025 17:38:17.651,3163709440,14.52124737
08/28/2025 17:38:18.651,3162488832,31.25686744
08/28/2025 17:38:19.646,3163017216,10.10205497
08/28/2025 17:38:20.646,3162615808,22.67360204
08/28/2025 17:38:21.648,3163480064,7.6147619
08/28/2025 17:38:22.648,3162853376,11.11255493
08/28/2025 17:38:23.648,3163500544,18.19327781
08/28/2025 17:38:24.655,3162763264,6.079318955
08/28/2025 17:38:25.639,3163516928,19.46939305
08/28/2025 17:38:26.639,3162750976,8.594965687
08/28/2025 17:38:27.662,3157897216,11.00564538
08/28/2025 17:38:28.645,3157364736,9.415232033
08/28/2025 17:38:29.640,3157835776,13.63462868
08/28/2025 17:38:30.645,3157045248,8.587027918
08/28/2025 17:38:31.641,3157893120,9.870973606
08/28/2025 17:38:32.639,3157094400,9.966693877
08/28/2025 17:38:33.652,3157970944,11.68852542
08/28/2025 17:38:34.660,3157016576,10.8256285
08/28/2025 17:38:35.643,3157221376,11.01281954
08/28/2025 17:38:36.662,3155865600,11.03779262
08/28/2025 17:38:37.646,3156852736,12.68333325
08/28/2025 17:38:38.642,3156418560,9.781790299
08/28/2025 17:38:39.643,3156430848,10.25339173
08/28/2025 17:38:40.645,3157008384,9.56824362
08/28/2025 17:38:41.646,3156541440,17.63436102
08/28/2025 17:38:42.643,3156938752,11.49006689
08/28/2025 17:38:43.648,3156525056,13.7022965
08/28/2025 17:38:44.644,3157094400,9.024242969
08/28/2025 17:38:45.646,3155185664,11.84998774
08/28/2025 17:38:46.638,3154530304,13.02364392
08/28/2025 17:38:47.658,3153715200,9.983362044
08/28/2025 17:38:48.646,3153276928,9.813377867
08/28/2025 17:38:49.642,3153104896,7.521841147
08/28/2025 17:38:50.635,3154284544,21.3231448
08/28/2025 17:38:51.655,3153326080,17.27490244
08/28/2025 17:38:52.659,3153797120,7.71658631
08/28/2025 17:38:53.644,3152642048,9.993577776
08/28/2025 17:38:54.642,3153571840,10.06013126
08/28/2025 17:38:55.638,3152834560,20.73126199
08/28/2025 17:38:56.650,3153625088,15.08642189
08/28/2025 17:38:57.650,3152760832,19.15483258
08/28/2025 17:38:58.653,3153477632,19.34321565
08/28/2025 17:38:59.654,3153604608,28.62503782
08/28/2025 17:39:00.654,3156623360,15.16999403
08/28/2025 17:39:01.647,3153559552,17.78095077
08/28/2025 17:39:02.640,3154378752,16.64465666
08/28/2025 17:39:03.650,3153874944,12.55637251
08/28/2025 17:39:04.646,3154333696,23.99679023
08/28/2025 17:39:05.645,3153297408,10.41151179
08/28/2025 17:39:06.641,3154112512,8.978327551
08/28/2025 17:39:07.646,3153354752,11.03008341
08/28/2025 17:39:08.646,3154284544,13.2306027
08/28/2025 17:39:09.643,3153481728,7.920242569
08/28/2025 17:39:10.651,3154235392,26.79094045
08/28/2025 17:39:11.648,3153457152,15.37022205
08/28/2025 17:39:12.651,3153317888,13.13258182
08/28/2025 17:39:13.650,3153973248,29.63814116
08/28/2025 17:39:14.642,3153203200,7.495525523
08/28/2025 17:39:15.644,3153981440,13.01236919
08/28/2025 17:39:16.648,3153051648,10.49814708
08/28/2025 17:39:17.649,3153784832,22.75966708
08/28/2025 17:39:18.642,3153272832,8.052417805
08/28/2025 17:39:19.651,3154190336,12.01268769
08/28/2025 17:39:20.647,3153145856,8.653724753
08/28/2025 17:39:21.644,3153965056,6.741458408
