procs -----------memory---------- ---swap-- -----io---- -system-- ------cpu----- -----timestamp-----
 r  b   swpd   free   buff  cache   si   so    bi    bo   in   cs us sy id wa st                 KST
 0  0      0 31479004   5504 6110176    0    0     0     1    1    0  0  0 100  0  0 2025-08-25 13:13:11
 0  0      0 31478756   5504 6110176    0    0     0     0  893 1375  0  0 100  0  0 2025-08-25 13:13:12
 0  0      0 31478756   5504 6110180    0    0     0     0  831 1336  0  0 100  0  0 2025-08-25 13:13:13
 0  0      0 31478756   5504 6110180    0    0     0     0  808 1291  0  0 100  0  0 2025-08-25 13:13:14
 0  0      0 31478756   5504 6110180    0    0     0     0  792 1298  0  0 100  0  0 2025-08-25 13:13:15
 0  0      0 31478756   5504 6110180    0    0     0    52  951 1389  0  0 100  0  0 2025-08-25 13:13:16
 0  0      0 31476740   5504 6110180    0    0     0     4 1004 1425  0  0 100  0  0 2025-08-25 13:13:17
 0  0      0 31476740   5504 6110180    0    0     0     0  847 1313  0  0 100  0  0 2025-08-25 13:13:18
 0  0      0 31476740   5504 6110180    0    0     0     0  783 1295  0  0 100  0  0 2025-08-25 13:13:19
 0  0      0 31476740   5504 6110180    0    0     0     0  835 1352  0  0 100  0  0 2025-08-25 13:13:20
 0  0      0 31476740   5504 6110180    0    0     0     0  826 1331  0  0 100  0  0 2025-08-25 13:13:21
 0  0      0 31476740   5504 6110180    0    0     0    52  870 1375  0  0 100  0  0 2025-08-25 13:13:22
 1  0      0 31476740   5504 6110180    0    0     0     4  852 1331  0  0 100  0  0 2025-08-25 13:13:23
 0  0      0 31476740   5504 6110180    0    0     0     0 3987 4294  0  0 100  0  0 2025-08-25 13:13:24
 0  0      0 31476740   5504 6110180    0    0     0     0  870 1334  0  0 100  0  0 2025-08-25 13:13:25
 0  0      0 31476740   5504 6110180    0    0     0     0  803 1294  0  0 100  0  0 2025-08-25 13:13:26
 0  0      0 31476740   5504 6110180    0    0     0    56  874 1355  0  0 100  0  0 2025-08-25 13:13:27
 0  0      0 31476740   5504 6110180    0    0     0     0  811 1346  0  0 100  0  0 2025-08-25 13:13:28
 0  0      0 31476740   5504 6110180    0    0     0     4  854 1342  0  0 100  0  0 2025-08-25 13:13:29
 0  0      0 31476740   5504 6110180    0    0     0     0  812 1315  0  0 100  0  0 2025-08-25 13:13:30
 0  0      0 31476740   5504 6110180    0    0     0     0  806 1304  0  0 100  0  0 2025-08-25 13:13:31
 0  0      0 31476740   5504 6110180    0    0     0    48  891 1386  0  0 100  0  0 2025-08-25 13:13:32
 0  0      0 31476740   5504 6110180    0    0     0     0  831 1338  0  0 100  0  0 2025-08-25 13:13:33
 0  0      0 31476740   5504 6110180    0    0     0     4  809 1316  0  0 100  0  0 2025-08-25 13:13:34
 0  0      0 31476740   5504 6110180    0    0     0     4  787 1304  0  0 100  0  0 2025-08-25 13:13:35
 0  0      0 31476740   5504 6110180    0    0     0     0  821 1356  0  0 100  0  0 2025-08-25 13:13:36
 0  0      0 31476740   5504 6110180    0    0     0    48 1066 1691  0  0 100  0  0 2025-08-25 13:13:37
 0  0      0 31474220   5504 6110180    0    0     0     0  866 1331  0  0 100  0  0 2025-08-25 13:13:38
 0  0      0 31474220   5504 6110180    0    0     0     0  809 1296  0  0 100  0  0 2025-08-25 13:13:39
 0  0      0 31474220   5504 6110180    0    0     0    56  857 1388  0  0 100  0  0 2025-08-25 13:13:40
 0  0      0 31474220   5504 6110180    0    0     0     4  880 1382  0  0 100  0  0 2025-08-25 13:13:41
 0  0      0 31474220   5504 6110180    0    0     0    48  872 1377  0  0 100  0  0 2025-08-25 13:13:42
 0  0      0 31474220   5504 6110180    0    0     0     0  838 1371  0  0 100  0  0 2025-08-25 13:13:43
 0  0      0 31474220   5504 6110180    0    0     0     0  846 1384  0  0 100  0  0 2025-08-25 13:13:44
 0  0      0 31474220   5504 6110180    0    0     0     0  800 1322  0  0 100  0  0 2025-08-25 13:13:45
 0  0      0 31474220   5504 6110180    0    0     0     0 3983 4283  0  0 100  0  0 2025-08-25 13:13:46
 0  0      0 31474220   5504 6110180    0    0     0    44  881 1403  0  0 100  0  0 2025-08-25 13:13:47
 0  0      0 31474220   5504 6110180    0    0     0     0  863 1395  0  0 100  0  0 2025-08-25 13:13:48
 0  0      0 31474220   5504 6110184    0    0     0     0  853 1356  0  0 100  0  0 2025-08-25 13:13:49
 0  0      0 31474220   5504 6110184    0    0     0     0  921 1367  0  0 100  0  0 2025-08-25 13:13:50
 0  0      0 31474220   5504 6110184    0    0     0     0  841 1346  0  0 100  0  0 2025-08-25 13:13:51
 0  0      0 31474220   5504 6110184    0    0     0    48  911 1433  0  0 100  0  0 2025-08-25 13:13:52
 0  0      0 31474220   5504 6110184    0    0     0     8  836 1387  0  0 100  0  0 2025-08-25 13:13:53
 0  0      0 31474220   5504 6110184    0    0     0     0  873 1363  0  0 100  0  0 2025-08-25 13:13:54
 0  0      0 31474220   5504 6110184    0    0     0     0  803 1350  0  0 100  0  0 2025-08-25 13:13:55
 1  0      0 31474220   5504 6110184    0    0     0     0  891 1417  0  0 100  0  0 2025-08-25 13:13:56
 0  0      0 31473212   5504 6110184    0    0     0    44 1047 1433  0  0 100  0  0 2025-08-25 13:13:57
 0  0      0 31473212   5504 6110184    0    0     0     0  893 1384  0  0 100  0  0 2025-08-25 13:13:58
 1  0      0 31473212   5504 6110184    0    0     0     4  846 1386  0  0 100  0  0 2025-08-25 13:13:59
 0  0      0 31473212   5504 6110184    0    0     0    16 2498 2902  0  0 100  0  0 2025-08-25 13:14:00
 1  0      0 31473212   5504 6110184    0    0     0     0  864 1378  0  0 100  0  0 2025-08-25 13:14:01
 0  0      0 31472960   5504 6110184    0    0     0    44  852 1374  0  0 100  0  0 2025-08-25 13:14:02
 0  0      0 31472960   5504 6110184    0    0     0     0  883 1377  0  0 100  0  0 2025-08-25 13:14:03
 0  0      0 31472960   5504 6110184    0    0     0    16  899 1420  0  0 100  0  0 2025-08-25 13:14:04
 0  0      0 31472960   5504 6110184    0    0     0     4  931 1404  0  0 100  0  0 2025-08-25 13:14:05
 0  0      0 31472960   5504 6110184    0    0     0     0  956 1426  0  0 100  0  0 2025-08-25 13:14:06
 0  0      0 31472960   5504 6110184    0    0     0     0  901 1402  0  0 100  0  0 2025-08-25 13:14:07
 1  0      0 31472960   5504 6110184    0    0     0    48  877 1404  0  0 100  0  0 2025-08-25 13:14:08
 0  0      0 31472960   5504 6110184    0    0     0     0  863 1382  0  0 100  0  0 2025-08-25 13:14:09
 0  0      0 31472960   5504 6110184    0    0     0     0  856 1445  0  0 100  0  0 2025-08-25 13:14:10
 0  0      0 31472960   5504 6110184    0    0     0    36  870 1414  0  0 100  0  0 2025-08-25 13:14:11
 0  0      0 31472960   5504 6110184    0    0     0     0  883 1401  0  0 100  0  0 2025-08-25 13:14:12
 0  0      0 31472960   5504 6110184    0    0     0    40  908 1412  0  0 100  0  0 2025-08-25 13:14:13
 0  0      0 31472960   5504 6110184    0    0     0     0  800 1332  0  0 100  0  0 2025-08-25 13:14:14
 0  0      0 31472960   5504 6110184    0    0     0     0  833 1355  0  0 100  0  0 2025-08-25 13:14:15
 0  0      0 31472960   5504 6110184    0    0     0     0  863 1408  0  0 100  0  0 2025-08-25 13:14:16
 0  0      0 31472708   5504 6110184    0    0     0     4  909 1419  0  0 100  0  0 2025-08-25 13:14:17
 0  0      0 31472708   5504 6110184    0    0     0    60  843 1366  0  0 100  0  0 2025-08-25 13:14:18
 0  0      0 31472708   5504 6110184    0    0     0     0  866 1356  0  0 100  0  0 2025-08-25 13:14:19
 0  0      0 31472708   5504 6110184    0    0     0     0  820 1374  0  0 100  0  0 2025-08-25 13:14:20
 0  0      0 31472708   5504 6110184    0    0     0     0  847 1374  0  0 100  0  0 2025-08-25 13:14:21
 0  0      0 31472708   5504 6110184    0    0     0     0  928 1411  0  0 100  0  0 2025-08-25 13:14:22
 0  0      0 31472708   5504 6110184    0    0     0    52 2336 2610  0  0 100  0  0 2025-08-25 13:14:23
 0  0      0 31472708   5504 6110184    0    0     0     0 2579 3154  0  0 100  0  0 2025-08-25 13:14:24
 0  0      0 31472708   5504 6110184    0    0     0     0  835 1354  0  0 100  0  0 2025-08-25 13:14:25
 0  0      0 31472708   5504 6110184    0    0     0     0  874 1367  0  0 100  0  0 2025-08-25 13:14:26
 0  0      0 31472708   5504 6110184    0    0     0     0  841 1344  0  0 100  0  0 2025-08-25 13:14:27
 0  0      0 31472708   5504 6110188    0    0     0    64  869 1412  0  0 100  0  0 2025-08-25 13:14:28
 0  0      0 31472708   5504 6110188    0    0     0     8  896 1375  0  0 100  0  0 2025-08-25 13:14:29
 0  0      0 31472708   5504 6110188    0    0     0     0  804 1337  0  0 100  0  0 2025-08-25 13:14:30
 0  0      0 31472708   5504 6110188    0    0     0     0  976 1379  0  0 100  0  0 2025-08-25 13:14:31
 0  0      0 31472708   5504 6110188    0    0     0     0  902 1390  0  0 100  0  0 2025-08-25 13:14:32
 0  0      0 31472708   5504 6110188    0    0     0    44  899 1376  0  0 100  0  0 2025-08-25 13:14:33
 0  0      0 31472708   5504 6110188    0    0     0     0  830 1358  0  0 100  0  0 2025-08-25 13:14:34
 0  0      0 31472708   5504 6110188    0    0     0     8  887 1363  0  0 100  0  0 2025-08-25 13:14:35
 1  0      0 31472708   5504 6110188    0    0     0     0  865 1395  0  0 100  0  0 2025-08-25 13:14:36
 0  0      0 31472708   5504 6110188    0    0     0     0  850 1363  0  0 100  0  0 2025-08-25 13:14:37
 0  0      0 31470944   5504 6110188    0    0     0    44  939 1415  0  0 100  0  0 2025-08-25 13:14:38
 0  0      0 31470944   5504 6110188    0    0     0     0  997 1692  0  0 100  0  0 2025-08-25 13:14:39
 0  0      0 31470944   5504 6110188    0    0     0     0  808 1379  0  0 100  0  0 2025-08-25 13:14:40
 0  0      0 31470944   5504 6110188    0    0     0    28  937 1437  0  0 100  0  0 2025-08-25 13:14:41
 0  0      0 31470944   5504 6110188    0    0     0     0 1784 1952  0  0 100  0  0 2025-08-25 13:14:42
 0  0      0 31470692   5504 6110188    0    0     0    48 1840 1960  0  0 100  0  0 2025-08-25 13:14:43
 0  0      0 31470692   5504 6110188    0    0     0     0 1494 1709  0  0 100  0  0 2025-08-25 13:14:44
 0  0      0 31470692   5504 6110188    0    0     0     0  908 1366  0  0 100  0  0 2025-08-25 13:14:45
 0  0      0 31470692   5504 6110188    0    0     0     0 1580 2101  0  0 100  0  0 2025-08-25 13:14:46
 0  0      0 31470692   5504 6110188    0    0     0     4 3380 3702  0  0 100  0  0 2025-08-25 13:14:47
 0  0      0 31470692   5504 6110188    0    0     0     0  902 1404  0  0 100  0  0 2025-08-25 13:14:48
 0  0      0 31470692   5504 6110188    0    0     0    52  866 1384  0  0 100  0  0 2025-08-25 13:14:49
 0  0      0 31470692   5504 6110188    0    0     0     0  811 1343  0  0 100  0  0 2025-08-25 13:14:50
 0  0      0 31470692   5504 6110188    0    0     0     0  889 1387  0  0 100  0  0 2025-08-25 13:14:51
 0  0      0 31470692   5504 6110188    0    0     0     0  872 1388  0  0 100  0  0 2025-08-25 13:14:52
 0  0      0 31470692   5504 6110188    0    0     0     4 1096 1392  0  0 100  0  0 2025-08-25 13:14:53
 0  0      0 31470692   5504 6110188    0    0     0    40  860 1374  0  0 100  0  0 2025-08-25 13:14:54
 0  0      0 31470692   5504 6110188    0    0     0     0  914 1381  0  0 100  0  0 2025-08-25 13:14:55
 0  0      0 31470692   5504 6110188    0    0     0     0  978 1434  0  0 100  0  0 2025-08-25 13:14:56
 0  0      0 31470692   5504 6110188    0    0     0     0  954 1428  0  0 100  0  0 2025-08-25 13:14:57
 0  0      0 31470692   5504 6110188    0    0     0     0  897 1366  0  0 100  0  0 2025-08-25 13:14:58
 0  0      0 31470692   5504 6110188    0    0     0    56  961 1427  0  0 100  0  0 2025-08-25 13:14:59
 0  0      0 31470692   5504 6110188    0    0     0    16 2496 2966  0  0 100  0  0 2025-08-25 13:15:00
 0  0      0 31470692   5504 6110188    0    0     0     0  939 1394  0  0 100  0  0 2025-08-25 13:15:01
 0  0      0 31470692   5504 6110060    0    0     0     0  902 1367  0  0 100  0  0 2025-08-25 13:15:02
 0  0      0 31470692   5504 6110060    0    0     0     0  854 1356  0  0 100  0  0 2025-08-25 13:15:03
 0  0      0 31470692   5504 6110060    0    0     0    44  839 1386  0  0 100  0  0 2025-08-25 13:15:04
 1  0      0 31470692   5504 6110060    0    0     0    12  821 1359  0  0 100  0  0 2025-08-25 13:15:05
 0  0      0 31470692   5504 6110060    0    0     0     8  884 1387  0  0 100  0  0 2025-08-25 13:15:06
 0  0      0 31470692   5504 6110064    0    0     0     0  846 1392  0  0 100  0  0 2025-08-25 13:15:07
 0  0      0 31470692   5504 6110064    0    0     0     0  887 1396  0  0 100  0  0 2025-08-25 13:15:08
 0  0      0 31470692   5504 6110064    0    0     0    44  959 1410  0  0 100  0  0 2025-08-25 13:15:09
 0  0      0 31470692   5504 6110064    0    0     0     0  842 1451  0  0 100  0  0 2025-08-25 13:15:10
 0  0      0 31470692   5504 6110064    0    0     0    15  943 1430  0  0 100  0  0 2025-08-25 13:15:11
 0  0      0 31470692   5504 6110064    0    0     0     0  883 1404  0  0 100  0  0 2025-08-25 13:15:12
 0  0      0 31470692   5504 6110064    0    0     0     0 1031 1397  0  0 100  0  0 2025-08-25 13:15:13
 0  0      0 31470692   5504 6110064    0    0     0    44  828 1352  0  0 100  0  0 2025-08-25 13:15:14
 0  0      0 31470692   5504 6110064    0    0     0     0  881 1354  0  0 100  0  0 2025-08-25 13:15:15
 0  0      0 31470692   5504 6110064    0    0     0     0  883 1406  0  0 100  0  0 2025-08-25 13:15:16
 0  0      0 31471552   5504 6110064    0    0     0     4 1014 1432  0  0 100  0  0 2025-08-25 13:15:17
 0  0      0 31471552   5504 6110064    0    0     0     0  925 1369  0  0 100  0  0 2025-08-25 13:15:18
 0  0      0 31471604   5504 6110064    0    0     0    56  861 1364  0  0 100  0  0 2025-08-25 13:15:19
 0  0      0 31471604   5504 6110064    0    0     0     0  853 1386  0  0 100  0  0 2025-08-25 13:15:20
 0  0      0 31471604   5504 6110064    0    0     0     0  851 1391  0  0 100  0  0 2025-08-25 13:15:21
 0  0      0 31471604   5504 6110064    0    0     0     0  836 1367  0  0 100  0  0 2025-08-25 13:15:22
 0  0      0 31471604   5504 6110064    0    0     0     4 4018 4353  0  0 100  0  0 2025-08-25 13:15:23
 0  0      0 31471604   5504 6110064    0    0     0    52  847 1384  0  0 100  0  0 2025-08-25 13:15:24
 0  0      0 31471604   5504 6110064    0    0     0     0  875 1377  0  0 100  0  0 2025-08-25 13:15:25
 0  0      0 31471604   5504 6110064    0    0     0     0  834 1374  0  0 100  0  0 2025-08-25 13:15:26
 1  0      0 31471604   5504 6110064    0    0     0     0  825 1346  0  0 100  0  0 2025-08-25 13:15:27
 0  0      0 31471604   5504 6110064    0    0     0     0  897 1419  0  0 100  0  0 2025-08-25 13:15:28
 0  0      0 31471604   5504 6110064    0    0     0    52  863 1367  0  0 100  0  0 2025-08-25 13:15:29
 0  0      0 31471604   5504 6110064    0    0     0     0  873 1373  0  0 100  0  0 2025-08-25 13:15:30
 1  0      0 31471604   5504 6110064    0    0     0     0  858 1390  0  0 100  0  0 2025-08-25 13:15:31
 0  0      0 31471604   5504 6110064    0    0     0     0  823 1382  0  0 100  0  0 2025-08-25 13:15:32
 1  0      0 31471604   5504 6110064    0    0     0     0  846 1336  0  0 100  0  0 2025-08-25 13:15:33
 0  0      0 31471604   5504 6110064    0    0     0     0  807 1334  0  0 100  0  0 2025-08-25 13:15:34
 1  0      0 31471604   5504 6110064    0    0     0    56  850 1405  0  0 100  0  0 2025-08-25 13:15:35
 0  0      0 31471604   5504 6110064    0    0     0     0  869 1423  0  0 100  0  0 2025-08-25 13:15:36
 0  0      0 31471604   5504 6110064    0    0     0     4  867 1383  0  0 100  0  0 2025-08-25 13:15:37
 0  0      0 31470848   5504 6110080    0    0     0    24  943 1425  0  0 100  0  0 2025-08-25 13:15:38
 0  0      0 31470848   5504 6110080    0    0     0     0  834 1341  0  0 100  0  0 2025-08-25 13:15:39
 0  0      0 31470848   5504 6110080    0    0     0    52 1033 1748  0  0 100  0  0 2025-08-25 13:15:40
 0  0      0 31470848   5504 6110080    0    0     0    17  925 1428  0  0 100  0  0 2025-08-25 13:15:41
 0  0      0 31470848   5504 6110080    0    0     0     0  839 1357  0  0 100  0  0 2025-08-25 13:15:42
 0  0      0 31470848   5504 6110080    0    0     0     0  845 1362  0  0 100  0  0 2025-08-25 13:15:43
 0  0      0 31470848   5504 6110080    0    0     0     0  869 1394  0  0 100  0  0 2025-08-25 13:15:44
 0  0      0 31470848   5504 6110080    0    0     0    52  847 1363  0  0 100  0  0 2025-08-25 13:15:45
 0  0      0 31470848   5504 6110084    0    0     0     8 3943 4339  0  0 100  0  0 2025-08-25 13:15:46
 0  0      0 31470848   5504 6110084    0    0     0     8  851 1383  0  0 100  0  0 2025-08-25 13:15:47
 0  0      0 31470848   5504 6110084    0    0     0     0  823 1375  0  0 100  0  0 2025-08-25 13:15:48
 0  0      0 31470848   5504 6110084    0    0     0     0  858 1350  0  0 100  0  0 2025-08-25 13:15:49
 0  0      0 31470848   5504 6110084    0    0     0    40  833 1370  0  0 100  0  0 2025-08-25 13:15:50
 0  0      0 31470848   5504 6110084    0    0     0     0  906 1378  0  0 100  0  0 2025-08-25 13:15:51
 0  0      0 31470848   5504 6110084    0    0     0     0  832 1394  0  0 100  0  0 2025-08-25 13:15:52
 0  0      0 31470848   5504 6110084    0    0     0     4  991 1394  0  0 100  0  0 2025-08-25 13:15:53
 0  0      0 31470848   5504 6110084    0    0     0     0  883 1360  0  0 100  0  0 2025-08-25 13:15:54
 0  0      0 31470848   5504 6110084    0    0     0    44  921 1368  0  0 100  0  0 2025-08-25 13:15:55
 0  0      0 31470848   5504 6110084    0    0     0     0  939 1420  0  0 100  0  0 2025-08-25 13:15:56
 0  0      0 31469840   5504 6110084    0    0     0     0  917 1404  0  0 100  0  0 2025-08-25 13:15:57
 1  0      0 31469840   5504 6110084    0    0     0     0  933 1394  0  0 100  0  0 2025-08-25 13:15:58
 0  0      0 31469840   5504 6110084    0    0     0     4  858 1370  0  0 100  0  0 2025-08-25 13:15:59
 0  0      0 31469840   5504 6110276    0    0     0    60 2537 2994  0  0 100  0  0 2025-08-25 13:16:00
 0  0      0 31469840   5504 6110276    0    0     0     0  954 1413  0  0 100  0  0 2025-08-25 13:16:01
 0  0      0 31469840   5504 6110276    0    0     0     0  800 1345  0  0 100  0  0 2025-08-25 13:16:02
 0  0      0 31469840   5504 6110276    0    0     0     0  825 1347  0  0 100  0  0 2025-08-25 13:16:03
 1  0      0 31469840   5504 6110276    0    0     0     0  845 1372  0  0 100  0  0 2025-08-25 13:16:04
 0  0      0 31469840   5504 6110276    0    0     0    44  878 1370  0  0 100  0  0 2025-08-25 13:16:05
 0  0      0 31469840   5504 6110276    0    0     0     8  907 1419  0  0 100  0  0 2025-08-25 13:16:06
 0  0      0 31469840   5504 6110276    0    0     0     8  947 1409  0  0 100  0  0 2025-08-25 13:16:07
 0  0      0 31469840   5504 6110276    0    0     0     0  933 1417  0  0 100  0  0 2025-08-25 13:16:08
 0  0      0 31469840   5504 6110276    0    0     0     0  833 1362  0  0 100  0  0 2025-08-25 13:16:09
 1  0      0 31469840   5504 6110276    0    0     0    48  870 1451  0  0 100  0  0 2025-08-25 13:16:10
 0  0      0 31469840   5504 6110276    0    0     0    10  887 1425  0  0 100  0  0 2025-08-25 13:16:11
 0  0      0 31469840   5504 6110276    0    0     0     0  895 1414  0  0 100  0  0 2025-08-25 13:16:12
 0  0      0 31469840   5504 6110276    0    0     0     0  888 1388  0  0 100  0  0 2025-08-25 13:16:13
 0  0      0 31469840   5504 6110276    0    0     0     0  814 1341  0  0 100  0  0 2025-08-25 13:16:14
 0  0      0 31469840   5504 6110276    0    0     0     0  845 1340  0  0 100  0  0 2025-08-25 13:16:15
 0  0      0 31469840   5504 6110276    0    0     0    44  848 1402  0  0 100  0  0 2025-08-25 13:16:16
 0  0      0 31469588   5504 6110276    0    0     0     4  885 1397  0  0 100  0  0 2025-08-25 13:16:17
 0  0      0 31469588   5504 6110276    0    0     0     0  809 1345  0  0 100  0  0 2025-08-25 13:16:18
 0  0      0 31469588   5504 6110276    0    0     0     0  803 1347  0  0 100  0  0 2025-08-25 13:16:19
 0  0      0 31469588   5504 6110276    0    0     0     0  855 1390  0  0 100  0  0 2025-08-25 13:16:20
 0  0      0 31469588   5504 6110276    0    0     0    64  954 1414  0  0 100  0  0 2025-08-25 13:16:21
 0  0      0 31469588   5504 6110276    0    0     0     0  835 1368  0  0 100  0  0 2025-08-25 13:16:22
 0  0      0 31469588   5504 6110276    0    0     0     4 4002 4350  0  0 100  0  0 2025-08-25 13:16:23
 0  0      0 31469588   5504 6110276    0    0     0     0  853 1370  0  0 100  0  0 2025-08-25 13:16:24
 0  0      0 31469588   5504 6110280    0    0     0     0  835 1344  0  0 100  0  0 2025-08-25 13:16:25
 0  0      0 31469588   5504 6110280    0    0     0    60  877 1380  0  0 100  0  0 2025-08-25 13:16:26
 0  0      0 31469588   5504 6110280    0    0     0     0  837 1372  0  0 100  0  0 2025-08-25 13:16:27
 0  0      0 31469588   5504 6110280    0    0     0     0  869 1394  0  0 100  0  0 2025-08-25 13:16:28
 0  0      0 31469588   5504 6110280    0    0     0     8  861 1353  0  0 100  0  0 2025-08-25 13:16:29
 0  0      0 31469588   5504 6110280    0    0     0     0  828 1344  0  0 100  0  0 2025-08-25 13:16:30
 0  0      0 31469588   5504 6110280    0    0     0    44  853 1375  0  0 100  0  0 2025-08-25 13:16:31
 0  0      0 31469588   5504 6110280    0    0     0     0  825 1369  0  0 100  0  0 2025-08-25 13:16:32
 0  0      0 31469588   5504 6110280    0    0     0     0  936 1406  0  0 100  0  0 2025-08-25 13:16:33
 0  0      0 31469588   5504 6110280    0    0     0     0  817 1341  0  0 100  0  0 2025-08-25 13:16:34
 0  0      0 31469588   5504 6110280    0    0     0     4  801 1350  0  0 100  0  0 2025-08-25 13:16:35
 0  0      0 31469588   5504 6110280    0    0     0    44  910 1418  0  0 100  0  0 2025-08-25 13:16:36
 0  0      0 31469588   5504 6110280    0    0     0     0  872 1360  0  0 100  0  0 2025-08-25 13:16:37
 0  0      0 31469588   5504 6110280    0    0     0     4  912 1391  0  0 100  0  0 2025-08-25 13:16:38
 0  0      0 31469588   5504 6110280    0    0     0     0  824 1336  0  0 100  0  0 2025-08-25 13:16:39
 0  0      0 31469588   5504 6110280    0    0     0     0  866 1404  0  0 100  0  0 2025-08-25 13:16:40
 0  0      0 31469588   5504 6110280    0    0     0    52  988 1472  0  0 100  0  0 2025-08-25 13:16:41
 0  0      0 31469588   5504 6110280    0    0     0    22 2068 2327  0  0 100  0  0 2025-08-25 13:16:42
 0  0      0 31469588   5504 6110280    0    0     0     0 1865 1948  0  0 100  0  0 2025-08-25 13:16:43
 0  0      0 31469588   5504 6110280    0    0     0     0 1409 1682  0  0 98  2  0 2025-08-25 13:16:44
 0  0      0 31469588   5504 6110280    0    0     0     0  907 1365  0  0 100  0  0 2025-08-25 13:16:45
 0  0      0 31469588   5504 6110280    0    0     0    48 4033 4367  0  0 100  0  0 2025-08-25 13:16:46
 0  0      0 31469588   5504 6110280    0    0     0     4  848 1358  0  0 100  0  0 2025-08-25 13:16:47
 0  0      0 31469588   5504 6110280    0    0     0     0  960 1434  0  0 100  0  0 2025-08-25 13:16:48
 0  0      0 31469588   5504 6110280    0    0     0     0  868 1363  0  0 100  0  0 2025-08-25 13:16:49
 0  0      0 31469588   5504 6110280    0    0     0     0  876 1390  0  0 100  0  0 2025-08-25 13:16:50
 0  0      0 31469588   5504 6110280    0    0     0    48  855 1390  0  0 100  0  0 2025-08-25 13:16:51
 0  0      0 31469588   5504 6110280    0    0     0     0  884 1414  0  0 100  0  0 2025-08-25 13:16:52
 0  0      0 31469588   5504 6110280    0    0     0     4  868 1371  0  0 100  0  0 2025-08-25 13:16:53
 0  0      0 31469588   5504 6110280    0    0     0     0  921 1347  0  0 100  0  0 2025-08-25 13:16:54
 0  0      0 31469588   5504 6110280    0    0     0     0  898 1365  0  0 100  0  0 2025-08-25 13:16:55
 0  0      0 31469588   5504 6110280    0    0     0    44  998 1462  0  0 100  0  0 2025-08-25 13:16:56
 0  0      0 31468076   5504 6110280    0    0     0     0 1060 1430  0  0 100  0  0 2025-08-25 13:16:57
 0  0      0 31468076   5504 6110280    0    0     0     0  912 1403  0  0 100  0  0 2025-08-25 13:16:58
 0  0      0 31468076   5504 6110280    0    0     0     4  898 1372  0  0 100  0  0 2025-08-25 13:16:59
 0  0      0 31468076   5504 6110216    0    0     0    16  970 1492  0  0 100  0  0 2025-08-25 13:17:00
 0  0      0 31468076   5504 6110216    0    0     0     0  876 1361  0  0 100  0  0 2025-08-25 13:17:01
 0  0      0 31467152   5504 6110228    0    0     0    64 3146 4147  2  1 97  0  0 2025-08-25 13:17:02
 0  0      0 31467152   5504 6110228    0    0     0    16 1024 1407  0  0 100  0  0 2025-08-25 13:17:03
 0  0      0 31467152   5504 6110244    0    0     0     0  907 1408  0  0 100  0  0 2025-08-25 13:17:04
 0  0      0 31467152   5504 6110244    0    0     0     8  921 1375  0  0 100  0  0 2025-08-25 13:17:05
 0  0      0 31467152   5504 6110244    0    0     0     0  914 1389  0  0 100  0  0 2025-08-25 13:17:06
 1  0      0 31454048   5504 6110244    0    0     0   116 1877 2499  1  0 98  0  0 2025-08-25 13:17:07
 0  0      0 31454048   5504 6110244    0    0     0     0  953 1405  0  0 100  0  0 2025-08-25 13:17:08
 0  0      0 31453824   5504 6110244    0    0     0    16  894 1378  0  0 100  0  0 2025-08-25 13:17:09
 0  0      0 31453824   5504 6110248    0    0     0     0 1608 2272  1  0 99  0  0 2025-08-25 13:17:10
 0  0      0 31453832   5504 6110252    0    0     0     4 1112 1585  0  0 100  0  0 2025-08-25 13:17:11
 0  0      0 31455048   5504 6110252    0    0     0    99 1005 1526  0  0 100  0  0 2025-08-25 13:17:12
 0  0      0 31455048   5504 6110252    0    0     0    24  898 1412  0  0 100  0  0 2025-08-25 13:17:13
 0  0      0 31456112   5504 6110252    0    0     0     0  865 1360  0  0 100  0  0 2025-08-25 13:17:14
 0  0      0 31457044   5504 6110252    0    0     0     0  871 1365  0  0 100  0  0 2025-08-25 13:17:15
 1  0      0 31457096   5504 6110252    0    0     0     0  902 1412  0  0 100  0  0 2025-08-25 13:17:16
 0  0      0 31457096   5504 6110252    0    0     0    56 1078 1471  0  0 100  0  0 2025-08-25 13:17:17
 1  0      0 31456844   5504 6110252    0    0     0     0  903 1377  0  0 100  0  0 2025-08-25 13:17:18
 0  0      0 31456844   5504 6110252    0    0     0     0  847 1344  0  0 100  0  0 2025-08-25 13:17:19
 0  0      0 31456844   5504 6110252    0    0     0     0  823 1380  0  0 100  0  0 2025-08-25 13:17:20
 0  0      0 31456844   5504 6110252    0    0     0     0  841 1375  0  0 100  0  0 2025-08-25 13:17:21
 0  0      0 31456844   5504 6110252    0    0     0    48  792 1348  0  0 100  0  0 2025-08-25 13:17:22
 0  0      0 31456844   5504 6110252    0    0     0    15 3973 4360  0  0 100  0  0 2025-08-25 13:17:23
 0  0      0 31456844   5504 6110252    0    0     0    70  887 1465  0  0 100  0  0 2025-08-25 13:17:24
 0  0      0 31456592   5504 6110252    0    0     0     0  853 1343  0  0 100  0  0 2025-08-25 13:17:25
 0  0      0 31456592   5504 6110252    0    0     0     0  896 1384  0  0 100  0  0 2025-08-25 13:17:26
 0  0      0 31456592   5504 6110252    0    0     0    64  826 1383  0  0 100  0  0 2025-08-25 13:17:27
 0  0      0 31456592   5504 6110252    0    0     0     8  847 1396  0  0 100  0  0 2025-08-25 13:17:28
 0  0      0 31456592   5504 6110252    0    0     0     4  867 1364  0  0 100  0  0 2025-08-25 13:17:29
 0  0      0 31456592   5504 6110252    0    0     0     0  864 1369  0  0 100  0  0 2025-08-25 13:17:30
 0  0      0 31456592   5504 6110252    0    0     0     0  922 1390  0  0 100  0  0 2025-08-25 13:17:31
 0  0      0 31456592   5504 6110252    0    0     0    52  948 1469  0  0 100  0  0 2025-08-25 13:17:32
 0  0      0 31456592   5504 6110252    0    0     0     0  868 1360  0  0 100  0  0 2025-08-25 13:17:33
 0  0      0 31456592   5504 6110252    0    0     0     0  902 1361  0  0 100  0  0 2025-08-25 13:17:34
 0  0      0 31456592   5504 6110252    0    0     0     4  867 1351  0  0 100  0  0 2025-08-25 13:17:35
 0  0      0 31456592   5504 6110252    0    0     0     0  905 1407  0  0 100  0  0 2025-08-25 13:17:36
 0  0      0 31456592   5504 6110252    0    0     0    44  901 1415  0  0 100  0  0 2025-08-25 13:17:37
 0  0      0 31457804   5504 6110252    0    0     0     0  894 1375  0  0 100  0  0 2025-08-25 13:17:38
 0  0      0 31457812   5504 6110252    0    0     0     8  853 1372  0  0 100  0  0 2025-08-25 13:17:39
 0  0      0 31457812   5504 6110252    0    0     0     0  928 1441  0  0 100  0  0 2025-08-25 13:17:40
 0  0      0 31457812   5504 6110252    0    0     0     4  949 1436  0  0 100  0  0 2025-08-25 13:17:41
 0  0      0 31457812   5504 6110252    0    0     0   313  869 1400  0  0 100  0  0 2025-08-25 13:17:42
 0  0      0 31457812   5504 6110256    0    0     0    56 1006 1697  0  0 100  0  0 2025-08-25 13:17:43
 0  0      0 31457812   5504 6110256    0    0     0     0  847 1382  0  0 100  0  0 2025-08-25 13:17:44
 0  0      0 31457812   5504 6110256    0    0     0     0  804 1336  0  0 100  0  0 2025-08-25 13:17:45
 0  0      0 31457812   5504 6110256    0    0     0     0 4004 4299  0  0 100  0  0 2025-08-25 13:17:46
 0  0      0 31457812   5504 6110256    0    0     0     8  854 1372  0  0 100  0  0 2025-08-25 13:17:47
 0  0      0 31457812   5504 6110256    0    0     0    48  849 1382  0  0 100  0  0 2025-08-25 13:17:48
 0  0      0 31457812   5504 6110256    0    0     0     0  834 1346  0  0 100  0  0 2025-08-25 13:17:49
 0  0      0 31457812   5504 6110256    0    0     0     0  801 1340  0  0 100  0  0 2025-08-25 13:17:50
 0  0      0 31457812   5504 6110256    0    0     0     0  929 1393  0  0 100  0  0 2025-08-25 13:17:51
 0  0      0 31457812   5504 6110256    0    0     0     0  841 1383  0  0 100  0  0 2025-08-25 13:17:52
 0  0      0 31457812   5504 6110256    0    0     0    48  832 1362  0  0 100  0  0 2025-08-25 13:17:53
 0  0      0 31457812   5504 6110256    0    0     0     0  830 1347  0  0 100  0  0 2025-08-25 13:17:54
 0  0      0 31457812   5504 6110256    0    0     0     0  870 1364  0  0 100  0  0 2025-08-25 13:17:55
 0  0      0 31457812   5504 6110256    0    0     0     0  993 1418  0  0 100  0  0 2025-08-25 13:17:56
 1  0      0 31457812   5504 6110256    0    0     0     4  929 1399  0  0 100  0  0 2025-08-25 13:17:57
 0  0      0 31457308   5504 6110256    0    0     0    40  879 1392  0  0 100  0  0 2025-08-25 13:17:58
 0  0      0 31457308   5504 6110256    0    0     0     4  984 1422  0  0 100  0  0 2025-08-25 13:17:59
 0  0      0 31457056   5504 6110256    0    0     0    16 2495 2949  0  0 100  0  0 2025-08-25 13:18:00
 0  0      0 31457056   5504 6110256    0    0     0     0  852 1369  0  0 100  0  0 2025-08-25 13:18:01
 0  0      0 31457056   5504 6110256    0    0     0     0  820 1344  0  0 100  0  0 2025-08-25 13:18:02
 0  0      0 31457056   5504 6110256    0    0     0    40  897 1389  0  0 100  0  0 2025-08-25 13:18:03
 0  0      0 31457056   5504 6110256    0    0     0     0  864 1392  0  0 100  0  0 2025-08-25 13:18:04
 0  0      0 31457056   5504 6110256    0    0     0     4  842 1346  0  0 100  0  0 2025-08-25 13:18:05
 0  0      0 31457056   5504 6110256    0    0     0     0  962 1398  0  0 100  0  0 2025-08-25 13:18:06
 0  0      0 31457056   5504 6110256    0    0     0     0  895 1376  0  0 100  0  0 2025-08-25 13:18:07
 0  0      0 31457056   5504 6110256    0    0     0    44 1003 1429  0  0 100  0  0 2025-08-25 13:18:08
 0  0      0 31457056   5504 6110256    0    0     0     8  886 1388  0  0 100  0  0 2025-08-25 13:18:09
 0  0      0 31457056   5504 6110256    0    0     0     8  876 1463  0  0 100  0  0 2025-08-25 13:18:10
 0  0      0 31457056   5504 6110256    0    0     0     4  901 1404  0  0 100  0  0 2025-08-25 13:18:11
 0  0      0 31457056   5504 6110256    0    0     0    71  952 1460  0  0 100  0  0 2025-08-25 13:18:12
 0  0      0 31457056   5504 6110256    0    0     0    48  867 1378  0  0 100  0  0 2025-08-25 13:18:13
 0  0      0 31457056   5504 6110256    0    0     0     0  876 1367  0  0 100  0  0 2025-08-25 13:18:14
 0  0      0 31457056   5504 6110256    0    0     0     0  953 1408  0  0 100  0  0 2025-08-25 13:18:15
 0  0      0 31457056   5504 6110256    0    0     0     0  949 1433  0  0 100  0  0 2025-08-25 13:18:16
 0  0      0 31457056   5504 6110256    0    0     0     4  929 1397  0  0 100  0  0 2025-08-25 13:18:17
 0  0      0 31457492   5504 6110256    0    0     0    60  895 1382  0  0 100  0  0 2025-08-25 13:18:18
 0  0      0 31457492   5504 6110256    0    0     0     0  857 1371  0  0 100  0  0 2025-08-25 13:18:19
 0  0      0 31457492   5504 6110256    0    0     0     0  959 1416  0  0 100  0  0 2025-08-25 13:18:20
 0  0      0 31457492   5504 6110256    0    0     0     0  916 1382  0  0 100  0  0 2025-08-25 13:18:21
 0  0      0 31457492   5504 6110260    0    0     0     0  875 1380  0  0 100  0  0 2025-08-25 13:18:22
 0  0      0 31457492   5504 6110260    0    0     0    56 1944 2303  0  0 100  0  0 2025-08-25 13:18:23
 0  0      0 31457492   5504 6110260    0    0     0     0 2959 3454  0  0 100  0  0 2025-08-25 13:18:24
 0  0      0 31457492   5504 6110260    0    0     0     0  843 1340  0  0 100  0  0 2025-08-25 13:18:25
 1  0      0 31457492   5504 6110260    0    0     0     0  852 1352  0  0 100  0  0 2025-08-25 13:18:26
 0  0      0 31457492   5504 6110260    0    0     0     0  888 1397  0  0 100  0  0 2025-08-25 13:18:27
 0  0      0 31457492   5504 6110260    0    0     0     0  881 1390  0  0 100  0  0 2025-08-25 13:18:28
 0  0      0 31457492   5504 6110260    0    0     0    52  866 1367  0  0 100  0  0 2025-08-25 13:18:29
 0  0      0 31457492   5504 6110260    0    0     0     0  874 1373  0  0 100  0  0 2025-08-25 13:18:30
 0  0      0 31457492   5504 6110260    0    0     0     0  924 1405  0  0 100  0  0 2025-08-25 13:18:31
 0  0      0 31457492   5504 6110260    0    0     0     0  889 1384  0  0 100  0  0 2025-08-25 13:18:32
 0  0      0 31457492   5504 6110260    0    0     0     0  885 1357  0  0 100  0  0 2025-08-25 13:18:33
 0  0      0 31457492   5504 6110260    0    0     0    48  997 1392  0  0 100  0  0 2025-08-25 13:18:34
 0  0      0 31457492   5504 6110260    0    0     0     4  873 1404  0  0 100  0  0 2025-08-25 13:18:35
 0  0      0 31457492   5504 6110260    0    0     0     0  846 1382  0  0 100  0  0 2025-08-25 13:18:36
 0  0      0 31457492   5504 6110260    0    0     0     0  827 1348  0  0 100  0  0 2025-08-25 13:18:37
 0  0      0 31454216   5504 6110276    0    0     0    24  934 1401  0  0 100  0  0 2025-08-25 13:18:38
 0  0      0 31454216   5504 6110276    0    0     0    48  897 1430  0  0 100  0  0 2025-08-25 13:18:39
 0  0      0 31454216   5504 6110276    0    0     0     0  834 1354  0  0 100  0  0 2025-08-25 13:18:40
 0  0      0 31454216   5504 6110276    0    0     0    12 1152 1530  0  0 100  0  0 2025-08-25 13:18:41
 0  0      0 31453964   5504 6110276    0    0     0    22 1791 2001  0  0 100  0  0 2025-08-25 13:18:42
 0  0      0 31453964   5504 6110276    0    0     0     0 1804 1993  0  0 100  0  0 2025-08-25 13:18:43
 0  0      0 31453964   5504 6110276    0    0     0    48 1296 1870  0  0 100  0  0 2025-08-25 13:18:44
 0  0      0 31453964   5504 6110276    0    0     0     0  922 1368  0  0 100  0  0 2025-08-25 13:18:45
 1  0      0 31453964   5504 6110276    0    0     0     0 1180 1871  0  0 100  0  0 2025-08-25 13:18:46
 0  0      0 31453964   5504 6110276    0    0     0     4 3731 3908  0  0 100  0  0 2025-08-25 13:18:47
 0  0      0 31453964   5504 6110276    0    0     0     0  853 1364  0  0 100  0  0 2025-08-25 13:18:48
 0  0      0 31453964   5504 6110276    0    0     0    48  944 1377  0  0 100  0  0 2025-08-25 13:18:49
 0  0      0 31453964   5504 6110276    0    0     0     0  842 1368  0  0 100  0  0 2025-08-25 13:18:50
 0  0      0 31453964   5504 6110276    0    0     0     0  891 1418  0  0 100  0  0 2025-08-25 13:18:51
 0  0      0 31453964   5504 6110276    0    0     0     0  835 1344  0  0 100  0  0 2025-08-25 13:18:52
 0  0      0 31453964   5504 6110276    0    0     0     4  857 1364  0  0 100  0  0 2025-08-25 13:18:53
 0  0      0 31453964   5504 6110276    0    0     0    44  856 1356  0  0 100  0  0 2025-08-25 13:18:54
 0  0      0 31453712   5504 6110276    0    0     0     0  886 1392  0  0 100  0  0 2025-08-25 13:18:55
 0  0      0 31453712   5504 6110276    0    0     0     0  861 1373  0  0 100  0  0 2025-08-25 13:18:56
 0  0      0 31452200   5504 6110276    0    0     0     0 1028 1416  0  0 100  0  0 2025-08-25 13:18:57
 1  0      0 31452200   5504 6110276    0    0     0     0  941 1387  0  0 100  0  0 2025-08-25 13:18:58
 0  0      0 31452200   5504 6110276    0    0     0    44  916 1429  0  0 100  0  0 2025-08-25 13:18:59
 1  0      0 31452200   5504 6110148    0    0     0    16 2546 2947  0  0 100  0  0 2025-08-25 13:19:00
 2  0      0 31452200   5504 6110152    0    0     0     0  902 1377  0  0 100  0  0 2025-08-25 13:19:01
 0  0      0 31452200   5504 6110152    0    0     0     0  841 1349  0  0 100  0  0 2025-08-25 13:19:02
 0  0      0 31452200   5504 6110152    0    0     0     0  889 1416  0  0 100  0  0 2025-08-25 13:19:03
 0  0      0 31452200   5504 6110152    0    0     0    48  903 1356  0  0 100  0  0 2025-08-25 13:19:04
 0  0      0 31452200   5504 6110152    0    0     0     8  826 1364  0  0 100  0  0 2025-08-25 13:19:05
 0  0      0 31452200   5504 6110152    0    0     0     0  894 1367  0  0 100  0  0 2025-08-25 13:19:06
 1  0      0 31452200   5504 6110152    0    0     0     0  880 1400  0  0 100  0  0 2025-08-25 13:19:07
 1  0      0 31452200   5504 6110152    0    0     0     0  882 1347  0  0 100  0  0 2025-08-25 13:19:08
 0  1      0 31452200   5504 6110152    0    0     0    20  859 1360  0  0 100  0  0 2025-08-25 13:19:09
 0  0      0 31452200   5504 6110152    0    0     0    36  912 1468  0  0 100  0  0 2025-08-25 13:19:10
 0  0      0 31452200   5504 6110152    0    0     0     4  938 1451  0  0 100  0  0 2025-08-25 13:19:11
 0  0      0 31452200   5504 6110152    0    0     0     8  858 1378  0  0 100  0  0 2025-08-25 13:19:12
 0  0      0 31452200   5504 6110152    0    0     0     6  883 1409  0  0 100  0  0 2025-08-25 13:19:13
 0  0      0 31452200   5504 6110152    0    0     0     0  863 1367  0  0 100  0  0 2025-08-25 13:19:14
 0  0      0 31452200   5504 6110152    0    0     0    52  872 1409  0  0 100  0  0 2025-08-25 13:19:15
 1  0      0 31452200   5504 6110152    0    0     0     0  829 1358  0  0 100  0  0 2025-08-25 13:19:16
 0  0      0 31452200   5504 6110152    0    0     0     4 1014 1441  0  0 100  0  0 2025-08-25 13:19:17
 0  0      0 31452200   5504 6110152    0    0     0     0  959 1403  0  0 100  0  0 2025-08-25 13:19:18
 0  0      0 31452200   5504 6110152    0    0     0     0  958 1401  0  0 100  0  0 2025-08-25 13:19:19
 0  0      0 31452200   5504 6110152    0    0     0    56  920 1408  0  0 100  0  0 2025-08-25 13:19:20
 0  0      0 31452200   5504 6110152    0    0     0     0  855 1376  0  0 100  0  0 2025-08-25 13:19:21
 0  0      0 31452200   5504 6110152    0    0     0     0  778 1338  0  0 100  0  0 2025-08-25 13:19:22
 0  0      0 31452200   5504 6110152    0    0     0     4 4000 4349  0  0 100  0  0 2025-08-25 13:19:23
 0  0      0 31452200   5504 6110152    0    0     0     0 1015 1382  0  0 100  0  0 2025-08-25 13:19:24
 0  0      0 31452200   5504 6110152    0    0     0    48  879 1354  0  0 100  0  0 2025-08-25 13:19:25
 0  0      0 31452200   5504 6110152    0    0     0     0  809 1347  0  0 100  0  0 2025-08-25 13:19:26
 0  0      0 31452200   5504 6110152    0    0     0     0 1037 1448  0  0 100  0  0 2025-08-25 13:19:27
 0  0      0 31452200   5504 6110152    0    0     0     0  806 1339  0  0 100  0  0 2025-08-25 13:19:28
 0  0      0 31452200   5504 6110152    0    0     0     8  838 1367  0  0 100  0  0 2025-08-25 13:19:29
 0  0      0 31452200   5504 6110152    0    0     0    48  917 1395  0  0 100  0  0 2025-08-25 13:19:30
 0  0      0 31452200   5504 6110152    0    0     0     0  979 1444  0  0 100  0  0 2025-08-25 13:19:31
 0  0      0 31452200   5504 6110152    0    0     0     0  898 1380  0  0 100  0  0 2025-08-25 13:19:32
 0  0      0 31452200   5504 6110152    0    0     0     0  867 1360  0  0 100  0  0 2025-08-25 13:19:33
 0  0      0 31452200   5504 6110152    0    0     0     0  880 1367  0  0 100  0  0 2025-08-25 13:19:34
 0  0      0 31452200   5504 6110152    0    0     0    52  916 1425  0  0 100  0  0 2025-08-25 13:19:35
 0  0      0 31452200   5504 6110152    0    0     0     0  895 1381  0  0 100  0  0 2025-08-25 13:19:36
 0  0      0 31452200   5504 6110152    0    0     0     0  843 1369  0  0 100  0  0 2025-08-25 13:19:37
 0  0      0 31451696   5504 6110152    0    0     0     0  887 1375  0  0 100  0  0 2025-08-25 13:19:38
 0  0      0 31451696   5504 6110152    0    0     0     0  893 1403  0  0 100  0  0 2025-08-25 13:19:39
 0  0      0 31451696   5504 6110152    0    0     0    52  847 1363  0  0 100  0  0 2025-08-25 13:19:40
 0  0      0 31451696   5504 6110156    0    0     0     8  912 1395  0  0 100  0  0 2025-08-25 13:19:41
 0  0      0 31451696   5504 6110156    0    0     0     4  869 1377  0  0 100  0  0 2025-08-25 13:19:42
 0  0      0 31451696   5504 6110156    0    0     0    24  919 1447  0  0 100  0  0 2025-08-25 13:19:43
 0  0      0 31451696   5504 6110156    0    0     0     0  876 1366  0  0 100  0  0 2025-08-25 13:19:44
 0  0      0 31451696   5504 6110156    0    0     0    48  844 1354  0  0 100  0  0 2025-08-25 13:19:45
 0  0      0 31451696   5504 6110156    0    0     0     0 4199 4635  0  0 100  0  0 2025-08-25 13:19:46
 0  0      0 31451696   5504 6110156    0    0     0     4  890 1426  0  0 100  0  0 2025-08-25 13:19:47
 0  0      0 31451696   5504 6110156    0    0     0     0  862 1350  0  0 100  0  0 2025-08-25 13:19:48
 0  0      0 31451696   5504 6110156    0    0     0     0  858 1348  0  0 100  0  0 2025-08-25 13:19:49
 0  0      0 31451696   5504 6110156    0    0     0    48  863 1362  0  0 100  0  0 2025-08-25 13:19:50
 0  0      0 31451696   5504 6110156    0    0     0     0  897 1431  0  0 100  0  0 2025-08-25 13:19:51
 0  0      0 31451696   5504 6110156    0    0     0     0  863 1365  0  0 100  0  0 2025-08-25 13:19:52
 0  0      0 31451696   5504 6110156    0    0     0     4  956 1402  0  0 100  0  0 2025-08-25 13:19:53
 0  0      0 31451696   5504 6110156    0    0     0     0  995 1354  0  0 100  0  0 2025-08-25 13:19:54
 0  0      0 31451696   5504 6110156    0    0     0     0  821 1362  0  0 100  0  0 2025-08-25 13:19:55
 0  0      0 31451696   5504 6110156    0    0     0    48  872 1388  0  0 100  0  0 2025-08-25 13:19:56
 0  0      0 31452504   5504 6110156    0    0     0     0 1006 1430  0  0 100  0  0 2025-08-25 13:19:57
 0  0      0 31452504   5504 6110156    0    0     0     0  836 1356  0  0 100  0  0 2025-08-25 13:19:58
 0  0      0 31452652   5504 6110156    0    0     0     4  916 1434  0  0 100  0  0 2025-08-25 13:19:59
 0  0      0 31452904   5504 6110104    0    0     0    16 2618 3032  0  0 100  0  0 2025-08-25 13:20:00
 0  0      0 31452904   5504 6110232    0    0     0    68  876 1387  0  0 100  0  0 2025-08-25 13:20:01
 0  0      0 31452904   5504 6110232    0    0     0     0  834 1363  0  0 100  0  0 2025-08-25 13:20:02
 0  0      0 31452904   5504 6110232    0    0     0     0  884 1406  0  0 100  0  0 2025-08-25 13:20:03
 0  0      0 31452904   5504 6110232    0    0     0     0  807 1347  0  0 100  0  0 2025-08-25 13:20:04
 0  0      0 31452904   5504 6110232    0    0     0    36  824 1372  0  0 100  0  0 2025-08-25 13:20:05
 0  0      0 31452904   5504 6110232    0    0     0    40  912 1414  0  0 100  0  0 2025-08-25 13:20:06
 0  0      0 31452904   5504 6110232    0    0     0     0  909 1419  0  0 100  0  0 2025-08-25 13:20:07
 0  0      0 31452904   5504 6110232    0    0     0     0  874 1366  0  0 100  0  0 2025-08-25 13:20:08
 0  0      0 31452904   5504 6110232    0    0     0     0  920 1385  0  0 100  0  0 2025-08-25 13:20:09
 0  0      0 31452904   5504 6110232    0    0     0     0  861 1445  0  0 100  0  0 2025-08-25 13:20:10
 0  0      0 31452904   5504 6110232    0    0     0    56  917 1461  0  0 100  0  0 2025-08-25 13:20:11
 0  0      0 31452904   5504 6110232    0    0     0     0  842 1350  0  0 100  0  0 2025-08-25 13:20:12
 0  0      0 31452904   5504 6110232    0    0     0    82  936 1428  0  0 100  0  0 2025-08-25 13:20:13
 0  0      0 31452904   5504 6110232    0    0     0     0  848 1368  0  0 100  0  0 2025-08-25 13:20:14
 0  0      0 31452904   5504 6110232    0    0     0     0 1037 1419  0  0 100  0  0 2025-08-25 13:20:15
 0  0      0 31452904   5504 6110232    0    0     0    52  908 1400  0  0 100  0  0 2025-08-25 13:20:16
 0  0      0 31452652   5504 6110232    0    0     0     4  908 1400  0  0 100  0  0 2025-08-25 13:20:17
 0  0      0 31452652   5504 6110232    0    0     0     0  819 1335  0  0 100  0  0 2025-08-25 13:20:18
 0  0      0 31452652   5504 6110236    0    0     0     0  858 1398  0  0 100  0  0 2025-08-25 13:20:19
 0  0      0 31452652   5504 6110236    0    0     0     0  838 1347  0  0 100  0  0 2025-08-25 13:20:20
 0  0      0 31452652   5504 6110236    0    0     0    56  978 1430  0  0 100  0  0 2025-08-25 13:20:21
 0  0      0 31452652   5504 6110236    0    0     0     0  818 1338  0  0 100  0  0 2025-08-25 13:20:22
 0  0      0 31452652   5504 6110236    0    0     0     8 3972 4362  0  0 100  0  0 2025-08-25 13:20:23
 0  0      0 31452652   5504 6110236    0    0     0     0  854 1354  0  0 100  0  0 2025-08-25 13:20:24
 0  0      0 31452652   5504 6110236    0    0     0     0  823 1352  0  0 100  0  0 2025-08-25 13:20:25
 0  0      0 31452652   5504 6110236    0    0     0    56  860 1371  0  0 100  0  0 2025-08-25 13:20:26
 0  0      0 31452652   5504 6110236    0    0     0     0  913 1426  0  0 100  0  0 2025-08-25 13:20:27
 0  0      0 31452652   5504 6110236    0    0     0     0  830 1356  0  0 100  0  0 2025-08-25 13:20:28
 0  0      0 31452652   5504 6110236    0    0     0     4  872 1357  0  0 100  0  0 2025-08-25 13:20:29
 0  0      0 31452652   5504 6110236    0    0     0     0  815 1339  0  0 100  0  0 2025-08-25 13:20:30
 0  0      0 31452652   5504 6110236    0    0     0    52  972 1428  0  0 100  0  0 2025-08-25 13:20:31
 0  0      0 31452652   5504 6110236    0    0     0     0  835 1364  0  0 100  0  0 2025-08-25 13:20:32
 0  0      0 31452652   5504 6110236    0    0     0     0  834 1351  0  0 100  0  0 2025-08-25 13:20:33
 0  0      0 31452652   5504 6110236    0    0     0     0  847 1348  0  0 100  0  0 2025-08-25 13:20:34
 0  0      0 31452652   5504 6110236    0    0     0     4  894 1424  0  0 100  0  0 2025-08-25 13:20:35
 0  1      0 31452652   5504 6110236    0    0     0    24  854 1373  0  0 100  0  0 2025-08-25 13:20:36
 0  0      0 31452652   5504 6110236    0    0     0    24  876 1380  0  0 100  0  0 2025-08-25 13:20:37
 0  0      0 31451644   5504 6110236    0    0     0     0  919 1409  0  0 100  0  0 2025-08-25 13:20:38
 0  0      0 31451644   5504 6110236    0    0     0     0  860 1392  0  0 100  0  0 2025-08-25 13:20:39
 0  0      0 31451644   5504 6110236    0    0     0     0  815 1354  0  0 100  0  0 2025-08-25 13:20:40
 1  0      0 31451644   5504 6110236    0    0     0     8  875 1380  0  0 100  0  0 2025-08-25 13:20:41
 1  0      0 31451644   5504 6110236    0    0     0    56 1269 1620  0  0 100  0  0 2025-08-25 13:20:42
 0  0      0 31451644   5504 6110236    0    0     0   167 1903 2024  0  0 100  0  0 2025-08-25 13:20:43
 0  0      0 31451644   5504 6110236    0    0     0     4 1890 1940  0  0 100  0  0 2025-08-25 13:20:44
 0  0      0 31451644   5504 6110236    0    0     0     0 1052 1452  0  0 100  0  0 2025-08-25 13:20:45
 0  0      0 31451644   5504 6110236    0    0     0     0 4091 4361  0  0 100  0  0 2025-08-25 13:20:46
 0  0      0 31451644   5504 6110236    0    0     0    44 1017 1751  0  0 100  0  0 2025-08-25 13:20:47
 0  0      0 31451644   5504 6110236    0    0     0     0  827 1350  0  0 100  0  0 2025-08-25 13:20:48
 0  0      0 31451644   5504 6110236    0    0     0     0  876 1358  0  0 100  0  0 2025-08-25 13:20:49
 0  0      0 31451644   5504 6110236    0    0     0     0  930 1378  0  0 100  0  0 2025-08-25 13:20:50
 0  0      0 31451644   5504 6110236    0    0     0     0  899 1404  0  0 100  0  0 2025-08-25 13:20:51
 1  0      0 31451644   5504 6110236    0    0     0    48  871 1379  0  0 100  0  0 2025-08-25 13:20:52
 0  0      0 31451644   5504 6110236    0    0     0     4  834 1362  0  0 100  0  0 2025-08-25 13:20:53
 0  0      0 31451644   5504 6110236    0    0     0     0  813 1340  0  0 100  0  0 2025-08-25 13:20:54
 0  0      0 31451644   5504 6110236    0    0     0     0  930 1410  0  0 100  0  0 2025-08-25 13:20:55
 0  0      0 31451644   5504 6110236    0    0     0     0  922 1377  0  0 100  0  0 2025-08-25 13:20:56
 0  0      0 31449880   5504 6110236    0    0     0    44 1049 1441  0  0 100  0  0 2025-08-25 13:20:57
 0  0      0 31449880   5504 6110240    0    0     0     0  881 1377  0  0 100  0  0 2025-08-25 13:20:58
 0  0      0 31449880   5504 6110240    0    0     0     8  923 1411  0  0 100  0  0 2025-08-25 13:20:59
 0  0      0 31449880   5504 6110112    0    0     0    16 2517 2918  0  0 100  0  0 2025-08-25 13:21:00
 0  0      0 31449880   5504 6110112    0    0     0     0  967 1399  0  0 100  0  0 2025-08-25 13:21:01
 0  0      0 31449880   5504 6110112    0    0     0    48  889 1398  0  0 100  0  0 2025-08-25 13:21:02
 0  0      0 31449880   5504 6110112    0    0     0     0  861 1411  0  0 100  0  0 2025-08-25 13:21:03
 0  0      0 31449880   5504 6110112    0    0     0     0  867 1360  0  0 100  0  0 2025-08-25 13:21:04
 0  0      0 31449880   5504 6110112    0    0     0     4  889 1374  0  0 100  0  0 2025-08-25 13:21:05
 0  0      0 31449880   5504 6110112    0    0     0     0  897 1388  0  0 100  0  0 2025-08-25 13:21:06
 0  0      0 31449880   5504 6110112    0    0     0    52  882 1410  0  0 100  0  0 2025-08-25 13:21:07
 0  0      0 31449880   5504 6110112    0    0     0     0  860 1368  0  0 100  0  0 2025-08-25 13:21:08
 0  0      0 31449880   5504 6110112    0    0     0     0  844 1364  0  0 100  0  0 2025-08-25 13:21:09
 0  0      0 31449880   5504 6110112    0    0     0     0  846 1427  0  0 100  0  0 2025-08-25 13:21:10
 0  0      0 31449880   5504 6110112    0    0     0     4  946 1431  0  0 100  0  0 2025-08-25 13:21:11
 0  0      0 31449880   5504 6110112    0    0     0    44  884 1388  0  0 100  0  0 2025-08-25 13:21:12
 0  0      0 31449880   5504 6110112    0    0     0    22  870 1414  0  0 100  0  0 2025-08-25 13:21:13
 0  0      0 31449880   5504 6110112    0    0     0     8  794 1342  0  0 100  0  0 2025-08-25 13:21:14
 0  0      0 31449880   5504 6110112    0    0     0     0  837 1382  0  0 100  0  0 2025-08-25 13:21:15
 0  0      0 31449880   5504 6110112    0    0     0     0  824 1343  0  0 100  0  0 2025-08-25 13:21:16
 0  0      0 31449880   5504 6110112    0    0     0    56  884 1391  0  0 100  0  0 2025-08-25 13:21:17
 0  0      0 31449880   5504 6110112    0    0     0     0  872 1377  0  0 100  0  0 2025-08-25 13:21:18
 0  0      0 31449880   5504 6110112    0    0     0     0  988 1441  0  0 100  0  0 2025-08-25 13:21:19
 0  0      0 31449880   5504 6110112    0    0     0     0  861 1362  0  0 100  0  0 2025-08-25 13:21:20
 0  0      0 31449880   5504 6110112    0    0     0     0  886 1367  0  0 100  0  0 2025-08-25 13:21:21
 0  0      0 31449880   5504 6110112    0    0     0     0  808 1348  0  0 100  0  0 2025-08-25 13:21:22
 0  0      0 31449880   5504 6110112    0    0     0    52 4061 4389  0  0 100  0  0 2025-08-25 13:21:23
 0  0      0 31449880   5504 6110112    0    0     0     0  813 1333  0  0 100  0  0 2025-08-25 13:21:24
 0  0      0 31449880   5504 6110112    0    0     0     0  827 1342  0  0 100  0  0 2025-08-25 13:21:25
 0  0      0 31449880   5504 6110112    0    0     0     0  850 1364  0  0 100  0  0 2025-08-25 13:21:26
 0  0      0 31449880   5504 6110112    0    0     0     0  845 1389  0  0 100  0  0 2025-08-25 13:21:27
 0  0      0 31449880   5504 6110112    0    0     0    64  869 1370  0  0 100  0  0 2025-08-25 13:21:28
 0  0      0 31449880   5504 6110112    0    0     0     4  835 1346  0  0 100  0  0 2025-08-25 13:21:29
 0  0      0 31449880   5504 6110112    0    0     0     0  830 1335  0  0 100  0  0 2025-08-25 13:21:30
 0  0      0 31449880   5504 6110112    0    0     0     0  858 1398  0  0 100  0  0 2025-08-25 13:21:31
 0  0      0 31449880   5504 6110112    0    0     0     0  897 1362  0  0 100  0  0 2025-08-25 13:21:32
 0  0      0 31449880   5504 6110112    0    0     0    48  888 1389  0  0 100  0  0 2025-08-25 13:21:33
 0  0      0 31449880   5504 6110112    0    0     0     0  859 1352  0  0 100  0  0 2025-08-25 13:21:34
 0  0      0 31449880   5504 6110112    0    0     0     4  863 1404  0  0 100  0  0 2025-08-25 13:21:35
 0  0      0 31449880   5504 6110112    0    0     0     0  803 1350  0  0 100  0  0 2025-08-25 13:21:36
 2  0      0 31449124   5504 6110116    0    0     0     0  848 1372  0  0 100  0  0 2025-08-25 13:21:37
 1  0      0 31450336   5504 6110116    0    0     0    44  989 1403  0  0 100  0  0 2025-08-25 13:21:38
 0  0      0 31450456   5504 6110116    0    0     0     0  875 1396  0  0 100  0  0 2025-08-25 13:21:39
 1  0      0 31450456   5504 6110116    0    0     0     0  828 1356  0  0 100  0  0 2025-08-25 13:21:40
 0  0      0 31450456   5504 6110116    0    0     0     8  892 1375  0  0 100  0  0 2025-08-25 13:21:41
 0  0      0 31450456   5504 6110116    0    0     0     0  860 1348  0  0 100  0  0 2025-08-25 13:21:42
 0  0      0 31450456   5504 6110116    0    0     0    60  914 1410  0  0 100  0  0 2025-08-25 13:21:43
 0  0      0 31450456   5504 6110116    0    0     0    22  839 1373  0  0 100  0  0 2025-08-25 13:21:44
 0  0      0 31450456   5504 6110116    0    0     0     4  829 1347  0  0 100  0  0 2025-08-25 13:21:45
 0  0      0 31450456   5504 6110116    0    0     0     0 3985 4343  0  0 100  0  0 2025-08-25 13:21:46
 0  0      0 31450204   5504 6110116    0    0     0     4  839 1414  0  0 100  0  0 2025-08-25 13:21:47
 0  0      0 31450204   5504 6110116    0    0     0    40  814 1354  0  0 100  0  0 2025-08-25 13:21:48
 0  0      0 31450204   5504 6110116    0    0     0     0 1022 1697  0  0 100  0  0 2025-08-25 13:21:49
 0  0      0 31450204   5504 6110116    0    0     0     0  852 1369  0  0 100  0  0 2025-08-25 13:21:50
 0  0      0 31450204   5504 6110116    0    0     0     0  887 1408  0  0 100  0  0 2025-08-25 13:21:51
 0  0      0 31450204   5504 6110116    0    0     0     0  825 1334  0  0 100  0  0 2025-08-25 13:21:52
 0  0      0 31450204   5504 6110116    0    0     0    44  930 1387  0  0 100  0  0 2025-08-25 13:21:53
 0  0      0 31450204   5504 6110116    0    0     0     0  877 1366  0  0 100  0  0 2025-08-25 13:21:54
 0  0      0 31450204   5504 6110116    0    0     0     0  857 1384  0  0 100  0  0 2025-08-25 13:21:55
 0  0      0 31450204   5504 6110116    0    0     0     0  831 1354  0  0 100  0  0 2025-08-25 13:21:56
 0  0      0 31449952   5504 6110116    0    0     0     0  902 1396  0  0 100  0  0 2025-08-25 13:21:57
 0  0      0 31449952   5504 6110116    0    0     0    44  871 1376  0  0 100  0  0 2025-08-25 13:21:58
 0  0      0 31449952   5504 6110116    0    0     0     4  842 1405  0  0 100  0  0 2025-08-25 13:21:59
 0  0      0 31449952   5504 6110116    0    0     0    16 2580 2930  0  0 100  0  0 2025-08-25 13:22:00
 0  0      0 31449952   5504 6110116    0    0     0     0  894 1358  0  0 100  0  0 2025-08-25 13:22:01
 0  0      0 31449700   5504 6110244    0    0     0     0  838 1353  0  0 100  0  0 2025-08-25 13:22:02
 0  0      0 31449700   5504 6110244    0    0     0    56  850 1396  0  0 100  0  0 2025-08-25 13:22:03
 0  0      0 31449700   5504 6110244    0    0     0     0  855 1358  0  0 100  0  0 2025-08-25 13:22:04
 0  0      0 31449700   5504 6110244    0    0     0     4  868 1365  0  0 100  0  0 2025-08-25 13:22:05
 0  0      0 31449700   5504 6110244    0    0     0     0  859 1396  0  0 100  0  0 2025-08-25 13:22:06
 0  0      0 31449700   5504 6110244    0    0     0     0  931 1443  0  0 100  0  0 2025-08-25 13:22:07
 0  0      0 31449700   5504 6110244    0    0     0     0  863 1361  0  0 100  0  0 2025-08-25 13:22:08
 0  0      0 31449700   5504 6110244    0    0     0    40  941 1410  0  0 100  0  0 2025-08-25 13:22:09
 0  0      0 31449700   5504 6110244    0    0     0     0  896 1444  0  0 100  0  0 2025-08-25 13:22:10
 0  0      0 31449700   5504 6110244    0    0     0     4  911 1444  0  0 100  0  0 2025-08-25 13:22:11
 0  0      0 31449700   5504 6110244    0    0     0     0  841 1370  0  0 100  0  0 2025-08-25 13:22:12
 0  0      0 31449700   5504 6110244    0    0     0     0  930 1389  0  0 100  0  0 2025-08-25 13:22:13
 0  0      0 31449700   5504 6110244    0    0     0    69  961 1423  0  0 100  0  0 2025-08-25 13:22:14
 1  0      0 31449700   5504 6110244    0    0     0     0  833 1371  0  0 100  0  0 2025-08-25 13:22:15
 0  0      0 31449700   5504 6110248    0    0     0     8  830 1367  0  0 100  0  0 2025-08-25 13:22:16
 0  0      0 31449700   5504 6110248    0    0     0     8  952 1399  0  0 100  0  0 2025-08-25 13:22:17
 0  0      0 31449700   5504 6110248    0    0     0     0  797 1339  0  0 100  0  0 2025-08-25 13:22:18
 0  0      0 31449700   5504 6110248    0    0     0    56  893 1422  0  0 100  0  0 2025-08-25 13:22:19
 0  0      0 31449700   5504 6110248    0    0     0     0  849 1366  0  0 100  0  0 2025-08-25 13:22:20
 0  0      0 31449700   5504 6110248    0    0     0     0  911 1385  0  0 100  0  0 2025-08-25 13:22:21
 0  0      0 31449700   5504 6110248    0    0     0     0  937 1394  0  0 100  0  0 2025-08-25 13:22:22
 0  0      0 31449700   5504 6110248    0    0     0     4 4010 4388  0  0 100  0  0 2025-08-25 13:22:23
 0  0      0 31449700   5504 6110248    0    0     0   124  928 1472  0  0 100  0  0 2025-08-25 13:22:24
 0  0      0 31449700   5504 6110248    0    0     0     0  838 1338  0  0 100  0  0 2025-08-25 13:22:25
 0  0      0 31449700   5504 6110248    0    0     0     0  840 1370  0  0 100  0  0 2025-08-25 13:22:26
 0  0      0 31449700   5504 6110248    0    0     0     0  857 1422  0  0 100  0  0 2025-08-25 13:22:27
 0  0      0 31449700   5504 6110248    0    0     0     0  819 1359  0  0 100  0  0 2025-08-25 13:22:28
 0  0      0 31449700   5504 6110248    0    0     0    52  831 1376  0  0 100  0  0 2025-08-25 13:22:29
 0  0      0 31449700   5504 6110248    0    0     0     0  820 1347  0  0 100  0  0 2025-08-25 13:22:30
 0  0      0 31449700   5504 6110248    0    0     0     0  880 1423  0  0 100  0  0 2025-08-25 13:22:31
 0  0      0 31449700   5504 6110248    0    0     0     0  913 1396  0  0 100  0  0 2025-08-25 13:22:32
 0  0      0 31449700   5504 6110248    0    0     0     0  842 1350  0  0 100  0  0 2025-08-25 13:22:33
 0  0      0 31449700   5504 6110248    0    0     0    60  852 1368  0  0 100  0  0 2025-08-25 13:22:34
 0  0      0 31449700   5504 6110248    0    0     0     4  932 1457  0  0 100  0  0 2025-08-25 13:22:35
 0  0      0 31449700   5504 6110248    0    0     0     0  879 1386  0  0 100  0  0 2025-08-25 13:22:36
 1  0      0 31449700   5504 6110248    0    0     0     0  890 1412  0  0 100  0  0 2025-08-25 13:22:37
 0  0      0 31449700   5504 6110248    0    0     0     0  931 1375  0  0 100  0  0 2025-08-25 13:22:38
 0  0      0 31449700   5504 6110248    0    0     0    48  888 1422  0  0 100  0  0 2025-08-25 13:22:39
 0  0      0 31449700   5504 6110248    0    0     0     0  859 1368  0  0 100  0  0 2025-08-25 13:22:40
 1  0      0 31449700   5504 6110248    0    0     0     4  840 1380  0  0 100  0  0 2025-08-25 13:22:41
 0  0      0 31449700   5504 6110248    0    0     0     0 1329 1693  0  0 100  0  0 2025-08-25 13:22:42
 0  0      0 31449700   5504 6110248    0    0     0     0 1866 1986  0  0 100  0  0 2025-08-25 13:22:43
 0  0      0 31449700   5504 6110248    0    0     0   215 1877 1995  0  0 100  0  0 2025-08-25 13:22:44
 0  0      0 31449700   5504 6110248    0    0     0     0 1577 2027  0  0 100  0  0 2025-08-25 13:22:45
 0  0      0 31449700   5504 6110248    0    0     0     4 3244 3590  0  0 100  0  0 2025-08-25 13:22:46
 0  0      0 31449700   5504 6110248    0    0     0     4  936 1449  0  0 100  0  0 2025-08-25 13:22:47
 0  0      0 31449700   5504 6110248    0    0     0     0  803 1329  0  0 100  0  0 2025-08-25 13:22:48
 0  0      0 31449700   5504 6110248    0    0     0     0  871 1362  0  0 100  0  0 2025-08-25 13:22:49
 0  0      0 31449700   5504 6110248    0    0     0    48 1047 1708  0  0 100  0  0 2025-08-25 13:22:50
 0  0      0 31449700   5504 6110248    0    0     0     0  936 1425  0  0 100  0  0 2025-08-25 13:22:51
 0  0      0 31449700   5504 6110248    0    0     0     0  803 1345  0  0 100  0  0 2025-08-25 13:22:52
 0  0      0 31449700   5504 6110248    0    0     0     4  846 1353  0  0 100  0  0 2025-08-25 13:22:53
 0  0      0 31449700   5504 6110248    0    0     0     0  831 1349  0  0 100  0  0 2025-08-25 13:22:54
 0  0      0 31449700   5504 6110252    0    0     0    44  835 1394  0  0 100  0  0 2025-08-25 13:22:55
 0  0      0 31449700   5504 6110252    0    0     0     0  915 1389  0  0 100  0  0 2025-08-25 13:22:56
 0  0      0 31451316   5504 6110252    0    0     0     4 1021 1425  0  0 100  0  0 2025-08-25 13:22:57
 0  0      0 31451316   5504 6110252    0    0     0     0  919 1398  0  0 100  0  0 2025-08-25 13:22:58
 0  0      0 31451464   5504 6110252    0    0     0     8  937 1432  0  0 100  0  0 2025-08-25 13:22:59
 0  0      0 31451464   5504 6110124    0    0     0    60 2572 2953  0  0 100  0  0 2025-08-25 13:23:00
 1  0      0 31451464   5504 6110124    0    0     0     0  941 1368  0  0 100  0  0 2025-08-25 13:23:01
 0  0      0 31451464   5504 6110124    0    0     0     0  934 1392  0  0 100  0  0 2025-08-25 13:23:02
 0  0      0 31451464   5504 6110124    0    0     0     0  866 1390  0  0 100  0  0 2025-08-25 13:23:03
 0  0      0 31451464   5504 6110124    0    0     0     8  811 1335  0  0 100  0  0 2025-08-25 13:23:04
 0  0      0 31451464   5504 6110124    0    0     0    48  916 1403  0  0 100  0  0 2025-08-25 13:23:05
 0  0      0 31451464   5504 6110124    0    0     0     0  906 1379  0  0 100  0  0 2025-08-25 13:23:06
 0  0      0 31451464   5504 6110124    0    0     0     0  899 1418  0  0 100  0  0 2025-08-25 13:23:07
 0  0      0 31451464   5504 6110124    0    0     0     0  868 1368  0  0 100  0  0 2025-08-25 13:23:08
 1  0      0 31451464   5504 6110124    0    0     0     0  827 1343  0  0 100  0  0 2025-08-25 13:23:09
 0  0      0 31451464   5504 6110124    0    0     0    44  864 1423  0  0 100  0  0 2025-08-25 13:23:10
 0  0      0 31451464   5504 6110124    0    0     0     4  906 1429  0  0 100  0  0 2025-08-25 13:23:11
 0  0      0 31451464   5504 6110124    0    0     0     0  911 1383  0  0 100  0  0 2025-08-25 13:23:12
 0  0      0 31451464   5504 6110124    0    0     0     0  844 1369  0  0 100  0  0 2025-08-25 13:23:13
 0  0      0 31451464   5504 6110124    0    0     0     6  888 1399  0  0 100  0  0 2025-08-25 13:23:14
 0  0      0 31451464   5504 6110124    0    0     0    56  919 1432  0  0 100  0  0 2025-08-25 13:23:15
 0  0      0 31451464   5504 6110124    0    0     0     0  830 1339  0  0 100  0  0 2025-08-25 13:23:16
 0  0      0 31452272   5504 6110124    0    0     0    12  969 1408  0  0 100  0  0 2025-08-25 13:23:17
 0  0      0 31452272   5504 6110124    0    0     0     0  833 1335  0  0 100  0  0 2025-08-25 13:23:18
 0  0      0 31452400   5504 6110124    0    0     0     0  923 1420  0  0 100  0  0 2025-08-25 13:23:19
 0  0      0 31452400   5504 6110124    0    0     0    52  949 1404  0  0 100  0  0 2025-08-25 13:23:20
 0  0      0 31452400   5504 6110124    0    0     0     0  844 1363  0  0 100  0  0 2025-08-25 13:23:21
 0  0      0 31452400   5504 6110124    0    0     0     0 4064 4337  0  0 100  0  0 2025-08-25 13:23:22
 0  0      0 31452400   5504 6110124    0    0     0     4  942 1424  0  0 100  0  0 2025-08-25 13:23:23
 0  0      0 31452400   5504 6110124    0    0     0     0  831 1332  0  0 100  0  0 2025-08-25 13:23:24
 0  0      0 31452400   5504 6110124    0    0     0    56  865 1359  0  0 100  0  0 2025-08-25 13:23:25
 0  0      0 31452400   5504 6110124    0    0     0     0  870 1359  0  0 100  0  0 2025-08-25 13:23:26
 0  0      0 31452400   5504 6110124    0    0     0     0  872 1413  0  0 100  0  0 2025-08-25 13:23:27
 0  0      0 31452400   5504 6110124    0    0     0     0  873 1360  0  0 100  0  0 2025-08-25 13:23:28
 0  0      0 31452400   5504 6110124    0    0     0     4  913 1366  0  0 100  0  0 2025-08-25 13:23:29
 0  0      0 31452400   5504 6110124    0    0     0    44  859 1361  0  0 100  0  0 2025-08-25 13:23:30
 0  0      0 31452400   5504 6110124    0    0     0     0  920 1406  0  0 100  0  0 2025-08-25 13:23:31
 0  0      0 31452400   5504 6110124    0    0     0     0  879 1374  0  0 100  0  0 2025-08-25 13:23:32
 0  0      0 31452400   5504 6110124    0    0     0     0  917 1375  0  0 100  0  0 2025-08-25 13:23:33
 0  0      0 31452400   5504 6110128    0    0     0     0  867 1336  0  0 100  0  0 2025-08-25 13:23:34
 0  0      0 31452400   5504 6110128    0    0     0     8  918 1411  0  0 100  0  0 2025-08-25 13:23:35
 0  0      0 31452400   5504 6110128    0    0     0    52  892 1364  0  0 100  0  0 2025-08-25 13:23:36
 0  0      0 31452656   5504 6110128    0    0     0     0  900 1375  0  0 100  0  0 2025-08-25 13:23:37
 0  0      0 31452656   5504 6110128    0    0     0     0  858 1363  0  0 100  0  0 2025-08-25 13:23:38
 0  0      0 31452760   5504 6110128    0    0     0     0  898 1432  0  0 100  0  0 2025-08-25 13:23:39
 0  0      0 31452760   5504 6110128    0    0     0     0  853 1336  0  0 100  0  0 2025-08-25 13:23:40
 0  0      0 31452760   5504 6110128    0    0     0    56  906 1393  0  0 100  0  0 2025-08-25 13:23:41
 0  0      0 31452760   5504 6110128    0    0     0     0  860 1356  0  0 100  0  0 2025-08-25 13:23:42
 0  0      0 31452760   5504 6110128    0    0     0     0  861 1407  0  0 100  0  0 2025-08-25 13:23:43
 0  0      0 31452760   5504 6110128    0    0     0    38  871 1395  0  0 100  0  0 2025-08-25 13:23:44
 0  0      0 31452760   5504 6110128    0    0     0     0 4009 4325  0  0 100  0  0 2025-08-25 13:23:45
 0  0      0 31452760   5504 6110128    0    0     0    40  896 1376  0  0 100  0  0 2025-08-25 13:23:46
 0  0      0 31452760   5504 6110128    0    0     0     4  914 1428  0  0 100  0  0 2025-08-25 13:23:47
 0  0      0 31452760   5504 6110128    0    0     0     4  857 1347  0  0 100  0  0 2025-08-25 13:23:48
 0  0      0 31452760   5504 6110128    0    0     0     0  848 1359  0  0 100  0  0 2025-08-25 13:23:49
 0  0      0 31452760   5504 6110128    0    0     0     0  812 1349  0  0 100  0  0 2025-08-25 13:23:50
 0  0      0 31452760   5504 6110128    0    0     0    48 1055 1755  0  0 100  0  0 2025-08-25 13:23:51
 0  0      0 31452760   5504 6110128    0    0     0     0  820 1344  0  0 100  0  0 2025-08-25 13:23:52
 0  0      0 31452760   5504 6110128    0    0     0     4  911 1373  0  0 100  0  0 2025-08-25 13:23:53
 1  0      0 31452760   5504 6110128    0    0     0     0  882 1362  0  0 100  0  0 2025-08-25 13:23:54
 0  0      0 31452760   5504 6110128    0    0     0     0  838 1383  0  0 100  0  0 2025-08-25 13:23:55
 1  0      0 31452760   5504 6110128    0    0     0    52  865 1378  0  0 100  0  0 2025-08-25 13:23:56
 1  0      0 31436132   5504 6110132    0    0     0     0 1137 1490  0  0 99  0  0 2025-08-25 13:23:57
 1  0      0 31447432   5504 6110140    0    0     0    89 4137 2858  1  2 97  0  0 2025-08-25 13:23:58
 0  0      0 31445436   5504 6110144    0    0     0     8 2509 2066  1  1 99  0  0 2025-08-25 13:23:59
 0  0      0 31427228   5504 6110280    0    0     0    24 3182 3226  0  0 99  0  0 2025-08-25 13:24:00
 0  0      0 31476448   5504 6110276    0    0     0    82 1494 1747  0  0 99  0  0 2025-08-25 13:24:01
 0  0      0 31476448   5504 6110268    0    0     0     0  873 1374  0  0 100  0  0 2025-08-25 13:24:02
 0  0      0 31476448   5504 6110268    0    0     0    32  870 1422  0  0 100  0  0 2025-08-25 13:24:03
 0  0      0 31476448   5504 6110268    0    0     0     0  846 1343  0  0 100  0  0 2025-08-25 13:24:04
 0  0      0 31476448   5504 6110268    0    0     0     4  855 1345  0  0 100  0  0 2025-08-25 13:24:05
 0  0      0 31476448   5504 6110268    0    0     0    48  895 1392  0  0 100  0  0 2025-08-25 13:24:06
 0  0      0 31476448   5504 6110268    0    0     0     0  879 1400  0  0 100  0  0 2025-08-25 13:24:07
 0  0      0 31476448   5504 6110268    0    0     0     0  907 1383  0  0 100  0  0 2025-08-25 13:24:08
 0  0      0 31476448   5504 6110268    0    0     0     0  851 1347  0  0 100  0  0 2025-08-25 13:24:09
 0  0      0 31476448   5504 6110268    0    0     0     0 1000 1479  0  0 100  0  0 2025-08-25 13:24:10
 0  0      0 31476448   5504 6110268    0    0     0    44  910 1437  0  0 100  0  0 2025-08-25 13:24:11
 0  0      0 31476448   5504 6110268    0    0     0     0  899 1383  0  0 100  0  0 2025-08-25 13:24:12
 0  0      0 31476448   5504 6110268    0    0     0     0  850 1341  0  0 100  0  0 2025-08-25 13:24:13
 0  1      0 31476448   5504 6110272    0    0     0   237  866 1394  0  0 100  0  0 2025-08-25 13:24:14
 0  0      0 31476448   5504 6110272    0    0     0   255  853 1420  0  0 100  0  0 2025-08-25 13:24:15
 0  0      0 31476448   5504 6110272    0    0     0     0  834 1344  0  0 100  0  0 2025-08-25 13:24:16
 0  0      0 31475712   5504 6110272    0    0     0    64  957 1414  0  0 100  0  0 2025-08-25 13:24:17
 0  0      0 31475712   5504 6110272    0    0     0     0  816 1345  0  0 100  0  0 2025-08-25 13:24:18
 0  0      0 31475712   5504 6110272    0    0     0     8  862 1387  0  0 100  0  0 2025-08-25 13:24:19
 0  0      0 31475712   5504 6110272    0    0     0     0  818 1347  0  0 100  0  0 2025-08-25 13:24:20
 1  0      0 31475712   5504 6110272    0    0     0     0  856 1353  0  0 100  0  0 2025-08-25 13:24:21
 0  0      0 31475460   5504 6110272    0    0     0    56 4042 4361  0  0 100  0  0 2025-08-25 13:24:22
 0  0      0 31475460   5504 6110272    0    0     0     4  914 1413  0  0 100  0  0 2025-08-25 13:24:23
 1  0      0 31475460   5504 6110272    0    0     0     0  867 1356  0  0 100  0  0 2025-08-25 13:24:24
 0  0      0 31475460   5504 6110272    0    0     0     0  828 1341  0  0 100  0  0 2025-08-25 13:24:25
 0  0      0 31475460   5504 6110272    0    0     0     0  807 1364  0  0 100  0  0 2025-08-25 13:24:26
 0  0      0 31475460   5504 6110272    0    0     0    52  870 1420  0  0 100  0  0 2025-08-25 13:24:27
 0  0      0 31475460   5504 6110272    0    0     0     0  809 1357  0  0 100  0  0 2025-08-25 13:24:28
 0  0      0 31475460   5504 6110272    0    0     0     4  808 1332  0  0 100  0  0 2025-08-25 13:24:29
 0  0      0 31475460   5504 6110272    0    0     0     0  818 1345  0  0 100  0  0 2025-08-25 13:24:30
 0  0      0 31475460   5504 6110272    0    0     0     0  876 1403  0  0 100  0  0 2025-08-25 13:24:31
 0  0      0 31475460   5504 6110272    0    0     0    52  886 1390  0  0 100  0  0 2025-08-25 13:24:32
 0  0      0 31475460   5504 6110272    0    0     0     0  851 1352  0  0 100  0  0 2025-08-25 13:24:33
 0  0      0 31475460   5504 6110272    0    0     0     0  809 1360  0  0 100  0  0 2025-08-25 13:24:34
 0  0      0 31475460   5504 6110272    0    0     0     4  856 1391  0  0 100  0  0 2025-08-25 13:24:35
 0  0      0 31475460   5504 6110272    0    0     0     0  876 1369  0  0 100  0  0 2025-08-25 13:24:36
 0  0      0 31478408   5504 6110272    0    0     0    48  940 1419  0  0 100  0  0 2025-08-25 13:24:37
 0  0      0 31478408   5504 6110272    0    0     0     0  834 1334  0  0 100  0  0 2025-08-25 13:24:38
 0  0      0 31478408   5504 6110272    0    0     0     0  854 1392  0  0 100  0  0 2025-08-25 13:24:39
 0  0      0 31478408   5504 6110272    0    0     0     0  778 1334  0  0 100  0  0 2025-08-25 13:24:40
 0  0      0 31478408   5504 6110272    0    0     0     4  846 1366  0  0 100  0  0 2025-08-25 13:24:41
 0  0      0 31478408   5504 6110272    0    0     0    56 1528 1764  0  0 100  0  0 2025-08-25 13:24:42
 0  0      0 31478184   5504 6110272    0    0     0     0 1987 2010  0  0 100  0  0 2025-08-25 13:24:43
 0  0      0 31478184   5504 6110272    0    0     0     0 1710 1890  0  0 100  0  0 2025-08-25 13:24:44
 0  0      0 31478184   5504 6110272    0    0     0   142 4030 4332  0  0 100  0  0 2025-08-25 13:24:45
 0  0      0 31478184   5504 6110272    0    0     0     0  895 1370  0  0 100  0  0 2025-08-25 13:24:46
 0  0      0 31478184   5504 6110272    0    0     0    44  932 1429  0  0 100  0  0 2025-08-25 13:24:47
 0  0      0 31478184   5504 6110272    0    0     0     0  838 1334  0  0 100  0  0 2025-08-25 13:24:48
 0  0      0 31478184   5504 6110272    0    0     0     8  903 1386  0  0 100  0  0 2025-08-25 13:24:49
 0  0      0 31478184   5504 6110272    0    0     0     0  942 1374  0  0 100  0  0 2025-08-25 13:24:50
 0  0      0 31478184   5504 6110272    0    0     0     0  929 1432  0  0 100  0  0 2025-08-25 13:24:51
 0  0      0 31478184   5504 6110272    0    0     0    48  889 1370  0  0 100  0  0 2025-08-25 13:24:52
 0  0      0 31477932   5504 6110276    0    0     0     8 1013 1705  0  0 100  0  0 2025-08-25 13:24:53
 0  0      0 31477932   5504 6110276    0    0     0     0  847 1350  0  0 100  0  0 2025-08-25 13:24:54
 0  0      0 31477932   5504 6110276    0    0     0     0  891 1410  0  0 100  0  0 2025-08-25 13:24:55
 0  0      0 31477932   5504 6110276    0    0     0     0  991 1370  0  0 100  0  0 2025-08-25 13:24:56
 0  0      0 31476924   5504 6110276    0    0     0    44  965 1423  0  0 100  0  0 2025-08-25 13:24:57
 0  0      0 31476924   5504 6110276    0    0     0     0  875 1358  0  0 100  0  0 2025-08-25 13:24:58
 0  0      0 31476924   5504 6110276    0    0     0     4  955 1417  0  0 100  0  0 2025-08-25 13:24:59
 0  0      0 31476924   5504 6110148    0    0     0    16 2532 2953  0  0 100  0  0 2025-08-25 13:25:00
 0  0      0 31476924   5504 6110148    0    0     0     0  876 1385  0  0 100  0  0 2025-08-25 13:25:01
 0  0      0 31476924   5504 6110148    0    0     0     0  947 1384  0  0 100  0  0 2025-08-25 13:25:02
 0  0      0 31476924   5504 6110276    0    0     0    44  910 1420  0  0 100  0  0 2025-08-25 13:25:03
 0  0      0 31476924   5504 6110276    0    0     0     0  843 1347  0  0 100  0  0 2025-08-25 13:25:04
 0  0      0 31476924   5504 6110276    0    0     0     4  845 1370  0  0 100  0  0 2025-08-25 13:25:05
 0  0      0 31476924   5504 6110276    0    0     0     0  928 1390  0  0 100  0  0 2025-08-25 13:25:06
 0  0      0 31476924   5504 6110276    0    0     0     8  906 1412  0  0 100  0  0 2025-08-25 13:25:07
 0  0      0 31476924   5504 6110276    0    0     0    40  843 1379  0  0 100  0  0 2025-08-25 13:25:08
 0  0      0 31476924   5504 6110276    0    0     0     0  811 1333  0  0 100  0  0 2025-08-25 13:25:09
 0  0      0 31476924   5504 6110276    0    0     0     0  847 1438  0  0 100  0  0 2025-08-25 13:25:10
 0  0      0 31476924   5504 6110276    0    0     0     4  913 1427  0  0 100  0  0 2025-08-25 13:25:11
 0  0      0 31476924   5504 6110276    0    0     0     0  822 1364  0  0 100  0  0 2025-08-25 13:25:12
 0  0      0 31476924   5504 6110276    0    0     0    52  894 1393  0  0 100  0  0 2025-08-25 13:25:13
 0  0      0 31476924   5504 6110276    0    0     0     0  831 1354  0  0 100  0  0 2025-08-25 13:25:14
 0  0      0 31476924   5504 6110276    0    0     0     5  899 1429  0  0 100  0  0 2025-08-25 13:25:15
 0  0      0 31476924   5504 6110276    0    0     0     0  847 1369  0  0 100  0  0 2025-08-25 13:25:16
 0  0      0 31475668   5504 6110276    0    0     0     4 1101 1426  0  0 100  0  0 2025-08-25 13:25:17
 0  0      0 31475668   5504 6110276    0    0     0    60  844 1365  0  0 100  0  0 2025-08-25 13:25:18
 0  0      0 31475668   5504 6110276    0    0     0     0  825 1376  0  0 100  0  0 2025-08-25 13:25:19
 0  0      0 31475668   5504 6110276    0    0     0     4  945 1408  0  0 100  0  0 2025-08-25 13:25:20
 0  0      0 31475668   5504 6110276    0    0     0     0  907 1384  0  0 100  0  0 2025-08-25 13:25:21
 0  0      0 31475668   5504 6110276    0    0     0     0  833 1363  0  0 100  0  0 2025-08-25 13:25:22
 0  0      0 31475668   5504 6110276    0    0     0    52 3974 4353  0  0 100  0  0 2025-08-25 13:25:23
 0  0      0 31475668   5504 6110276    0    0     0     0  825 1333  0  0 100  0  0 2025-08-25 13:25:24
 0  0      0 31475668   5504 6110276    0    0     0     0  841 1338  0  0 100  0  0 2025-08-25 13:25:25
 0  0      0 31475668   5504 6110276    0    0     0     0  879 1374  0  0 100  0  0 2025-08-25 13:25:26
 0  0      0 31475668   5504 6110276    0    0     0     0  866 1402  0  0 100  0  0 2025-08-25 13:25:27
 0  0      0 31475668   5504 6110276    0    0     0    56  832 1334  0  0 100  0  0 2025-08-25 13:25:28
 0  0      0 31475668   5504 6110276    0    0     0     4  891 1359  0  0 100  0  0 2025-08-25 13:25:29
 0  0      0 31475668   5504 6110276    0    0     0     0  875 1372  0  0 100  0  0 2025-08-25 13:25:30
 0  0      0 31475668   5504 6110280    0    0     0     0  966 1452  0  0 100  0  0 2025-08-25 13:25:31
 0  0      0 31475668   5504 6110280    0    0     0     0  905 1374  0  0 100  0  0 2025-08-25 13:25:32
 0  0      0 31475668   5504 6110280    0    0     0    44  897 1376  0  0 100  0  0 2025-08-25 13:25:33
 0  0      0 31475668   5504 6110280    0    0     0     0  848 1339  0  0 100  0  0 2025-08-25 13:25:34
 0  0      0 31475668   5504 6110280    0    0     0     8  884 1404  0  0 100  0  0 2025-08-25 13:25:35
 0  0      0 31475668   5504 6110280    0    0     0     0  857 1377  0  0 100  0  0 2025-08-25 13:25:36
 0  0      0 31475668   5504 6110280    0    0     0     0  907 1395  0  0 100  0  0 2025-08-25 13:25:37
 0  0      0 31475668   5504 6110280    0    0     0    44  848 1350  0  0 100  0  0 2025-08-25 13:25:38
 0  0      0 31475668   5504 6110280    0    0     0     0  826 1389  0  0 100  0  0 2025-08-25 13:25:39
 0  0      0 31475668   5504 6110280    0    0     0     0  861 1358  0  0 100  0  0 2025-08-25 13:25:40
 0  0      0 31475668   5504 6110280    0    0     0     4  831 1366  0  0 100  0  0 2025-08-25 13:25:41
 0  0      0 31475668   5504 6110280    0    0     0     0  823 1349  0  0 100  0  0 2025-08-25 13:25:42
 0  0      0 31475668   5504 6110280    0    0     0     0  851 1389  0  0 100  0  0 2025-08-25 13:25:43
 0  0      0 31475668   5504 6110280    0    0     0    56  872 1371  0  0 100  0  0 2025-08-25 13:25:44
 0  0      0 31475668   5504 6110280    0    0     0    21  911 1409  0  0 100  0  0 2025-08-25 13:25:45
 0  0      0 31475668   5504 6110280    0    0     0     0 3987 4358  0  0 100  0  0 2025-08-25 13:25:46
 0  0      0 31475668   5504 6110280    0    0     0     4  900 1424  0  0 100  0  0 2025-08-25 13:25:47
 0  0      0 31475668   5504 6110280    0    0     0     0  822 1344  0  0 100  0  0 2025-08-25 13:25:48
 0  0      0 31475668   5504 6110280    0    0     0    40  863 1366  0  0 100  0  0 2025-08-25 13:25:49
 0  0      0 31475668   5504 6110280    0    0     0     0  843 1351  0  0 100  0  0 2025-08-25 13:25:50
 0  0      0 31475668   5504 6110280    0    0     0     8  911 1427  0  0 100  0  0 2025-08-25 13:25:51
 0  0      0 31475668   5504 6110280    0    0     0     0  799 1333  0  0 100  0  0 2025-08-25 13:25:52
 0  0      0 31475668   5504 6110280    0    0     0     4  833 1357  0  0 100  0  0 2025-08-25 13:25:53
 0  0      0 31475668   5504 6110280    0    0     0    52 1056 1684  0  0 100  0  0 2025-08-25 13:25:54
 0  0      0 31475668   5504 6110280    0    0     0     0  857 1382  0  0 100  0  0 2025-08-25 13:25:55
 0  0      0 31475668   5504 6110280    0    0     0     0  859 1368  0  0 100  0  0 2025-08-25 13:25:56
 0  0      0 31474660   5504 6110280    0    0     0     0  924 1385  0  0 100  0  0 2025-08-25 13:25:57
 0  0      0 31474660   5504 6110280    0    0     0     0  857 1357  0  0 100  0  0 2025-08-25 13:25:58
 0  0      0 31474660   5504 6110280    0    0     0    52  975 1438  0  0 100  0  0 2025-08-25 13:25:59
 0  0      0 31474408   5504 6110280    0    0     0    16 2534 2920  0  0 100  0  0 2025-08-25 13:26:00
 0  0      0 31474408   5504 6110280    0    0     0     0  902 1389  0  0 100  0  0 2025-08-25 13:26:01
 0  0      0 31474408   5504 6110280    0    0     0     0  968 1379  0  0 100  0  0 2025-08-25 13:26:02
 0  0      0 31474408   5504 6110280    0    0     0     0  845 1388  0  0 100  0  0 2025-08-25 13:26:03
 0  0      0 31474408   5504 6110280    0    0     0    44  840 1351  0  0 100  0  0 2025-08-25 13:26:04
 0  0      0 31474408   5504 6110280    0    0     0     4  866 1363  0  0 100  0  0 2025-08-25 13:26:05
 0  0      0 31474408   5504 6110280    0    0     0     0  907 1391  0  0 100  0  0 2025-08-25 13:26:06
 1  0      0 31474408   5504 6110280    0    0     0     0  875 1380  0  0 100  0  0 2025-08-25 13:26:07
 0  0      0 31474408   5504 6110280    0    0     0     8  909 1369  0  0 100  0  0 2025-08-25 13:26:08
 0  0      0 31474408   5504 6110280    0    0     0    40  959 1384  0  0 100  0  0 2025-08-25 13:26:09
 0  0      0 31474408   5504 6110284    0    0     0     0  915 1469  0  0 100  0  0 2025-08-25 13:26:10
 0  0      0 31474408   5504 6110284    0    0     0     8  995 1475  0  0 100  0  0 2025-08-25 13:26:11
 0  0      0 31474408   5504 6110284    0    0     0     0  876 1373  0  0 100  0  0 2025-08-25 13:26:12
 0  0      0 31474408   5504 6110284    0    0     0     0  898 1389  0  0 100  0  0 2025-08-25 13:26:13
 0  0      0 31474408   5504 6110284    0    0     0    44  848 1366  0  0 100  0  0 2025-08-25 13:26:14
 0  0      0 31474408   5504 6110284    0    0     0     5  907 1450  0  0 100  0  0 2025-08-25 13:26:15
 0  0      0 31474408   5504 6110284    0    0     0     0  890 1405  0  0 100  0  0 2025-08-25 13:26:16
 0  0      0 31474156   5504 6110284    0    0     0     4 2578 2919  0  0 100  0  0 2025-08-25 13:26:17
 0  0      0 31474156   5504 6110284    0    0     0     0  817 1347  0  0 100  0  0 2025-08-25 13:26:18
 0  0      0 31473652   5504 6110284    0    0     0    64  862 1404  0  0 100  0  0 2025-08-25 13:26:19
 0  0      0 31473652   5504 6110284    0    0     0     0  861 1376  0  0 100  0  0 2025-08-25 13:26:20
 0  0      0 31473652   5504 6110284    0    0     0     4  948 1407  0  0 100  0  0 2025-08-25 13:26:21
 0  0      0 31473652   5504 6110284    0    0     0     0 1047 1464  0  0 100  0  0 2025-08-25 13:26:22
 1  0      0 31473652   5504 6110284    0    0     0     4 1257 1606  0  0 100  0  0 2025-08-25 13:26:23
 0  0      0 31473652   5504 6110284    0    0     0    48 1137 1548  0  0 100  0  0 2025-08-25 13:26:24
 0  0      0 31473652   5504 6110284    0    0     0     0 1139 1501  0  0 100  0  0 2025-08-25 13:26:25
 0  0      0 31473652   5504 6110284    0    0     0     0 1160 1547  0  0 100  0  0 2025-08-25 13:26:26
 0  0      0 31473652   5504 6110284    0    0     0     0 1138 1555  0  0 100  0  0 2025-08-25 13:26:27
 0  0      0 31473652   5504 6110284    0    0     0     0 1154 1556  0  0 100  0  0 2025-08-25 13:26:28
 0  0      0 31473400   5504 6110284    0    0     0     4 1120 1540  0  0 100  0  0 2025-08-25 13:26:29
 0  0      0 31473400   5504 6110284    0    0     0    48 1193 1545  0  0 100  0  0 2025-08-25 13:26:30
 0  0      0 31473400   5504 6110284    0    0     0     0 1186 1587  0  0 100  0  0 2025-08-25 13:26:31
 0  0      0 31473400   5504 6110284    0    0     0     0 1007 1440  0  0 100  0  0 2025-08-25 13:26:32
 0  0      0 31473400   5504 6110284    0    0     0     0  993 1426  0  0 100  0  0 2025-08-25 13:26:33
 0  0      0 31473400   5504 6110284    0    0     0     0  833 1349  0  0 100  0  0 2025-08-25 13:26:34
 0  0      0 31473400   5504 6110284    0    0     0    56  935 1433  0  0 100  0  0 2025-08-25 13:26:35
 1  0      0 31473400   5504 6110284    0    0     0     0  893 1370  0  0 100  0  0 2025-08-25 13:26:36
 0  0      0 31475572   5504 6110284    0    0     0     0  936 1419  0  0 100  0  0 2025-08-25 13:26:37
 0  0      0 31475572   5504 6110284    0    0     0     0  840 1350  0  0 100  0  0 2025-08-25 13:26:38
 0  0      0 31475572   5504 6110284    0    0     0     0  829 1391  0  0 100  0  0 2025-08-25 13:26:39
 0  0      0 31475572   5504 6110284    0    0     0    52 3982 4295  0  0 100  0  0 2025-08-25 13:26:40
 0  0      0 31475572   5504 6110284    0    0     0     4  849 1390  0  0 100  0  0 2025-08-25 13:26:41
 0  0      0 31475572   5504 6110284    0    0     0     0 1668 1824  0  0 100  0  0 2025-08-25 13:26:42
 0  1      0 31475572   5504 6110284    0    0     0     0 1924 2002  0  0 99  1  0 2025-08-25 13:26:43
 0  0      0 31475572   5504 6110284    0    0     0     0 1770 1864  0  0 99  1  0 2025-08-25 13:26:44
 0  0      0 31475572   5504 6110284    0    0     0    72  974 1433  0  0 100  0  0 2025-08-25 13:26:45
 0  0      0 31475572   5504 6110284    0    0     0     1  891 1393  0  0 100  0  0 2025-08-25 13:26:46
 0  0      0 31475572   5504 6110284    0    0     0     4  869 1402  0  0 100  0  0 2025-08-25 13:26:47
 0  0      0 31475572   5504 6110284    0    0     0     0  903 1357  0  0 100  0  0 2025-08-25 13:26:48
 0  0      0 31475572   5504 6110288    0    0     0     0  927 1397  0  0 100  0  0 2025-08-25 13:26:49
 0  0      0 31475572   5504 6110288    0    0     0    40  878 1375  0  0 100  0  0 2025-08-25 13:26:50
 0  0      0 31475572   5504 6110288    0    0     0     0  894 1412  0  0 100  0  0 2025-08-25 13:26:51
 0  0      0 31475572   5504 6110288    0    0     0     8  923 1381  0  0 100  0  0 2025-08-25 13:26:52
 0  0      0 31475572   5504 6110288    0    0     0     8  897 1381  0  0 100  0  0 2025-08-25 13:26:53
 0  0      0 31475572   5504 6110288    0    0     0     0  786 1341  0  0 100  0  0 2025-08-25 13:26:54
 0  0      0 31475572   5504 6110288    0    0     0    44  859 1389  0  0 100  0  0 2025-08-25 13:26:55
 0  0      0 31475572   5504 6110288    0    0     0     0 1039 1701  0  0 100  0  0 2025-08-25 13:26:56
 0  0      0 31474816   5504 6110288    0    0     0     0 1057 1430  0  0 100  0  0 2025-08-25 13:26:57
 0  0      0 31474816   5504 6110288    0    0     0     0  917 1356  0  0 100  0  0 2025-08-25 13:26:58
 0  0      0 31474816   5504 6110288    0    0     0     4  955 1420  0  0 100  0  0 2025-08-25 13:26:59
 0  0      0 31474816   5504 6110288    0    0     0    64 2584 2923  0  0 100  0  0 2025-08-25 13:27:00
 0  0      0 31474816   5504 6110288    0    0     0     0  940 1409  0  0 100  0  0 2025-08-25 13:27:01
 0  0      0 31474816   5504 6110288    0    0     0     0  891 1358  0  0 100  0  0 2025-08-25 13:27:02
 0  0      0 31474816   5504 6110288    0    0     0     0  948 1416  0  0 100  0  0 2025-08-25 13:27:03
 0  0      0 31474816   5504 6110288    0    0     0     0  831 1339  0  0 100  0  0 2025-08-25 13:27:04
 0  0      0 31474816   5504 6110288    0    0     0    44  861 1360  0  0 100  0  0 2025-08-25 13:27:05
 1  0      0 31474816   5504 6110288    0    0     0     0  889 1380  0  0 100  0  0 2025-08-25 13:27:06
 0  0      0 31474816   5504 6110288    0    0     0     0  963 1439  0  0 100  0  0 2025-08-25 13:27:07
 0  0      0 31474816   5504 6110288    0    0     0     0  930 1377  0  0 100  0  0 2025-08-25 13:27:08
 0  0      0 31474816   5504 6110288    0    0     0     8  892 1369  0  0 100  0  0 2025-08-25 13:27:09
 0  0      0 31474816   5504 6110288    0    0     0     0  897 1436  0  0 100  0  0 2025-08-25 13:27:10
 0  0      0 31474816   5504 6110288    0    0     0    44  934 1455  0  0 100  0  0 2025-08-25 13:27:11
 0  0      0 31474816   5504 6110288    0    0     0     0  888 1371  0  0 100  0  0 2025-08-25 13:27:12
 0  0      0 31474816   5504 6110288    0    0     0     0  913 1385  0  0 100  0  0 2025-08-25 13:27:13
 0  0      0 31474816   5504 6110288    0    0     0     0  841 1358  0  0 100  0  0 2025-08-25 13:27:14
 0  0      0 31474816   5504 6110288    0    0     0     0  911 1410  0  0 100  0  0 2025-08-25 13:27:15
 0  0      0 31474816   5504 6110288    0    0     0    69  892 1440  0  0 100  0  0 2025-08-25 13:27:16
 0  0      0 31473560   5504 6110288    0    0     0     4  982 1409  0  0 100  0  0 2025-08-25 13:27:17
 0  0      0 31473560   5504 6110288    0    0     0     0  832 1360  0  0 100  0  0 2025-08-25 13:27:18
 0  0      0 31476972   5504 6110288    0    0     0     0 1015 1488  0  0 100  0  0 2025-08-25 13:27:19
 0  0      0 31476972   5504 6110288    0    0     0     0  811 1358  0  0 100  0  0 2025-08-25 13:27:20
 0  0      0 31476972   5504 6110288    0    0     0    64 1050 1441  0  0 100  0  0 2025-08-25 13:27:21
 0  0      0 31476972   5504 6110288    0    0     0     0  863 1364  0  0 100  0  0 2025-08-25 13:27:22
 0  0      0 31476972   5504 6110288    0    0     0    57 4039 4390  0  0 100  0  0 2025-08-25 13:27:23
 0  0      0 31476972   5504 6110288    0    0     0     0  885 1402  0  0 100  0  0 2025-08-25 13:27:24
 0  0      0 31476972   5504 6110288    0    0     0     0  872 1360  0  0 100  0  0 2025-08-25 13:27:25
 0  0      0 31476972   5504 6110288    0    0     0    60  892 1394  0  0 100  0  0 2025-08-25 13:27:26
 0  0      0 31476972   5504 6110288    0    0     0     0  899 1394  0  0 100  0  0 2025-08-25 13:27:27
 0  0      0 31476972   5504 6110288    0    0     0     0  869 1357  0  0 100  0  0 2025-08-25 13:27:28
 0  0      0 31476972   5504 6110292    0    0     0     8  909 1385  0  0 100  0  0 2025-08-25 13:27:29
 0  0      0 31476972   5504 6110292    0    0     0     8  934 1406  0  0 100  0  0 2025-08-25 13:27:30
 1  0      0 31476972   5504 6110292    0    0     0    44  925 1437  0  0 100  0  0 2025-08-25 13:27:31
 0  0      0 31476972   5504 6110292    0    0     0     0  866 1357  0  0 100  0  0 2025-08-25 13:27:32
 0  0      0 31476972   5504 6110292    0    0     0     0  886 1366  0  0 100  0  0 2025-08-25 13:27:33
 0  0      0 31476972   5504 6110292    0    0     0     0  892 1368  0  0 100  0  0 2025-08-25 13:27:34
 0  0      0 31476972   5504 6110292    0    0     0     4  922 1434  0  0 100  0  0 2025-08-25 13:27:35
 0  0      0 31476972   5504 6110292    0    0     0    52  886 1396  0  0 100  0  0 2025-08-25 13:27:36
 0  0      0 31477288   5504 6110292    0    0     0     0  929 1396  0  0 100  0  0 2025-08-25 13:27:37
 0  0      0 31477288   5504 6110292    0    0     0     0  894 1398  0  0 100  0  0 2025-08-25 13:27:38
 0  0      0 31477288   5504 6110292    0    0     0     0  850 1393  0  0 100  0  0 2025-08-25 13:27:39
 0  0      0 31477288   5504 6110292    0    0     0     0  851 1350  0  0 100  0  0 2025-08-25 13:27:40
 0  0      0 31477288   5504 6110292    0    0     0    52  885 1389  0  0 100  0  0 2025-08-25 13:27:41
 0  0      0 31477288   5504 6110292    0    0     0     0  871 1344  0  0 100  0  0 2025-08-25 13:27:42
 0  0      0 31477288   5504 6110292    0    0     0     0  874 1404  0  0 100  0  0 2025-08-25 13:27:43
 0  0      0 31477288   5504 6110292    0    0     0     0  839 1351  0  0 100  0  0 2025-08-25 13:27:44
 0  0      0 31477288   5504 6110292    0    0     0     0 1010 1369  0  0 100  0  0 2025-08-25 13:27:45
 0  0      0 31477288   5504 6110292    0    0     0   174 4037 4376  0  0 100  0  0 2025-08-25 13:27:46
 0  0      0 31477288   5504 6110292    0    0     0     4 1017 1409  0  0 100  0  0 2025-08-25 13:27:47
 0  0      0 31477288   5504 6110292    0    0     0     0  808 1340  0  0 100  0  0 2025-08-25 13:27:48
 0  0      0 31477288   5504 6110292    0    0     0     0  817 1342  0  0 100  0  0 2025-08-25 13:27:49
 1  0      0 31477288   5504 6110292    0    0     0     0  838 1357  0  0 100  0  0 2025-08-25 13:27:50
 0  0      0 31477288   5504 6110292    0    0     0    40  881 1423  0  0 100  0  0 2025-08-25 13:27:51
 0  0      0 31477288   5504 6110292    0    0     0     0  878 1346  0  0 100  0  0 2025-08-25 13:27:52
 0  0      0 31477288   5504 6110292    0    0     0     4  880 1364  0  0 100  0  0 2025-08-25 13:27:53
 0  0      0 31477288   5504 6110292    0    0     0     8  836 1340  0  0 100  0  0 2025-08-25 13:27:54
 0  0      0 31477288   5504 6110292    0    0     0     0  944 1422  0  0 100  0  0 2025-08-25 13:27:55
 0  0      0 31477288   5504 6110292    0    0     0     0  994 1387  0  0 100  0  0 2025-08-25 13:27:56
 0  0      0 31476028   5504 6110292    0    0     0    52 1145 1755  0  0 100  0  0 2025-08-25 13:27:57
 0  0      0 31476028   5504 6110292    0    0     0     0  947 1371  0  0 100  0  0 2025-08-25 13:27:58
 0  0      0 31476028   5504 6110292    0    0     0     4  937 1429  0  0 100  0  0 2025-08-25 13:27:59
 0  0      0 31476028   5504 6110292    0    0     0    32 2533 2915  0  0 100  0  0 2025-08-25 13:28:00
 2  0      0 31476028   5504 6110300    0    0     0     0  932 1397  0  0 100  0  0 2025-08-25 13:28:01
 0  0      0 31476028   5504 6110300    0    0     0    56  914 1389  0  0 100  0  0 2025-08-25 13:28:02
 0  0      0 31476028   5504 6110300    0    0     0     0  950 1412  0  0 100  0  0 2025-08-25 13:28:03
 0  0      0 31476028   5504 6110300    0    0     0     0  896 1376  0  0 100  0  0 2025-08-25 13:28:04
 0  0      0 31476028   5504 6110300    0    0     0     4  839 1382  0  0 100  0  0 2025-08-25 13:28:05
 0  0      0 31476028   5504 6110300    0    0     0     0  870 1379  0  0 100  0  0 2025-08-25 13:28:06
 0  0      0 31476028   5504 6110300    0    0     0    44  898 1411  0  0 100  0  0 2025-08-25 13:28:07
 0  0      0 31476028   5504 6110304    0    0     0     0  872 1379  0  0 100  0  0 2025-08-25 13:28:08
 0  0      0 31476028   5504 6110304    0    0     0     0  858 1370  0  0 100  0  0 2025-08-25 13:28:09
 0  0      0 31476028   5504 6110304    0    0     0     0  888 1426  0  0 100  0  0 2025-08-25 13:28:10
 0  0      0 31476028   5504 6110304    0    0     0     8  967 1445  0  0 100  0  0 2025-08-25 13:28:11
 0  0      0 31476028   5504 6110304    0    0     0    44  923 1368  0  0 100  0  0 2025-08-25 13:28:12
 0  0      0 31476028   5504 6110304    0    0     0     0  817 1358  0  0 100  0  0 2025-08-25 13:28:13
 0  0      0 31476028   5504 6110304    0    0     0     0  825 1355  0  0 100  0  0 2025-08-25 13:28:14
 0  0      0 31476028   5504 6110304    0    0     0     0  909 1415  0  0 100  0  0 2025-08-25 13:28:15
 0  0      0 31476028   5504 6110304    0    0     0     5  879 1408  0  0 100  0  0 2025-08-25 13:28:16
 0  0      0 31476028   5504 6110304    0    0     0    52  961 1419  0  0 100  0  0 2025-08-25 13:28:17
 0  0      0 31476028   5504 6110304    0    0     0     0  834 1330  0  0 100  0  0 2025-08-25 13:28:18
 0  0      0 31476028   5504 6110304    0    0     0     0  852 1401  0  0 100  0  0 2025-08-25 13:28:19
 0  0      0 31476028   5504 6110304    0    0     0     0  878 1366  0  0 100  0  0 2025-08-25 13:28:20
 0  0      0 31476028   5504 6110304    0    0     0     0  797 1344  0  0 100  0  0 2025-08-25 13:28:21
 1  0      0 31476028   5504 6110304    0    0     0    52  825 1353  0  0 100  0  0 2025-08-25 13:28:22
 0  0      0 31476028   5504 6110304    0    0     0     4 4030 4366  0  0 100  0  0 2025-08-25 13:28:23
 0  0      0 31476028   5504 6110304    0    0     0     4  989 1402  0  0 100  0  0 2025-08-25 13:28:24
 0  0      0 31476028   5504 6110304    0    0     0     0  846 1341  0  0 100  0  0 2025-08-25 13:28:25
 0  0      0 31476028   5504 6110304    0    0     0     0  873 1371  0  0 100  0  0 2025-08-25 13:28:26
 0  0      0 31476028   5504 6110304    0    0     0    56  886 1401  0  0 100  0  0 2025-08-25 13:28:27
 0  0      0 31476028   5504 6110304    0    0     0     0  794 1333  0  0 100  0  0 2025-08-25 13:28:28
 0  0      0 31476028   5504 6110304    0    0     0     4  806 1352  0  0 100  0  0 2025-08-25 13:28:29
 0  0      0 31476028   5504 6110304    0    0     0     0  814 1357  0  0 100  0  0 2025-08-25 13:28:30
 0  0      0 31476028   5504 6110304    0    0     0     0  883 1419  0  0 100  0  0 2025-08-25 13:28:31
 0  0      0 31476028   5504 6110304    0    0     0    40  849 1353  0  0 100  0  0 2025-08-25 13:28:32
 0  0      0 31476028   5504 6110304    0    0     0     0  847 1350  0  0 100  0  0 2025-08-25 13:28:33
 0  0      0 31476028   5504 6110304    0    0     0     0  930 1373  0  0 100  0  0 2025-08-25 13:28:34
 0  0      0 31476028   5504 6110304    0    0     0     4  901 1420  0  0 100  0  0 2025-08-25 13:28:35
 0  0      0 31476028   5504 6110304    0    0     0     0  846 1377  0  0 100  0  0 2025-08-25 13:28:36
 0  0      0 31474516   5504 6110304    0    0     0     0  963 1373  0  0 100  0  0 2025-08-25 13:28:37
 0  0      0 31474516   5504 6110304    0    0     0    48  868 1383  0  0 100  0  0 2025-08-25 13:28:38
 0  0      0 31474516   5504 6110304    0    0     0     0  832 1379  0  0 100  0  0 2025-08-25 13:28:39
 0  0      0 31473508   5504 6110304    0    0     0     0  934 1421  0  0 100  0  0 2025-08-25 13:28:40
 0  0      0 31473256   5504 6110304    0    0     0     4  859 1382  0  0 100  0  0 2025-08-25 13:28:41
 0  0      0 31473256   5504 6110304    0    0     0     0 1649 1871  0  0 100  0  0 2025-08-25 13:28:42
 0  0      0 31473004   5504 6110304    0    0     0    68 1819 2009  0  0 100  0  0 2025-08-25 13:28:43
 0  0      0 31473004   5504 6110304    0    0     0     0 1450 1744  0  0 100  0  0 2025-08-25 13:28:44
 0  0      0 31477628   5504 6110304    0    0     0     0  852 1377  0  0 100  0  0 2025-08-25 13:28:45
 0  0      0 31477628   5504 6110308    0    0     0    36 4016 4378  0  0 100  0  0 2025-08-25 13:28:46
 0  0      0 31477628   5504 6110308    0    0     0     8  868 1402  0  0 100  0  0 2025-08-25 13:28:47
 0  0      0 31477628   5504 6110308    0    0     0    44  890 1361  0  0 100  0  0 2025-08-25 13:28:48
 0  0      0 31477628   5504 6110308    0    0     0     0  909 1378  0  0 100  0  0 2025-08-25 13:28:49
 0  0      0 31477628   5504 6110308    0    0     0     0  826 1346  0  0 100  0  0 2025-08-25 13:28:50
 0  0      0 31477628   5504 6110308    0    0     0     0  847 1409  0  0 100  0  0 2025-08-25 13:28:51
 0  0      0 31477628   5504 6110308    0    0     0     0  812 1330  0  0 100  0  0 2025-08-25 13:28:52
 0  0      0 31477628   5504 6110308    0    0     0    52  910 1400  0  0 100  0  0 2025-08-25 13:28:53
 0  0      0 31477628   5504 6110308    0    0     0     0  809 1360  0  0 100  0  0 2025-08-25 13:28:54
 0  0      0 31477628   5504 6110308    0    0     0     8  863 1415  0  0 100  0  0 2025-08-25 13:28:55
 0  0      0 31477628   5504 6110308    0    0     0     0  920 1397  0  0 100  0  0 2025-08-25 13:28:56
 0  0      0 31476620   5504 6110308    0    0     0     0  922 1402  0  0 100  0  0 2025-08-25 13:28:57
 0  0      0 31476620   5504 6110308    0    0     0    44  950 1438  0  0 100  0  0 2025-08-25 13:28:58
 0  0      0 31476620   5504 6110308    0    0     0     4 1113 1776  0  0 100  0  0 2025-08-25 13:28:59
 1  0      0 31476368   5504 6110308    0    0     0    16 2759 3059  0  0 100  0  0 2025-08-25 13:29:00
 0  0      0 31476368   5504 6110308    0    0     0     0  920 1399  0  0 100  0  0 2025-08-25 13:29:01
 0  0      0 31476368   5504 6110180    0    0     0     8  992 1435  0  0 100  0  0 2025-08-25 13:29:02
 0  0      0 31476368   5504 6110180    0    0     0    40 1070 1495  0  0 100  0  0 2025-08-25 13:29:03
 0  0      0 31476368   5504 6110180    0    0     0     0 1072 1476  0  0 100  0  0 2025-08-25 13:29:04
 0  0      0 31476368   5504 6110180    0    0     0     4  987 1467  0  0 100  0  0 2025-08-25 13:29:05
 0  0      0 31476368   5504 6110180    0    0     0     0  998 1468  0  0 100  0  0 2025-08-25 13:29:06
 0  0      0 31476368   5504 6110180    0    0     0     0  984 1468  0  0 100  0  0 2025-08-25 13:29:07
 0  0      0 31476368   5504 6110180    0    0     0    40  984 1426  0  0 100  0  0 2025-08-25 13:29:08
 0  0      0 31476368   5504 6110180    0    0     0     0  892 1362  0  0 100  0  0 2025-08-25 13:29:09
 0  0      0 31476368   5504 6110180    0    0     0     0  930 1479  0  0 100  0  0 2025-08-25 13:29:10
 0  0      0 31476368   5504 6110180    0    0     0     4 1028 1474  0  0 100  0  0 2025-08-25 13:29:11
 0  0      0 31476368   5504 6110180    0    0     0     0  894 1386  0  0 100  0  0 2025-08-25 13:29:12
 0  0      0 31476116   5504 6110180    0    0     0    40  878 1380  0  0 100  0  0 2025-08-25 13:29:13
 0  0      0 31476116   5504 6110180    0    0     0     0  900 1378  0  0 100  0  0 2025-08-25 13:29:14
 0  0      0 31476116   5504 6110180    0    0     0     0  922 1422  0  0 100  0  0 2025-08-25 13:29:15
 0  0      0 31476116   5504 6110180    0    0     0    10  908 1422  0  0 100  0  0 2025-08-25 13:29:16
 0  0      0 31473848   5504 6110180    0    0     0     4  978 1407  0  0 100  0  0 2025-08-25 13:29:17
 0  0      0 31473848   5504 6110180    0    0     0    68  885 1390  0  0 100  0  0 2025-08-25 13:29:18
 0  0      0 31473848   5504 6110180    0    0     0     0  940 1428  0  0 100  0  0 2025-08-25 13:29:19
 0  0      0 31473848   5504 6110180    0    0     0     0  961 1419  0  0 100  0  0 2025-08-25 13:29:20
 0  0      0 31473848   5504 6110180    0    0     0     0  984 1460  0  0 100  0  0 2025-08-25 13:29:21
 0  0      0 31473848   5504 6110180    0    0     0     0 1119 1475  0  0 100  0  0 2025-08-25 13:29:22
 1  0      0 31473848   5504 6110180    0    0     0     4 4052 4424  0  0 100  0  0 2025-08-25 13:29:23
 0  0      0 31473848   5504 6110180    0    0     0    56  941 1403  0  0 100  0  0 2025-08-25 13:29:24
 0  0      0 31473848   5504 6110180    0    0     0     0  871 1352  0  0 100  0  0 2025-08-25 13:29:25
 0  0      0 31473848   5504 6110184    0    0     0     4  941 1428  0  0 100  0  0 2025-08-25 13:29:26
 0  0      0 31473848   5504 6110184    0    0     0     0  939 1429  0  0 100  0  0 2025-08-25 13:29:27
 0  0      0 31473848   5504 6110184    0    0     0     0  868 1365  0  0 100  0  0 2025-08-25 13:29:28
 0  0      0 31473848   5504 6110184    0    0     0    72  893 1398  0  0 100  0  0 2025-08-25 13:29:29
 0  0      0 31473848   5504 6110184    0    0     0     0  899 1388  0  0 100  0  0 2025-08-25 13:29:30
 0  0      0 31473848   5504 6110184    0    0     0     0  898 1425  0  0 100  0  0 2025-08-25 13:29:31
 0  0      0 31473848   5504 6110184    0    0     0     0  837 1350  0  0 100  0  0 2025-08-25 13:29:32
 0  0      0 31473848   5504 6110184    0    0     0     0  823 1339  0  0 100  0  0 2025-08-25 13:29:33
 0  0      0 31473848   5504 6110184    0    0     0    40  852 1363  0  0 100  0  0 2025-08-25 13:29:34
 0  0      0 31473848   5504 6110184    0    0     0     4  905 1430  0  0 100  0  0 2025-08-25 13:29:35
 0  0      0 31452360   5504 6110248    0    0     0    64 4856 12606 11  0 88  0  0 2025-08-25 13:29:36
 0  0      0 31453764   5504 6110256    0    0     0     0  930 1414  0  0 100  0  0 2025-08-25 13:29:37
 0  0      0 31454572   5504 6110256    0    0     0     0 1215 1632  1  0 99  0  0 2025-08-25 13:29:38
 0  0      0 31460940   5504 6110256    0    0     0    88  982 1474  0  0 100  0  0 2025-08-25 13:29:39
 0  0      0 31460940   5504 6110256    0    0     0     0  781 1349  0  0 100  0  0 2025-08-25 13:29:40
 0  0      0 31460688   5504 6110256    0    0     0    76  812 1378  0  0 100  0  0 2025-08-25 13:29:41
 1  0      0 31460924   5504 6110256    0    0     0     8  851 1386  0  0 100  0  0 2025-08-25 13:29:42
 0  0      0 31461176   5504 6110256    0    0     0     0  858 1414  0  0 100  0  0 2025-08-25 13:29:43
 1  0      0 31461176   5504 6110256    0    0     0    52  892 1394  0  0 100  0  0 2025-08-25 13:29:44
 0  0      0 31461176   5504 6110256    0    0     0     0  819 1355  0  0 100  0  0 2025-08-25 13:29:45
 2  0      0 31444288   5504 6110292    0    0     0     8 14246 40411 33  1 66  0  0 2025-08-25 13:29:46
 0  0      0 31443784   5504 6110312    0    0     0    93 2883 7092  5  0 94  0  0 2025-08-25 13:29:47
 0  0      0 31443784   5504 6110312    0    0     0     0  896 1406  0  0 100  0  0 2025-08-25 13:29:48
 0  0      0 31443784   5504 6110312    0    0     0    60  808 1355  0  0 100  0  0 2025-08-25 13:29:49
 0  0      0 31443784   5504 6110312    0    0     0     0  787 1360  0  0 100  0  0 2025-08-25 13:29:50
 0  0      0 31443784   5504 6110312    0    0     0    68  913 1467  0  0 100  0  0 2025-08-25 13:29:51
 0  0      0 31443784   5504 6110312    0    0     0     0  848 1368  0  0 100  0  0 2025-08-25 13:29:52
 0  0      0 31443784   5504 6110312    0    0     0     4  826 1341  0  0 100  0  0 2025-08-25 13:29:53
 0  0      0 31443784   5504 6110312    0    0     0    40  785 1350  0  0 100  0  0 2025-08-25 13:29:54
 0  0      0 31443784   5504 6110312    0    0     0     0  921 1417  0  0 100  0  0 2025-08-25 13:29:55
 0  0      0 31443784   5504 6110312    0    0     0    12  906 1400  0  0 100  0  0 2025-08-25 13:29:56
 0  0      0 31444616   5504 6110312    0    0     0     0  929 1415  0  0 100  0  0 2025-08-25 13:29:57
 0  0      0 31444140   5504 6110312    0    0     0     0 1450 1706  1  0 99  0  0 2025-08-25 13:29:58
 0  0      0 31444140   5504 6110312    0    0     0    64  872 1419  0  0 100  0  0 2025-08-25 13:29:59
 0  0      0 31443900   5504 6110492    0    0     0    16 2793 3375  0  0 99  0  0 2025-08-25 13:30:00
 0  0      0 31443900   5504 6110492    0    0     0     0  827 1365  0  0 100  0  0 2025-08-25 13:30:01
 1  0      0 31443900   5504 6110492    0    0     0     0  837 1336  0  0 100  0  0 2025-08-25 13:30:02
 0  0      0 31443900   5504 6110492    0    0     0     8  915 1432  0  0 100  0  0 2025-08-25 13:30:03
 0  0      0 31443900   5504 6110496    0    0     0    96  846 1404  0  0 100  0  0 2025-08-25 13:30:04
 0  0      0 31443900   5504 6110496    0    0     0    80  855 1397  0  0 100  0  0 2025-08-25 13:30:05
 0  0      0 31443900   5504 6110496    0    0     0     0  853 1385  0  0 100  0  0 2025-08-25 13:30:06
 0  0      0 31443900   5504 6110496    0    0     0     0  882 1402  0  0 100  0  0 2025-08-25 13:30:07
 0  0      0 31448836   5504 6110496    0    0     0     0 1003 1478  0  0 100  0  0 2025-08-25 13:30:08
 0  0      0 31448836   5504 6110496    0    0     0     0  793 1331  0  0 100  0  0 2025-08-25 13:30:09
 0  0      0 31449056   5504 6110496    0    0     0    52  894 1479  0  0 100  0  0 2025-08-25 13:30:10
 0  0      0 31449448   5504 6110604    0    0     0    44 4714 12301 11  0 89  0  0 2025-08-25 13:30:11
 0  0      0 31449448   5504 6110572    0    0     0     0 1041 1428  0  0 100  0  0 2025-08-25 13:30:12
 0  0      0 31449448   5504 6110572    0    0     0     0  881 1386  0  0 100  0  0 2025-08-25 13:30:13
 0  0      0 31449448   5504 6110572    0    0     0     0  830 1352  0  0 100  0  0 2025-08-25 13:30:14
 0  0      0 31450532   5504 6110572    0    0     0    72 1017 1497  0  0 100  0  0 2025-08-25 13:30:15
 0  0      0 31450532   5504 6110572    0    0     0    96  902 1415  0  0 100  0  0 2025-08-25 13:30:16
 0  0      0 31447048   5504 6110572    0    0     0   131 1011 1456  0  0 100  0  0 2025-08-25 13:30:17
 1  0      0 31446548   5504 6110572    0    0     0     0  988 1428  0  0 100  0  0 2025-08-25 13:30:18
 0  0      0 31445552   5504 6110572    0    0     0     0  964 1423  0  0 100  0  0 2025-08-25 13:30:19
 0  0      0 31446064   5504 6110572    0    0     0    72  856 1398  0  0 100  0  0 2025-08-25 13:30:20
 0  0      0 31446064   5504 6110572    0    0     0     0  833 1375  0  0 100  0  0 2025-08-25 13:30:21
 0  0      0 31453664   5504 6110572    0    0     0     0 1475 1737  1  0 99  0  0 2025-08-25 13:30:22
 0  0      0 31453160   5504 6110572    0    0     0    12 4004 4395  0  0 100  0  0 2025-08-25 13:30:23
 1  0      0 31453160   5504 6110572    0    0     0     0  941 1400  0  0 100  0  0 2025-08-25 13:30:24
 0  0      0 31453160   5504 6110572    0    0     0    84  966 1412  0  0 100  0  0 2025-08-25 13:30:25
 0  0      0 31453160   5504 6110572    0    0     0     0  843 1384  0  0 100  0  0 2025-08-25 13:30:26
 0  0      0 31453160   5504 6110572    0    0     0    12  886 1450  0  0 100  0  0 2025-08-25 13:30:27
 0  0      0 31453160   5504 6110572    0    0     0    12  889 1389  0  0 100  0  0 2025-08-25 13:30:28
 0  0      0 31453160   5504 6110572    0    0     0     4  825 1364  0  0 100  0  0 2025-08-25 13:30:29
 0  0      0 31453160   5504 6110572    0    0     0    56  841 1385  0  0 100  0  0 2025-08-25 13:30:30
 1  0      0 31453160   5504 6110572    0    0     0     0  867 1418  0  0 100  0  0 2025-08-25 13:30:31
 0  0      0 31453160   5504 6110572    0    0     0     0  854 1404  0  0 100  0  0 2025-08-25 13:30:32
 0  0      0 31453160   5504 6110572    0    0     0     0  788 1350  0  0 100  0  0 2025-08-25 13:30:33
 0  0      0 31453316   5504 6110572    0    0     0     0  941 1405  0  0 100  0  0 2025-08-25 13:30:34
 0  0      0 31453648   5504 6110572    0    0     0    56  897 1433  0  0 100  0  0 2025-08-25 13:30:35
 0  0      0 31453648   5504 6110572    0    0     0     0  860 1391  0  0 100  0  0 2025-08-25 13:30:36
 0  0      0 31447852   5504 6110572    0    0     0    48  925 1406  0  0 100  0  0 2025-08-25 13:30:37
 7  0      0 31445804   5504 6110612    0    0     0     8 6977 20560 18  0 82  0  0 2025-08-25 13:30:38
 0  0      0 31437392   5504 6110656    0    0     0    32 8149 24381 20  0 79  0  0 2025-08-25 13:30:39
 0  0      0 31437392   5504 6110656    0    0     0    72  838 1370  0  0 100  0  0 2025-08-25 13:30:40
 0  0      0 31437392   5504 6110656    0    0     0     4  880 1388  0  0 100  0  0 2025-08-25 13:30:41
 0  0      0 31437392   5504 6110656    0    0     0     0 1915 1965  0  0 100  0  0 2025-08-25 13:30:42
 0  0      0 31437392   5504 6110660    0    0     0    64 1935 2015  0  0 100  0  0 2025-08-25 13:30:43
 0  0      0 31437392   5504 6110660    0    0     0     8 1439 1713  0  0 100  0  0 2025-08-25 13:30:44
 0  0      0 31443912   5504 6110660    0    0     0    44  981 1450  0  0 100  0  0 2025-08-25 13:30:45
 0  0      0 31443912   5504 6110660    0    0     0     0 3963 4322  0  0 100  0  0 2025-08-25 13:30:46
 0  0      0 31443436   5504 6110660    0    0     0   272 1347 1786  1  0 99  0  0 2025-08-25 13:30:47
 0  0      0 31440916   5504 6110660    0    0     0     0 1035 1476  0  0 100  0  0 2025-08-25 13:30:48
 0  0      0 31440916   5504 6110660    0    0     0     0  868 1376  0  0 100  0  0 2025-08-25 13:30:49
 0  0      0 31440916   5504 6110660    0    0     0     0  872 1410  0  0 100  0  0 2025-08-25 13:30:50
 0  0      0 31440916   5504 6110660    0    0     0    76  867 1431  0  0 100  0  0 2025-08-25 13:30:51
 0  0      0 31440916   5504 6110660    0    0     0    12  878 1409  0  0 100  0  0 2025-08-25 13:30:52
 0  0      0 31443032   5504 6110660    0    0     0     4 1044 1459  0  0 100  0  0 2025-08-25 13:30:53
 0  0      0 31443032   5504 6110660    0    0     0     0  843 1382  0  0 100  0  0 2025-08-25 13:30:54
 0  0      0 31443032   5504 6110660    0    0     0     0  833 1379  0  0 100  0  0 2025-08-25 13:30:55
 0  0      0 31443032   5504 6110660    0    0     0    48  827 1395  0  0 100  0  0 2025-08-25 13:30:56
 0  0      0 31439000   5504 6110660    0    0     0     0  912 1426  0  0 100  0  0 2025-08-25 13:30:57
 0  0      0 31439044   5504 6110660    0    0     0    16  864 1387  0  0 100  0  0 2025-08-25 13:30:58
 0  0      0 31438864   5504 6110660    0    0     0     4 1026 1504  0  0 100  0  0 2025-08-25 13:30:59
 0  0      0 31440556   5504 6110532    0    0     0    16 2514 2926  0  0 100  0  0 2025-08-25 13:31:00
 0  0      0 31440556   5504 6110532    0    0     0    64 1063 1720  0  0 100  0  0 2025-08-25 13:31:01
 0  0      0 31446228   5504 6110532    0    0     0     0 1042 1444  0  0 100  0  0 2025-08-25 13:31:02
 0  0      0 31446272   5504 6110532    0    0     0     0  916 1426  0  0 100  0  0 2025-08-25 13:31:03
 0  0      0 31451848   5504 6110532    0    0     0     8 1023 1491  0  0 100  0  0 2025-08-25 13:31:04
 1  0      0 31451848   5504 6110532    0    0     0     4  858 1380  0  0 100  0  0 2025-08-25 13:31:05
 0  0      0 31451848   5504 6110532    0    0     0    56  832 1400  0  0 100  0  0 2025-08-25 13:31:06
 0  0      0 31451848   5504 6110532    0    0     0     0  913 1459  0  0 100  0  0 2025-08-25 13:31:07
 0  0      0 31451848   5504 6110532    0    0     0     0  890 1390  0  0 100  0  0 2025-08-25 13:31:08
 0  0      0 31451848   5504 6110532    0    0     0     0  832 1372  0  0 100  0  0 2025-08-25 13:31:09
 0  0      0 31451848   5504 6110532    0    0     0     0  841 1424  0  0 100  0  0 2025-08-25 13:31:10
 0  0      0 31452656   5504 6110532    0    0     0    56 1016 1510  0  0 100  0  0 2025-08-25 13:31:11
 0  0      0 31453276   5504 6110532    0    0     0     0  809 1386  0  0 100  0  0 2025-08-25 13:31:12
 1  0      0 31453276   5504 6110532    0    0     0     0  812 1372  0  0 100  0  0 2025-08-25 13:31:13
 0  0      0 31453276   5504 6110532    0    0     0     0  825 1365  0  0 100  0  0 2025-08-25 13:31:14
 0  0      0 31453276   5504 6110532    0    0     0     0  895 1418  0  0 100  0  0 2025-08-25 13:31:15
 0  0      0 31453276   5504 6110532    0    0     0    52  897 1406  0  0 100  0  0 2025-08-25 13:31:16
 1  0      0 31452272   5504 6110532    0    0     0   218  981 1483  0  0 100  0  0 2025-08-25 13:31:17
 0  0      0 31452328   5504 6110532    0    0     0     0  862 1353  0  0 100  0  0 2025-08-25 13:31:18
 0  0      0 31452328   5504 6110532    0    0     0     0  838 1400  0  0 100  0  0 2025-08-25 13:31:19
 0  0      0 31452328   5504 6110532    0    0     0     0  825 1361  0  0 100  0  0 2025-08-25 13:31:20
 0  0      0 31452328   5504 6110532    0    0     0    56  839 1370  0  0 100  0  0 2025-08-25 13:31:21
 1  0      0 31452328   5504 6110536    0    0     0     0  853 1383  0  0 100  0  0 2025-08-25 13:31:22
 0  0      0 31454316   5504 6110536    0    0     0     8 4182 4473  0  0 100  0  0 2025-08-25 13:31:23
 0  0      0 31454316   5504 6110536    0    0     0     0  857 1378  0  0 100  0  0 2025-08-25 13:31:24
 0  0      0 31454316   5504 6110536    0    0     0     0  815 1341  0  0 100  0  0 2025-08-25 13:31:25
 0  0      0 31454316   5504 6110536    0    0     0    64  860 1367  0  0 100  0  0 2025-08-25 13:31:26
 0  0      0 31454316   5504 6110536    0    0     0     0  846 1421  0  0 100  0  0 2025-08-25 13:31:27
 0  0      0 31454316   5504 6110536    0    0     0     4  831 1364  0  0 100  0  0 2025-08-25 13:31:28
 0  0      0 31455932   5504 6110536    0    0     0     4  955 1422  0  0 100  0  0 2025-08-25 13:31:29
 0  0      0 31456020   5504 6110536    0    0     0     0  876 1399  0  0 100  0  0 2025-08-25 13:31:30
 0  0      0 31456020   5504 6110536    0    0     0     0  875 1397  0  0 100  0  0 2025-08-25 13:31:31
 0  0      0 31456020   5504 6110536    0    0     0    52  864 1375  0  0 100  0  0 2025-08-25 13:31:32
 0  0      0 31456020   5504 6110536    0    0     0     0  817 1358  0  0 100  0  0 2025-08-25 13:31:33
 0  0      0 31456020   5504 6110536    0    0     0     0  892 1372  0  0 100  0  0 2025-08-25 13:31:34
 0  0      0 31456020   5504 6110536    0    0     0     4  837 1400  0  0 100  0  0 2025-08-25 13:31:35
 0  0      0 31456020   5504 6110536    0    0     0     0 1020 1445  0  0 100  0  0 2025-08-25 13:31:36
 0  0      0 31459292   5504 6110536    0    0     0    52 1000 1431  0  0 100  0  0 2025-08-25 13:31:37
 0  0      0 31459292   5504 6110536    0    0     0     0  869 1373  0  0 100  0  0 2025-08-25 13:31:38
 0  0      0 31449076   5504 6110556    0    0     0    48 5123 12649 10  1 88  0  0 2025-08-25 13:31:39
 0  0      0 31449172   5504 6110592    0    0     0     0 1029 1408  0  0 100  0  0 2025-08-25 13:31:40
 0  0      0 31449172   5504 6110592    0    0     0     4  925 1414  0  0 100  0  0 2025-08-25 13:31:41
 0  0      0 31449244   5504 6110592    0    0     0    68  930 1398  0  0 100  0  0 2025-08-25 13:31:42
 0  0      0 31451500   5504 6110592    0    0     0     0 1073 1504  0  0 100  0  0 2025-08-25 13:31:43
 0  0      0 31451500   5504 6110592    0    0     0    68  856 1394  0  0 100  0  0 2025-08-25 13:31:44
 0  0      0 31451500   5504 6110592    0    0     0     8  840 1384  0  0 100  0  0 2025-08-25 13:31:45
 0  0      0 31451500   5504 6110592    0    0     0     0 4005 4353  0  0 100  0  0 2025-08-25 13:31:46
 0  0      0 31451500   5504 6110592    0    0     0    93  962 1496  0  0 100  0  0 2025-08-25 13:31:47
 0  0      0 31450744   5504 6110592    0    0     0     8 1082 1766  0  0 99  0  0 2025-08-25 13:31:48
 0  0      0 31450744   5504 6110616    0    0     0     0  848 1394  0  0 100  0  0 2025-08-25 13:31:49
 0  0      0 31450744   5504 6110616    0    0     0     0  927 1420  0  0 100  0  0 2025-08-25 13:31:50
 0  0      0 31450936   5504 6110616    0    0     0     0 1039 1509  0  0 100  0  0 2025-08-25 13:31:51
 0  0      0 31450936   5504 6110616    0    0     0    68  837 1390  0  0 100  0  0 2025-08-25 13:31:52
 0  0      0 31450936   5504 6110616    0    0     0     0  847 1392  0  0 100  0  0 2025-08-25 13:31:53
 0  0      0 31450936   5504 6110616    0    0     0    32  847 1379  0  0 100  0  0 2025-08-25 13:31:54
 0  0      0 31450936   5504 6110616    0    0     0     0  851 1397  0  0 100  0  0 2025-08-25 13:31:55
 0  0      0 31456100   5504 6110616    0    0     0     0  997 1450  0  0 100  0  0 2025-08-25 13:31:56
 0  0      0 31454628   5504 6110616    0    0     0    56  926 1416  0  0 100  0  0 2025-08-25 13:31:57
 0  0      0 31454628   5504 6110616    0    0     0     4  839 1388  0  0 100  0  0 2025-08-25 13:31:58
 0  0      0 31454628   5504 6110616    0    0     0    12  818 1399  0  0 100  0  0 2025-08-25 13:31:59
 0  0      0 31454004   5504 6110616    0    0     0    16 2646 3000  0  0 99  0  0 2025-08-25 13:32:00
 0  0      0 31453812   5504 6110748    0    0     0     0  949 1428  0  0 100  0  0 2025-08-25 13:32:01
 0  0      0 31453812   5504 6110748    0    0     0    68  841 1376  0  0 100  0  0 2025-08-25 13:32:02
 0  0      0 31454704   5504 6110748    0    0     0     0 1147 1831  0  0 100  0  0 2025-08-25 13:32:03
 0  0      0 31454820   5504 6110748    0    0     0     8  903 1391  0  0 100  0  0 2025-08-25 13:32:04
 0  0      0 31454820   5504 6110748    0    0     0     8  807 1377  0  0 100  0  0 2025-08-25 13:32:05
 0  0      0 31454820   5504 6110748    0    0     0     0  846 1390  0  0 100  0  0 2025-08-25 13:32:06
 0  0      0 31454820   5504 6110748    0    0     0    52  858 1404  0  0 100  0  0 2025-08-25 13:32:07
 0  0      0 31454820   5504 6110748    0    0     0     0  854 1396  0  0 100  0  0 2025-08-25 13:32:08
 0  0      0 31460184   5504 6110748    0    0     0     0 1122 1535  0  0 100  0  0 2025-08-25 13:32:09
 0  0      0 31464324   5504 6110748    0    0     0     4  997 1507  0  0 100  0  0 2025-08-25 13:32:10
 0  0      0 31465496   5504 6110748    0    0     0     0 1065 1548  0  0 100  0  0 2025-08-25 13:32:11
 0  0      0 31465748   5504 6110748    0    0     0    84  904 1405  0  0 100  0  0 2025-08-25 13:32:12
 0  0      0 31465748   5504 6110748    0    0     0     0  961 1437  0  0 100  0  0 2025-08-25 13:32:13
 0  0      0 31465748   5504 6110748    0    0     0     8  857 1401  0  0 100  0  0 2025-08-25 13:32:14
 0  0      0 31466328   5504 6110748    0    0     0     0  986 1490  0  0 100  0  0 2025-08-25 13:32:15
 0  0      0 31466328   5504 6110748    0    0     0     4  901 1400  0  0 100  0  0 2025-08-25 13:32:16
 0  0      0 31465068   5504 6110748    0    0     0     0  883 1391  0  0 100  0  0 2025-08-25 13:32:17
 0  0      0 31465068   5504 6110748    0    0     0   180 1008 1534  0  0 100  0  0 2025-08-25 13:32:18
 0  0      0 31465068   5504 6110748    0    0     0     0  930 1435  0  0 100  0  0 2025-08-25 13:32:19
 1  0      0 31465068   5504 6110748    0    0     0     0  981 1427  0  0 100  0  0 2025-08-25 13:32:20
 0  0      0 31465068   5504 6110748    0    0     0     0  853 1393  0  0 100  0  0 2025-08-25 13:32:21
 0  0      0 31465068   5504 6110748    0    0     0     4  798 1342  0  0 100  0  0 2025-08-25 13:32:22
 0  0      0 31465068   5504 6110752    0    0     0    84 4516 4734  1  0 99  0  0 2025-08-25 13:32:23
 0  0      0 31465784   5504 6110752    0    0     0     0  995 1456  0  0 100  0  0 2025-08-25 13:32:24
 0  0      0 31466020   5504 6110720    0    0     0   192  999 1505  0  0 100  0  0 2025-08-25 13:32:25
 0  0      0 31464760   5504 6110720    0    0     0     8 1118 1492  0  0 100  0  0 2025-08-25 13:32:26
 0  0      0 31463252   5504 6110720    0    0     0     0  996 1476  0  0 100  0  0 2025-08-25 13:32:27
 0  0      0 31463252   5504 6110720    0    0     0   112  841 1438  0  0 100  0  0 2025-08-25 13:32:28
 0  0      0 31463252   5504 6110720    0    0     0     0  794 1354  0  0 100  0  0 2025-08-25 13:32:29
 0  0      0 31463252   5504 6110720    0    0     0    12  838 1382  0  0 100  0  0 2025-08-25 13:32:30
 0  0      0 31463252   5504 6110720    0    0     0     0  937 1460  0  0 100  0  0 2025-08-25 13:32:31
 0  0      0 31463252   5504 6110720    0    0     0     0  864 1370  0  0 100  0  0 2025-08-25 13:32:32
 0  0      0 31463252   5504 6110720    0    0     0    56  939 1445  0  0 100  0  0 2025-08-25 13:32:33
 0  0      0 31463252   5504 6110720    0    0     0     4  850 1376  0  0 100  0  0 2025-08-25 13:32:34
 0  0      0 31463252   5504 6110720    0    0     0     0  909 1449  0  0 100  0  0 2025-08-25 13:32:35
 0  0      0 31463252   5504 6110720    0    0     0     0  848 1375  0  0 100  0  0 2025-08-25 13:32:36
 0  0      0 31461740   5504 6110720    0    0     0     0  855 1362  0  0 100  0  0 2025-08-25 13:32:37
 0  0      0 31461492   5504 6110720    0    0     0    44  810 1367  0  0 100  0  0 2025-08-25 13:32:38
 0  0      0 31461492   5504 6110720    0    0     0     0  953 1454  0  0 100  0  0 2025-08-25 13:32:39
 0  0      0 31461492   5504 6110724    0    0     0     8  799 1360  0  0 100  0  0 2025-08-25 13:32:40
 0  0      0 31462960   5504 6110724    0    0     0     0 1213 1596  0  0 100  0  0 2025-08-25 13:32:41
 0  0      0 31462988   5504 6110724    0    0     0     0 1744 1955  0  0 100  0  0 2025-08-25 13:32:42
 0  0      0 31465088   5504 6110724    0    0     0    76 1998 2071  0  0 100  0  0 2025-08-25 13:32:43
 0  0      0 31467096   5504 6110724    0    0     0     0 1344 1668  0  0 100  0  0 2025-08-25 13:32:44
 0  0      0 31467096   5504 6110724    0    0     0     0  781 1348  0  0 100  0  0 2025-08-25 13:32:45
 0  0      0 31465704   5504 6110724    0    0     0     4 4131 4439  0  0 100  0  0 2025-08-25 13:32:46
 0  0      0 31465704   5504 6110724    0    0     0     0  880 1402  0  0 100  0  0 2025-08-25 13:32:47
 1  0      0 31465704   5504 6110724    0    0     0   472  919 1447  0  0 100  0  0 2025-08-25 13:32:48
 0  0      0 31465704   5504 6110724    0    0     0     0  855 1392  0  0 100  0  0 2025-08-25 13:32:49
13  0      0 31465704   5504 6110724    0    0     0     8 3645 10215  9  0 91  0  0 2025-08-25 13:32:50
 0  0      0 31464948   5504 6110764    0    0     0    64 1819 3553  2  0 98  0  0 2025-08-25 13:32:51
 0  0      0 31464948   5504 6110764    0    0     0     4  851 1399  0  0 100  0  0 2025-08-25 13:32:52
 0  0      0 31464948   5504 6110764    0    0     0    80  854 1396  0  0 100  0  0 2025-08-25 13:32:53
 0  0      0 31464948   5504 6110764    0    0     0     4 1208 1671  0  0 99  0  0 2025-08-25 13:32:54
 0  0      0 31471100   5504 6110764    0    0     0    28 1071 1490  0  0 100  0  0 2025-08-25 13:32:55
 0  0      0 31468524   5504 6110768    0    0     0    12 1576 1997  1  0 99  0  0 2025-08-25 13:32:56
 0  0      0 31463636   5504 6110772    0    0     0     0 1167 1508  0  0 100  0  0 2025-08-25 13:32:57
 0  0      0 31463636   5504 6110772    0    0     0     4  868 1395  0  0 100  0  0 2025-08-25 13:32:58
 0  0      0 31463636   5504 6110772    0    0     0    72  924 1415  0  0 100  0  0 2025-08-25 13:32:59
 0  0      0 31463636   5504 6110772    0    0     0    16 2493 2913  0  0 100  0  0 2025-08-25 13:33:00
 1  0      0 31463384   5504 6110644    0    0     0    36  981 1438  0  0 100  0  0 2025-08-25 13:33:01
 0  0      0 31463384   5504 6110644    0    0     0     0 1010 1438  0  0 100  0  0 2025-08-25 13:33:02
 0  0      0 31463384   5504 6110644    0    0     0     0  924 1437  0  0 100  0  0 2025-08-25 13:33:03
 0  0      0 31461368   5504 6110644    0    0     0    56 1234 1838  0  0 100  0  0 2025-08-25 13:33:04
 0  0      0 31461368   5504 6110644    0    0     0     0  862 1359  0  0 100  0  0 2025-08-25 13:33:05
 0  0      0 31460864   5504 6110644    0    0     0     0 1147 1651  0  0 100  0  0 2025-08-25 13:33:06
 0  0      0 31460864   5504 6110644    0    0     0     0 1202 1802  0  0 99  0  0 2025-08-25 13:33:07
 0  0      0 31460864   5504 6110648    0    0     0     0 1356 1795  1  0 99  0  0 2025-08-25 13:33:08
 0  0      0 31460612   5504 6110648    0    0     0    80 1021 1406  0  0 100  0  0 2025-08-25 13:33:09
 0  0      0 31459100   5504 6110648    0    0     0     4 1025 1514  0  0 100  0  0 2025-08-25 13:33:10
 0  0      0 31455600   5504 6110648    0    0     0    20 1071 1536  0  0 100  0  0 2025-08-25 13:33:11
 0  0      0 31456920   5504 6110648    0    0     0     0 1043 1453  0  0 100  0  0 2025-08-25 13:33:12
 1  0      0 31457040   5504 6110648    0    0     0     0  822 1384  0  0 100  0  0 2025-08-25 13:33:13
 0  0      0 31465424   5504 6110652    0    0     0    80 1353 1708  0  0 99  0  0 2025-08-25 13:33:14
 0  0      0 31467936   5504 6110652    0    0     0     0  897 1433  0  0 100  0  0 2025-08-25 13:33:15
 0  0      0 31467936   5504 6110652    0    0     0     4  956 1447  0  0 100  0  0 2025-08-25 13:33:16
 0  0      0 31467180   5504 6110652    0    0     0     8  911 1410  0  0 100  0  0 2025-08-25 13:33:17
 1  0      0 31467180   5504 6110652    0    0     0    18  807 1396  0  0 100  0  0 2025-08-25 13:33:18
 0  0      0 31467180   5504 6110656    0    0     0    80  907 1465  0  0 100  0  0 2025-08-25 13:33:19
 0  0      0 31467180   5504 6110656    0    0     0     0  803 1343  0  0 100  0  0 2025-08-25 13:33:20
 0  0      0 31467180   5504 6110656    0    0     0     0  813 1389  0  0 100  0  0 2025-08-25 13:33:21
 0  0      0 31467180   5504 6110656    0    0     0     8  829 1356  0  0 100  0  0 2025-08-25 13:33:22
 0  0      0 31467180   5504 6110656    0    0     0     0 4060 4412  0  0 100  0  0 2025-08-25 13:33:23
 1  0      0 31467696   5504 6110656    0    0     0    68 1182 1563  0  0 99  0  0 2025-08-25 13:33:24
 0  0      0 31469612   5504 6110656    0    0     0     0 1001 1448  0  0 100  0  0 2025-08-25 13:33:25
 0  0      0 31469612   5504 6110656    0    0     0     0  926 1405  0  0 100  0  0 2025-08-25 13:33:26
 0  0      0 31469612   5504 6110656    0    0     0     0  840 1399  0  0 100  0  0 2025-08-25 13:33:27
 0  0      0 31469612   5504 6110656    0    0     0     4  832 1352  0  0 100  0  0 2025-08-25 13:33:28
 0  0      0 31469612   5504 6110656    0    0     0    76  840 1392  0  0 100  0  0 2025-08-25 13:33:29
 0  0      0 31469612   5504 6110660    0    0     0     0 1106 1598  1  0 99  0  0 2025-08-25 13:33:30
 0  0      0 31469612   5504 6110660    0    0     0    12  918 1447  0  0 100  0  0 2025-08-25 13:33:31
 0  0      0 31469612   5504 6110660    0    0     0     0  828 1352  0  0 100  0  0 2025-08-25 13:33:32
 0  0      0 31469612   5504 6110660    0    0     0     0  813 1362  0  0 100  0  0 2025-08-25 13:33:33
 0  0      0 31449896   5504 6110324    0    0     0   228 9396 24933 23  1 77  0  0 2025-08-25 13:33:34
 0  0      0 31449140   5504 6109772    0    0     0   320  912 1465  0  0 100  0  0 2025-08-25 13:33:35
 0  0      0 31449184   5504 6109772    0    0     0     0  927 1411  0  0 100  0  0 2025-08-25 13:33:36
 0  0      0 31446664   5504 6109772    0    0     0     0  948 1390  0  0 100  0  0 2025-08-25 13:33:37
 0  0      0 31446664   5504 6109772    0    0     0     0 1177 1732  0  0 99  0  0 2025-08-25 13:33:38
 0  0      0 31446664   5504 6109772    0    0     0    84 1302 1762  0  0 99  0  0 2025-08-25 13:33:39
 0  0      0 31446664   5504 6109776    0    0     0     4 1445 1867  1  0 99  0  0 2025-08-25 13:33:40
 0  0      0 31446664   5504 6109776    0    0     0     0  920 1389  0  0 100  0  0 2025-08-25 13:33:41
 0  0      0 31448332   5504 6109776    0    0     0     0 1313 1696  0  0 99  0  0 2025-08-25 13:33:42
 3  0      0 31448368   5504 6109776    0    0     0     8 1480 2110  1  0 99  0  0 2025-08-25 13:33:43
 1  0      0 31439352   5504 6109780    0    0     0     0 1057 1520  0  0 100  0  0 2025-08-25 13:33:44
 0  0      0 31442740   5504 6109780    0    0     0    84  924 1427  0  0 100  0  0 2025-08-25 13:33:45
 0  0      0 31444772   5504 6109780    0    0     0     4 4247 4495  0  0 99  0  0 2025-08-25 13:33:46
 0  0      0 31444840   5504 6109780    0    0     0     0  890 1417  0  0 100  0  0 2025-08-25 13:33:47
 0  0      0 31444840   5504 6109780    0    0     0   201  884 1423  0  0 100  0  0 2025-08-25 13:33:48
 0  0      0 31444084   5504 6109796    0    0     0     8 1946 2041  1  0 99  0  0 2025-08-25 13:33:49
 0  0      0 31447868   5504 6109796    0    0     0    60 1053 1487  0  0 100  0  0 2025-08-25 13:33:50
 0  0      0 31457848   5504 6109796    0    0     0     0 1025 1509  0  0 100  0  0 2025-08-25 13:33:51
 0  0      0 31457960   5504 6109808    0    0     0     4 1365 1671  1  0 99  0  0 2025-08-25 13:33:52
 0  0      0 31456196   5504 6109812    0    0     0     0 1773 2132  1  0 99  0  0 2025-08-25 13:33:53
 0  0      0 31456196   5504 6109812    0    0     0    32  963 1480  0  0 100  0  0 2025-08-25 13:33:54
 0  0      0 31456196   5504 6109812    0    0     0   100  897 1460  0  0 100  0  0 2025-08-25 13:33:55
 0  0      0 31456196   5504 6109812    0    0     0     0 1132 1593  0  0 100  0  0 2025-08-25 13:33:56
 0  0      0 31454936   5504 6109812    0    0     0     0 1108 1538  0  0 100  0  0 2025-08-25 13:33:57
 0  0      0 31454684   5504 6109816    0    0     0     8 1064 1532  0  0 100  0  0 2025-08-25 13:33:58
 0  0      0 31454684   5504 6109820    0    0     0     8  908 1446  0  0 100  0  0 2025-08-25 13:33:59
 0  0      0 31456796   5504 6109820    0    0     0    76 2725 2996  0  0 100  0  0 2025-08-25 13:34:00
 0  0      0 31456796   5504 6109948    0    0     0     0  934 1431  0  0 100  0  0 2025-08-25 13:34:01
 0  0      0 31455960   5504 6109948    0    0     0    16  959 1453  0  0 100  0  0 2025-08-25 13:34:02
 0  0      0 31455960   5504 6109952    0    0     0     0 1050 1532  0  0 100  0  0 2025-08-25 13:34:03
 0  0      0 31455960   5504 6109952    0    0     0     4  884 1410  0  0 100  0  0 2025-08-25 13:34:04
 0  0      0 31455960   5504 6109952    0    0     0    64  907 1386  0  0 100  0  0 2025-08-25 13:34:05
 0  0      0 31458288   5504 6109952    0    0     0     0 1220 1804  0  0 100  0  0 2025-08-25 13:34:06
 0  0      0 31457784   5504 6109952    0    0     0     0  876 1425  0  0 100  0  0 2025-08-25 13:34:07
 0  0      0 31457784   5504 6109952    0    0     0    12  852 1381  0  0 100  0  0 2025-08-25 13:34:08
 0  0      0 31457784   5504 6109952    0    0     0    12  828 1363  0  0 100  0  0 2025-08-25 13:34:09
 0  0      0 31457784   5504 6109952    0    0     0    56  877 1432  0  0 100  0  0 2025-08-25 13:34:10
 0  0      0 31457784   5504 6109952    0    0     0     0  952 1459  0  0 100  0  0 2025-08-25 13:34:11
 0  0      0 31457784   5504 6109952    0    0     0     0  917 1403  0  0 100  0  0 2025-08-25 13:34:12
 0  0      0 31426536   5504 6109952    0    0     0     8 2024 2297  2  0 98  0  0 2025-08-25 13:34:13
 0  0      0 31426716   5504 6109956    0    0     0     4  965 1433  0  0 100  0  0 2025-08-25 13:34:14
 0  0      0 31437200   5504 6109956    0    0     0    80  853 1398  0  0 100  0  0 2025-08-25 13:34:15
 1  0      0 31437468   5504 6109956    0    0     0    12 1143 1569  0  0 100  0  0 2025-08-25 13:34:16
 0  0      0 31434184   5504 6109964    0    0     0     0 1825 2241  1  0 99  0  0 2025-08-25 13:34:17
 0  0      0 31438424   5504 6109964    0    0     0   287  985 1525  0  0 100  0  0 2025-08-25 13:34:18
 0  0      0 31438172   5504 6109964    0    0     0     0  835 1387  0  0 100  0  0 2025-08-25 13:34:19
 0  0      0 31438172   5504 6109964    0    0     0    72  838 1380  0  0 100  0  0 2025-08-25 13:34:20
 0  0      0 31442432   5504 6109968    0    0     0     0 1515 1954  1  0 99  0  0 2025-08-25 13:34:21
 0  0      0 31442800   5504 6109968    0    0     0     4 2282 2607  0  0 100  0  0 2025-08-25 13:34:22
 0  0      0 31442800   5504 6109968    0    0     0     0 4287 4471  2  0 98  0  0 2025-08-25 13:34:23
 0  0      0 31440764   5504 6109972    0    0     0     4 1453 1842  0  0 99  0  0 2025-08-25 13:34:24
 0  1      0 31440764   5504 6109972    0    0     0    40  780 1362  0  0 100  0  0 2025-08-25 13:34:25
 0  0      0 31440764   5504 6109972    0    0     0    68 1229 1642  0  0 100  0  0 2025-08-25 13:34:26
 0  0      0 31440764   5504 6109972    0    0     0     0  881 1433  0  0 100  0  0 2025-08-25 13:34:27
 1  0      0 31443420   5504 6109980    0    0     0     4 1901 2462  1  0 99  0  0 2025-08-25 13:34:28
 0  0      0 31443420   5504 6109980    0    0     0     0  875 1376  0  0 100  0  0 2025-08-25 13:34:29
 0  0      0 31437228   5504 6109980    0    0     0     0 1127 1539  0  0 100  0  0 2025-08-25 13:34:30
 0  0      0 31437000   5504 6109980    0    0     0    80  913 1456  0  0 100  0  0 2025-08-25 13:34:31
 0  0      0 31440288   5504 6109980    0    0     0     8  909 1443  0  0 100  0  0 2025-08-25 13:34:32
 0  0      0 31440864   5504 6109980    0    0     0    16  937 1475  0  0 100  0  0 2025-08-25 13:34:33
 0  0      0 31440864   5504 6109980    0    0     0     4  835 1382  0  0 100  0  0 2025-08-25 13:34:34
 0  0      0 31440864   5504 6109980    0    0     0     0  809 1418  0  0 100  0  0 2025-08-25 13:34:35
 0  0      0 31438848   5504 6109984    0    0     0    56 1474 1878  1  0 99  0  0 2025-08-25 13:34:36
 0  0      0 31434060   5504 6109996    0    0     0     0 1448 1878  1  0 99  0  0 2025-08-25 13:34:37
 0  0      0 31433080   5504 6109996    0    0     0     0 1211 1633  0  0 99  0  0 2025-08-25 13:34:38
 0  0      0 31433392   5504 6109996    0    0     0     0 1054 1501  0  0 100  0  0 2025-08-25 13:34:39
 0  0      0 31432776   5504 6109996    0    0     0     8 1335 1699  1  0 99  0  0 2025-08-25 13:34:40
 0  0      0 31433960   5504 6110000    0    0     0   100 1418 1994  0  0 99  0  0 2025-08-25 13:34:41
 0  0      0 31433960   5504 6110000    0    0     0     0 2180 2191  0  0 99  0  0 2025-08-25 13:34:42
 0  0      0 31433960   5504 6110000    0    0     0     0 1879 2039  0  0 100  0  0 2025-08-25 13:34:43
 0  0      0 31443116   5504 6110000    0    0     0    20 1502 1730  0  0 100  0  0 2025-08-25 13:34:44
 0  0      0 31443480   5504 6110000    0    0     0     0 1898 2328  0  0 99  0  0 2025-08-25 13:34:45
 0  0      0 31443228   5504 6110000    0    0     0   100 3381 3748  0  0 100  0  0 2025-08-25 13:34:46
 0  0      0 31443228   5504 6110000    0    0     0     4  864 1404  0  0 100  0  0 2025-08-25 13:34:47
 0  0      0 31443228   5504 6110000    0    0     0     0  878 1399  0  0 100  0  0 2025-08-25 13:34:48
 0  0      0 31430436   5504 6110000    0    0     0   227 4809 12637 10  0 89  0  0 2025-08-25 13:34:49
 0  0      0 31429680   5504 6110056    0    0     0     0  859 1387  0  0 100  0  0 2025-08-25 13:34:50
 0  0      0 31429680   5504 6110056    0    0     0    72 1044 1468  0  0 100  0  0 2025-08-25 13:34:51
 0  0      0 31429680   5504 6110056    0    0     0     4  891 1369  0  0 100  0  0 2025-08-25 13:34:52
 0  0      0 31429680   5504 6110056    0    0     0     0  900 1398  0  0 100  0  0 2025-08-25 13:34:53
 0  0      0 31429680   5504 6110056    0    0     0     4  861 1376  0  0 100  0  0 2025-08-25 13:34:54
 0  0      0 31429680   5504 6110056    0    0     0    16  970 1457  0  0 100  0  0 2025-08-25 13:34:55
 0  0      0 31428952   5504 6110056    0    0     0    68 2344 2477  1  0 98  0  0 2025-08-25 13:34:56
 0  0      0 31426684   5504 6110060    0    0     0     0  925 1410  0  0 100  0  0 2025-08-25 13:34:57
 0  0      0 31426684   5504 6110060    0    0     0     4 1068 1642  0  0 100  0  0 2025-08-25 13:34:58
 0  0      0 31432344   5504 6110060    0    0     0     0 1080 1507  0  0 100  0  0 2025-08-25 13:34:59
 0  0      0 31433316   5504 6110068    0    0     0    16 3372 3351  0  0 99  0  0 2025-08-25 13:35:00
 0  0      0 31433064   5504 6110068    0    0     0   104  943 1450  0  0 100  0  0 2025-08-25 13:35:01
 0  0      0 31433064   5504 6110068    0    0     0     0  917 1398  0  0 100  0  0 2025-08-25 13:35:02
 0  0      0 31433064   5504 6110068    0    0     0    16 1123 1625  0  0 100  0  0 2025-08-25 13:35:03
 0  0      0 31432588   5504 6110068    0    0     0     4 1798 2309  1  0 99  0  0 2025-08-25 13:35:04
 0  0      0 31438924   5504 6110072    0    0     0     0 1062 1487  0  0 100  0  0 2025-08-25 13:35:05
 0  0      0 31438964   5504 6110072    0    0     0    84 1151 1552  0  0 100  0  0 2025-08-25 13:35:06
 0  0      0 31438964   5504 6110072    0    0     0     0 1154 1789  0  0 100  0  0 2025-08-25 13:35:07
 1  0      0 31438964   5504 6110072    0    0     0     8  918 1429  0  0 100  0  0 2025-08-25 13:35:08
 0  0      0 31438964   5504 6110072    0    0     0     0  808 1348  0  0 100  0  0 2025-08-25 13:35:09
 0  0      0 31438712   5504 6110072    0    0     0     4  898 1473  0  0 100  0  0 2025-08-25 13:35:10
 0  0      0 31437704   5504 6110072    0    0     0     0 1049 1543  0  0 100  0  0 2025-08-25 13:35:11
 0  0      0 31437704   5504 6110072    0    0     0    68  868 1380  0  0 100  0  0 2025-08-25 13:35:12
 0  0      0 31441124   5504 6110072    0    0     0     0 1088 1506  0  0 100  0  0 2025-08-25 13:35:13
 0  0      0 31440876   5504 6110072    0    0     0     0  823 1385  0  0 100  0  0 2025-08-25 13:35:14
 0  0      0 31440876   5504 6110072    0    0     0     8  851 1405  0  0 100  0  0 2025-08-25 13:35:15
 0  0      0 31441772   5504 6110076    0    0     0     8 1104 1505  0  0 100  0  0 2025-08-25 13:35:16
 0  0      0 31440764   5504 6110076    0    0     0    72  946 1424  0  0 100  0  0 2025-08-25 13:35:17
 0  0      0 31440764   5504 6110076    0    0     0     0  840 1379  0  0 100  0  0 2025-08-25 13:35:18
 0  0      0 31440764   5504 6110076    0    0     0    73  986 1486  0  0 100  0  0 2025-08-25 13:35:19
 0  0      0 31440764   5504 6110076    0    0     0    56 1158 1388  0  0 100  0  0 2025-08-25 13:35:20
 1  0      0 31440540   5504 6110076    0    0     0     0  885 1431  0  0 100  0  0 2025-08-25 13:35:21
 0  0      0 31440588   5504 6110076    0    0     0    64  906 1413  0  0 100  0  0 2025-08-25 13:35:22
 0  0      0 31440588   5504 6110076    0    0     0     0 4037 4401  0  0 100  0  0 2025-08-25 13:35:23
 0  0      0 31440588   5504 6110076    0    0     0     0  907 1414  0  0 100  0  0 2025-08-25 13:35:24
 0  0      0 31437004   5504 6110076    0    0     0     0 3603 1499  0  0 100  0  0 2025-08-25 13:35:25
 0  0      0 31435408   5504 6110096    0    0     0     0 2437 1630  0  0 100  0  0 2025-08-25 13:35:26
 0  0      0 31435408   5504 6110096    0    0     0    68  915 1436  0  0 100  0  0 2025-08-25 13:35:27
 0  0      0 31435408   5504 6110096    0    0     0     4 1076 1417  0  0 100  0  0 2025-08-25 13:35:28
 0  0      0 31435408   5504 6110096    0    0     0     0  857 1366  0  0 100  0  0 2025-08-25 13:35:29
 0  0      0 31435408   5504 6110096    0    0     0    36  923 1410  0  0 100  0  0 2025-08-25 13:35:30
 0  0      0 31435408   5504 6110096    0    0     0     0  921 1427  0  0 100  0  0 2025-08-25 13:35:31
 0  0      0 31435408   5504 6110096    0    0     0    48  883 1380  0  0 100  0  0 2025-08-25 13:35:32
 0  0      0 31435408   5504 6110096    0    0     0     0  847 1381  0  0 100  0  0 2025-08-25 13:35:33
 0  0      0 31437708   5504 6110096    0    0     0    20 1674 2236  1  0 99  0  0 2025-08-25 13:35:34
 0  0      0 31435440   5504 6110096    0    0     0     0  997 1492  0  0 100  0  0 2025-08-25 13:35:35
 0  0      0 31437564   5504 6110096    0    0     0     0  999 1502  0  0 100  0  0 2025-08-25 13:35:36
 0  0      0 31434560   5504 6110096    0    0     0    72  965 1405  0  0 100  0  0 2025-08-25 13:35:37
 0  0      0 31434560   5504 6110096    0    0     0     0  827 1373  0  0 100  0  0 2025-08-25 13:35:38
 0  0      0 31434560   5504 6110096    0    0     0     4  876 1437  0  0 100  0  0 2025-08-25 13:35:39
 1  0      0 31434560   5504 6110096    0    0     0     4  886 1373  0  0 100  0  0 2025-08-25 13:35:40
 0  0      0 31434560   5504 6109968    0    0     0     0 2480 2898  0  0 100  0  0 2025-08-25 13:35:41
 0  0      0 31434560   5504 6110096    0    0     0    64  839 1359  0  0 100  0  0 2025-08-25 13:35:42
 0  0      0 31434560   5504 6110096    0    0     0     0  868 1403  0  0 100  0  0 2025-08-25 13:35:43
 0  0      0 31440648   5504 6110096    0    0     0     0  998 1444  0  0 100  0  0 2025-08-25 13:35:44
 0  0      0 31440468   5504 6110096    0    0     0     0  798 1353  0  0 100  0  0 2025-08-25 13:35:45
 0  0      0 31439716   5504 6110096    0    0     0     4  973 1468  0  0 100  0  0 2025-08-25 13:35:46
 0  0      0 31439716   5504 6110096    0    0     0    56  894 1425  0  0 100  0  0 2025-08-25 13:35:47
 0  0      0 31439716   5504 6110096    0    0     0     0  817 1367  0  0 100  0  0 2025-08-25 13:35:48
 0  0      0 31439716   5504 6110096    0    0     0   208  901 1435  0  0 100  0  0 2025-08-25 13:35:49
 0  0      0 31440080   5504 6110096    0    0     0     0 1076 1426  0  0 100  0  0 2025-08-25 13:35:50
 0  0      0 31439828   5504 6110096    0    0     0     0  890 1442  0  0 100  0  0 2025-08-25 13:35:51
 0  1      0 31439940   5504 6110096    0    0     0    44 1025 1459  0  0 100  0  0 2025-08-25 13:35:52
 0  0      0 31441696   5504 6110096    0    0     0    16  989 1443  0  0 100  0  0 2025-08-25 13:35:53
 0  0      0 31441696   5504 6110096    0    0     0     0  798 1370  0  0 100  0  0 2025-08-25 13:35:54
 0  0      0 31447324   5504 6110100    0    0     0     0 1008 1461  0  0 100  0  0 2025-08-25 13:35:55
 0  0      0 31447324   5504 6110100    0    0     0     4  904 1420  0  0 100  0  0 2025-08-25 13:35:56
 1  0      0 31445560   5504 6110100    0    0     0     0  927 1406  0  0 100  0  0 2025-08-25 13:35:57
 0  0      0 31445560   5504 6110100    0    0     0    80  952 1441  0  0 100  0  0 2025-08-25 13:35:58
 0  0      0 31445560   5504 6110100    0    0     0     0  805 1395  0  0 100  0  0 2025-08-25 13:35:59
 0  0      0 31444048   5504 6110100    0    0     0    16 2467 2898  0  0 100  0  0 2025-08-25 13:36:00
 0  0      0 31444048   5504 6110100    0    0     0     0  870 1389  0  0 100  0  0 2025-08-25 13:36:01
 0  0      0 31444048   5504 6110100    0    0     0     0  860 1349  0  0 100  0  0 2025-08-25 13:36:02
 0  0      0 31444900   5504 6110100    0    0     0    52 1142 1559  0  0 100  0  0 2025-08-25 13:36:03
 0  0      0 31444940   5504 6110100    0    0     0     4  940 1455  0  0 100  0  0 2025-08-25 13:36:04
 0  0      0 31444940   5504 6110100    0    0     0    12  850 1368  0  0 100  0  0 2025-08-25 13:36:05
 0  0      0 31444940   5504 6110100    0    0     0     4  884 1412  0  0 100  0  0 2025-08-25 13:36:06
 0  0      0 31444940   5504 6110100    0    0     0     0  856 1400  0  0 100  0  0 2025-08-25 13:36:07
 0  0      0 31444940   5504 6110100    0    0     0    64 1097 1757  0  0 100  0  0 2025-08-25 13:36:08
 0  0      0 31444940   5504 6110100    0    0     0     0  839 1372  0  0 100  0  0 2025-08-25 13:36:09
 0  0      0 31444940   5504 6110100    0    0     0     4  813 1442  0  0 100  0  0 2025-08-25 13:36:10
 0  0      0 31444688   5504 6110100    0    0     0     0  896 1422  0  0 100  0  0 2025-08-25 13:36:11
 0  0      0 31444896   5504 6110100    0    0     0     0  985 1415  0  0 100  0  0 2025-08-25 13:36:12
 0  0      0 31444644   5504 6110100    0    0     0    52  813 1359  0  0 100  0  0 2025-08-25 13:36:13
 0  0      0 31444644   5504 6110100    0    0     0     0  919 1414  0  0 100  0  0 2025-08-25 13:36:14
 0  0      0 31444552   5504 6110100    0    0     0     0 1074 1487  0  0 100  0  0 2025-08-25 13:36:15
 0  0      0 31444712   5504 6110100    0    0     0     4  868 1402  0  0 100  0  0 2025-08-25 13:36:16
 0  0      0 31444464   5504 6110100    0    0     0     0  924 1419  0  0 100  0  0 2025-08-25 13:36:17
 0  0      0 31444464   5504 6110100    0    0     0    60 1080 1409  0  0 100  0  0 2025-08-25 13:36:18
 0  0      0 31444464   5504 6110100    0    0     0   240  894 1464  0  0 100  0  0 2025-08-25 13:36:19
 0  0      0 31444464   5504 6110100    0    0     0     0  856 1373  0  0 100  0  0 2025-08-25 13:36:20
 0  0      0 31444180   5504 6110100    0    0     0     0  985 1441  0  0 100  0  0 2025-08-25 13:36:21
 0  0      0 31444180   5504 6110100    0    0     0     4  881 1373  0  0 100  0  0 2025-08-25 13:36:22
 0  0      0 31444180   5504 6110100    0    0     0    68 4007 4376  0  0 100  0  0 2025-08-25 13:36:23
 0  0      0 31444180   5504 6110100    0    0     0     0  822 1367  0  0 100  0  0 2025-08-25 13:36:24
 0  0      0 31444180   5504 6110100    0    0     0     0  808 1340  0  0 100  0  0 2025-08-25 13:36:25
 0  0      0 31444180   5504 6110100    0    0     0     0  866 1396  0  0 100  0  0 2025-08-25 13:36:26
 0  0      0 31444180   5504 6110100    0    0     0     0  909 1422  0  0 100  0  0 2025-08-25 13:36:27
 0  0      0 31444180   5504 6110100    0    0     0    56  843 1370  0  0 100  0  0 2025-08-25 13:36:28
 0  0      0 31444180   5504 6110100    0    0     0     0  821 1345  0  0 100  0  0 2025-08-25 13:36:29
 0  0      0 31444180   5504 6110100    0    0     0     0  840 1383  0  0 100  0  0 2025-08-25 13:36:30
 0  0      0 31444180   5504 6110100    0    0     0     0  938 1430  0  0 100  0  0 2025-08-25 13:36:31
 0  0      0 31444180   5504 6110100    0    0     0     0  824 1363  0  0 100  0  0 2025-08-25 13:36:32
 0  0      0 31444384   5504 6110100    0    0     0    56 1086 1454  0  0 100  0  0 2025-08-25 13:36:33
 0  0      0 31444132   5504 6110104    0    0     0     8  894 1398  0  0 100  0  0 2025-08-25 13:36:34
 0  0      0 31447120   5504 6110104    0    0     0     4 1206 1587  0  0 100  0  0 2025-08-25 13:36:35
 0  0      0 31447208   5504 6110104    0    0     0     0  882 1393  0  0 100  0  0 2025-08-25 13:36:36
 0  0      0 31442928   5504 6110104    0    0     0     0  983 1409  0  0 100  0  0 2025-08-25 13:36:37
 0  0      0 31442928   5504 6110104    0    0     0     0  840 1385  0  0 100  0  0 2025-08-25 13:36:38
 0  0      0 31444848   5504 6110104    0    0     0    68 1008 1509  0  0 100  0  0 2025-08-25 13:36:39
 0  0      0 31444848   5504 6110104    0    0     0     4  901 1398  0  0 100  0  0 2025-08-25 13:36:40
 0  0      0 31444848   5504 6110104    0    0     0     0 1172 1584  0  0 100  0  0 2025-08-25 13:36:41
 0  0      0 31444848   5504 6110104    0    0     0     0 1720 1932  0  0 100  0  0 2025-08-25 13:36:42
 0  0      0 31444848   5504 6110104    0    0     0     0 1929 2050  0  0 98  2  0 2025-08-25 13:36:43
 0  0      0 31444848   5504 6110104    0    0     0    52 1121 1544  0  0 100  0  0 2025-08-25 13:36:44
 0  0      0 31444848   5504 6110104    0    0     0     0  799 1329  0  0 100  0  0 2025-08-25 13:36:45
 0  0      0 31444848   5504 6110104    0    0     0     4 4007 4352  0  0 100  0  0 2025-08-25 13:36:46
 0  0      0 31440752   5504 6110104    0    0     0     0  864 1388  0  0 100  0  0 2025-08-25 13:36:47
 0  0      0 31440752   5504 6110104    0    0     0     0  885 1389  0  0 100  0  0 2025-08-25 13:36:48
 0  0      0 31440752   5504 6110104    0    0     0    80  892 1411  0  0 100  0  0 2025-08-25 13:36:49
 0  0      0 31440748   5504 6110104    0    0     0     0  929 1432  0  0 100  0  0 2025-08-25 13:36:50
 0  0      0 31440524   5504 6110104    0    0     0     0  916 1441  0  0 100  0  0 2025-08-25 13:36:51
 0  0      0 31440272   5504 6110104    0    0     0     4  831 1364  0  0 100  0  0 2025-08-25 13:36:52
 0  0      0 31440272   5504 6110104    0    0     0     0  806 1350  0  0 100  0  0 2025-08-25 13:36:53
 0  0      0 31440272   5504 6110104    0    0     0    56  821 1384  0  0 100  0  0 2025-08-25 13:36:54
 0  0      0 31440272   5504 6110104    0    0     0     0  877 1401  0  0 100  0  0 2025-08-25 13:36:55
 0  0      0 31440272   5504 6110104    0    0     0     0  937 1432  0  0 100  0  0 2025-08-25 13:36:56
 0  0      0 31437500   5504 6110104    0    0     0     0 1047 1462  0  0 100  0  0 2025-08-25 13:36:57
 0  0      0 31437248   5504 6110104    0    0     0     4  875 1388  0  0 100  0  0 2025-08-25 13:36:58
 0  0      0 31437248   5504 6110104    0    0     0    52  881 1422  0  0 100  0  0 2025-08-25 13:36:59
 0  0      0 31436996   5504 6110104    0    0     0    16 2547 2912  0  0 100  0  0 2025-08-25 13:37:00
 0  0      0 31436996   5504 6110104    0    0     0     0  899 1398  0  0 100  0  0 2025-08-25 13:37:01
 0  0      0 31440408   5504 6110104    0    0     0     0 1040 1447  0  0 100  0  0 2025-08-25 13:37:02
 0  0      0 31440408   5504 6110104    0    0     0     0  950 1436  0  0 100  0  0 2025-08-25 13:37:03
 0  0      0 31440064   5504 6110104    0    0     0    60  986 1457  0  0 100  0  0 2025-08-25 13:37:04
 0  0      0 31440080   5504 6110104    0    0     0     0  865 1360  0  0 100  0  0 2025-08-25 13:37:05
 0  0      0 31437812   5504 6110104    0    0     0     8 1056 1478  0  0 100  0  0 2025-08-25 13:37:06
 0  0      0 31437812   5504 6110104    0    0     0     0  925 1438  0  0 100  0  0 2025-08-25 13:37:07
 0  0      0 31437812   5504 6110104    0    0     0     0  802 1359  0  0 100  0  0 2025-08-25 13:37:08
 0  0      0 31437812   5504 6110104    0    0     0    60  804 1382  0  0 100  0  0 2025-08-25 13:37:09
 0  0      0 31437812   5504 6110104    0    0     0     4 1258 1857  0  0 100  0  0 2025-08-25 13:37:10
 0  0      0 31437812   5504 6110104    0    0     0     0  967 1497  0  0 100  0  0 2025-08-25 13:37:11
 0  0      0 31437812   5504 6110104    0    0     0     0  839 1365  0  0 100  0  0 2025-08-25 13:37:12
 0  0      0 31437812   5504 6110108    0    0     0     0  831 1360  0  0 100  0  0 2025-08-25 13:37:13
 0  0      0 31437812   5504 6110108    0    0     0    60  822 1372  0  0 100  0  0 2025-08-25 13:37:14
 0  0      0 31437812   5504 6110108    0    0     0     0  821 1402  0  0 100  0  0 2025-08-25 13:37:15
 0  0      0 31437812   5504 6110108    0    0     0     8  890 1414  0  0 100  0  0 2025-08-25 13:37:16
 0  0      0 31437812   5504 6110108    0    0     0     0  963 1394  0  0 100  0  0 2025-08-25 13:37:17
 0  0      0 31437812   5504 6110108    0    0     0     0  856 1375  0  0 100  0  0 2025-08-25 13:37:18
 0  1      0 31437812   5504 6110108    0    0     0    41  873 1438  0  0 100  0  0 2025-08-25 13:37:19
 0  0      0 31437812   5504 6110108    0    0     0    36  850 1373  0  0 100  0  0 2025-08-25 13:37:20
 0  0      0 31437812   5504 6110108    0    0     0     0  815 1383  0  0 100  0  0 2025-08-25 13:37:21
 0  0      0 31437812   5504 6110108    0    0     0     4  897 1373  0  0 100  0  0 2025-08-25 13:37:22
 0  0      0 31437812   5504 6110108    0    0     0    11 4042 4421  0  0 100  0  0 2025-08-25 13:37:23
 0  0      0 31437812   5504 6110108    0    0     0     0  918 1403  0  0 100  0  0 2025-08-25 13:37:24
 0  0      0 31437812   5504 6110108    0    0     0   252  987 1506  0  0 100  0  0 2025-08-25 13:37:25
 0  0      0 31437560   5504 6110108    0    0     0     0  959 1434  0  0 100  0  0 2025-08-25 13:37:26
 0  0      0 31437560   5504 6110108    0    0     0     0  846 1394  0  0 100  0  0 2025-08-25 13:37:27
 0  0      0 31427232   5504 6110108    0    0     0     4  918 1436  0  0 100  0  0 2025-08-25 13:37:28
 0  0      0 31426980   5504 6110108    0    0     0     0  788 1357  0  0 100  0  0 2025-08-25 13:37:29
 0  0      0 31426980   5504 6110108    0    0     0    64  816 1363  0  0 100  0  0 2025-08-25 13:37:30
 0  0      0 31429468   5504 6110108    0    0     0     0  993 1520  0  0 100  0  0 2025-08-25 13:37:31
 0  0      0 31429468   5504 6110108    0    0     0     0  824 1349  0  0 100  0  0 2025-08-25 13:37:32
 0  0      0 31429468   5504 6110108    0    0     0     0  816 1382  0  0 100  0  0 2025-08-25 13:37:33
 0  0      0 31429468   5504 6110108    0    0     0     4  862 1399  0  0 100  0  0 2025-08-25 13:37:34
 0  0      0 31429468   5504 6110108    0    0     0    56  821 1410  0  0 100  0  0 2025-08-25 13:37:35
 0  0      0 31429468   5504 6110108    0    0     0     0  853 1412  0  0 100  0  0 2025-08-25 13:37:36
 0  0      0 31430060   5504 6110108    0    0     0     8  896 1388  0  0 100  0  0 2025-08-25 13:37:37
 0  0      0 31431300   5504 6110108    0    0     0     0  869 1376  0  0 100  0  0 2025-08-25 13:37:38
 0  0      0 31431300   5504 6110108    0    0     0     0  850 1413  0  0 100  0  0 2025-08-25 13:37:39
 0  0      0 31431300   5504 6110108    0    0     0    56  810 1363  0  0 100  0  0 2025-08-25 13:37:40
 0  0      0 31431300   5504 6110108    0    0     0     0  825 1374  0  0 100  0  0 2025-08-25 13:37:41
 0  0      0 31431300   5504 6110108    0    0     0     0  829 1358  0  0 100  0  0 2025-08-25 13:37:42
 0  0      0 31431300   5504 6110108    0    0     0     0  856 1416  0  0 100  0  0 2025-08-25 13:37:43
 0  0      0 31431300   5504 6110108    0    0     0     0  825 1364  0  0 100  0  0 2025-08-25 13:37:44
 0  0      0 31431300   5504 6110108    0    0     0    48  771 1330  0  0 100  0  0 2025-08-25 13:37:45
 0  0      0 31432492   5504 6110108    0    0     0     4 3984 4358  0  0 100  0  0 2025-08-25 13:37:46
 1  0      0 31432492   5504 6110108    0    0     0     0  868 1410  0  0 100  0  0 2025-08-25 13:37:47
 0  0      0 31432492   5504 6110108    0    0     0     0  826 1370  0  0 100  0  0 2025-08-25 13:37:48
 0  0      0 31432492   5504 6110108    0    0     0     0  845 1347  0  0 100  0  0 2025-08-25 13:37:49
 0  0      0 31432492   5504 6110108    0    0     0   238  865 1403  0  0 100  0  0 2025-08-25 13:37:50
 0  0      0 31433532   5504 6110108    0    0     0     0  929 1429  0  0 100  0  0 2025-08-25 13:37:51
 0  0      0 31433532   5504 6110112    0    0     0     8  810 1357  0  0 100  0  0 2025-08-25 13:37:52
 0  0      0 31433532   5504 6110112    0    0     0     0  770 1344  0  0 100  0  0 2025-08-25 13:37:53
 0  0      0 31433532   5504 6110112    0    0     0     0  795 1354  0  0 100  0  0 2025-08-25 13:37:54
 0  0      0 31433532   5504 6110112    0    0     0    44  822 1401  0  0 100  0  0 2025-08-25 13:37:55
 0  0      0 31433532   5504 6110112    0    0     0     4  863 1401  0  0 100  0  0 2025-08-25 13:37:56
 1  0      0 31429464   5504 6110112    0    0     0     0 1106 1485  0  0 100  0  0 2025-08-25 13:37:57
 0  0      0 31433744   5504 6110112    0    0     0     4 1007 1426  0  0 100  0  0 2025-08-25 13:37:58
 0  0      0 31433744   5504 6110112    0    0     0     0  891 1425  0  0 100  0  0 2025-08-25 13:37:59
 0  0      0 31433592   5504 6109984    0    0     0    88 2502 2973  0  0 100  0  0 2025-08-25 13:38:00
 0  0      0 31433592   5504 6109992    0    0     0     0  854 1399  0  0 100  0  0 2025-08-25 13:38:01
 0  0      0 31433592   5504 6109992    0    0     0     0  903 1410  0  0 100  0  0 2025-08-25 13:38:02
 0  0      0 31433592   5504 6109992    0    0     0     4  891 1446  0  0 100  0  0 2025-08-25 13:38:03
 1  0      0 31433592   5504 6109992    0    0     0     0  829 1380  0  0 100  0  0 2025-08-25 13:38:04
 0  0      0 31433592   5504 6109992    0    0     0     0  806 1340  0  0 100  0  0 2025-08-25 13:38:05
 0  0      0 31433592   5504 6109992    0    0     0    56  914 1429  0  0 100  0  0 2025-08-25 13:38:06
 0  0      0 31433592   5504 6109992    0    0     0     0  868 1408  0  0 100  0  0 2025-08-25 13:38:07
 0  0      0 31433592   5504 6109992    0    0     0     8  832 1366  0  0 100  0  0 2025-08-25 13:38:08
 0  0      0 31435824   5504 6109992    0    0     0     4  936 1437  0  0 100  0  0 2025-08-25 13:38:09
 0  0      0 31435572   5504 6109992    0    0     0     0  835 1447  0  0 100  0  0 2025-08-25 13:38:10
 0  0      0 31435572   5504 6109992    0    0     0    48 1065 1793  0  0 100  0  0 2025-08-25 13:38:11
 0  0      0 31435572   5504 6109992    0    0     0     0  823 1354  0  0 100  0  0 2025-08-25 13:38:12
 0  0      0 31436860   5504 6109992    0    0     0     0  789 1345  0  0 100  0  0 2025-08-25 13:38:13
 0  0      0 31436860   5504 6109992    0    0     0     0  865 1378  0  0 100  0  0 2025-08-25 13:38:14
 0  0      0 31436860   5504 6109992    0    0     0     4  984 1427  0  0 100  0  0 2025-08-25 13:38:15
 0  0      0 31436860   5504 6109992    0    0     0    48  904 1427  0  0 100  0  0 2025-08-25 13:38:16
 0  0      0 31435100   5504 6109992    0    0     0     0  888 1364  0  0 100  0  0 2025-08-25 13:38:17
 0  0      0 31435100   5504 6109992    0    0     0     0  835 1375  0  0 100  0  0 2025-08-25 13:38:18
 0  0      0 31436224   5504 6109992    0    0     0     0  864 1415  0  0 100  0  0 2025-08-25 13:38:19
 0  0      0 31436224   5504 6109992    0    0     0     5  807 1376  0  0 100  0  0 2025-08-25 13:38:20
 0  0      0 31436224   5504 6109992    0    0     0    56  813 1376  0  0 100  0  0 2025-08-25 13:38:21
 0  0      0 31437208   5504 6109992    0    0     0     0 2138 2398  0  0 100  0  0 2025-08-25 13:38:22
 0  0      0 31437208   5504 6109992    0    0     0     0 2648 3293  0  0 100  0  0 2025-08-25 13:38:23
 0  0      0 31437628   5504 6109992    0    0     0     0  822 1364  0  0 100  0  0 2025-08-25 13:38:24
 0  0      0 31437628   5504 6109992    0    0     0     0  808 1326  0  0 100  0  0 2025-08-25 13:38:25
 0  0      0 31437628   5504 6109992    0    0     0    52  871 1401  0  0 100  0  0 2025-08-25 13:38:26
 0  0      0 31437628   5504 6109992    0    0     0     4  884 1393  0  0 100  0  0 2025-08-25 13:38:27
 0  0      0 31437628   5504 6109992    0    0     0     0  874 1385  0  0 100  0  0 2025-08-25 13:38:28
 0  0      0 31437628   5504 6109992    0    0     0     0  770 1316  0  0 100  0  0 2025-08-25 13:38:29
 0  0      0 31437628   5504 6109992    0    0     0     0  851 1357  0  0 100  0  0 2025-08-25 13:38:30
 0  0      0 31437628   5504 6109996    0    0     0    48  917 1461  0  0 100  0  0 2025-08-25 13:38:31
 0  0      0 31437628   5504 6109996    0    0     0     0  821 1348  0  0 100  0  0 2025-08-25 13:38:32
 0  0      0 31437628   5504 6109996    0    0     0     8  800 1365  0  0 100  0  0 2025-08-25 13:38:33
 0  0      0 31437628   5504 6109996    0    0     0     0  784 1361  0  0 100  0  0 2025-08-25 13:38:34
 0  0      0 31437628   5504 6109996    0    0     0     0  798 1383  0  0 100  0  0 2025-08-25 13:38:35
 0  0      0 31437628   5504 6109996    0    0     0    48  858 1385  0  0 100  0  0 2025-08-25 13:38:36
 0  0      0 31435864   5504 6109996    0    0     0     0  917 1381  0  0 100  0  0 2025-08-25 13:38:37
 0  0      0 31438096   5504 6109996    0    0     0     4  971 1439  0  0 100  0  0 2025-08-25 13:38:38
 0  0      0 31438028   5504 6109996    0    0     0     4  835 1404  0  0 100  0  0 2025-08-25 13:38:39
 0  0      0 31438028   5504 6109996    0    0     0     0  789 1346  0  0 100  0  0 2025-08-25 13:38:40
 0  0      0 31438996   5504 6109996    0    0     0    76 1344 1702  0  0 100  0  0 2025-08-25 13:38:41
 0  0      0 31436284   5504 6109996    0    0     0     0 1815 1983  0  0 100  0  0 2025-08-25 13:38:42
 0  0      0 31436284   5504 6109996    0    0     0     0 1761 1995  0  0 100  0  0 2025-08-25 13:38:43
 0  0      0 31436284   5504 6109996    0    0     0     0  989 1448  0  0 100  0  0 2025-08-25 13:38:44
 0  0      0 31436284   5504 6109996    0    0     0     4 1253 1926  0  0 100  0  0 2025-08-25 13:38:45
 0  0      0 31436284   5504 6109996    0    0     0    64 3549 3816  0  0 100  0  0 2025-08-25 13:38:46
 1  0      0 31436284   5504 6109996    0    0     0     0  851 1409  0  0 100  0  0 2025-08-25 13:38:47
 0  0      0 31436284   5504 6109996    0    0     0     0  850 1360  0  0 100  0  0 2025-08-25 13:38:48
 0  0      0 31436284   5504 6109996    0    0     0     0  813 1367  0  0 100  0  0 2025-08-25 13:38:49
 1  0      0 31436284   5504 6109996    0    0     0    36  800 1356  0  0 100  0  0 2025-08-25 13:38:50
 0  0      0 31436536   5504 6109996    0    0     0     4  864 1423  0  0 100  0  0 2025-08-25 13:38:51
 0  0      0 31436536   5504 6109996    0    0     0    44  892 1380  0  0 100  0  0 2025-08-25 13:38:52
 0  0      0 31436536   5504 6109996    0    0     0     0  836 1341  0  0 100  0  0 2025-08-25 13:38:53
 0  0      0 31436536   5504 6109996    0    0     0     0  838 1347  0  0 100  0  0 2025-08-25 13:38:54
 0  0      0 31436536   5504 6109996    0    0     0     0  882 1405  0  0 100  0  0 2025-08-25 13:38:55
 0  0      0 31436536   5504 6109996    0    0     0     0  903 1406  0  0 100  0  0 2025-08-25 13:38:56
 0  0      0 31434772   5504 6109996    0    0     0    44  954 1406  0  0 100  0  0 2025-08-25 13:38:57
 0  0      0 31434520   5504 6109996    0    0     0     0  857 1381  0  0 100  0  0 2025-08-25 13:38:58
 0  0      0 31434520   5504 6109996    0    0     0     0  841 1388  0  0 100  0  0 2025-08-25 13:38:59
 0  0      0 31434520   5504 6109996    0    0     0    16 2456 2907  0  0 100  0  0 2025-08-25 13:39:00
 0  0      0 31434268   5504 6110124    0    0     0     8  881 1402  0  0 100  0  0 2025-08-25 13:39:01
 1  0      0 31434268   5504 6110124    0    0     0    44  869 1385  0  0 100  0  0 2025-08-25 13:39:02
 0  0      0 31434268   5504 6110124    0    0     0     4  892 1419  0  0 100  0  0 2025-08-25 13:39:03
 0  0      0 31434268   5504 6110124    0    0     0     0  929 1437  0  0 100  0  0 2025-08-25 13:39:04
 0  0      0 31436436   5504 6110124    0    0     0     0  924 1413  0  0 100  0  0 2025-08-25 13:39:05
 0  0      0 31435932   5504 6110124    0    0     0     0  903 1422  0  0 100  0  0 2025-08-25 13:39:06
 0  0      0 31435932   5504 6110124    0    0     0    48  973 1441  0  0 100  0  0 2025-08-25 13:39:07
 0  0      0 31435932   5504 6110124    0    0     0     0  849 1361  0  0 100  0  0 2025-08-25 13:39:08
 0  0      0 31435932   5504 6110124    0    0     0    12  841 1386  0  0 100  0  0 2025-08-25 13:39:09
 0  0      0 31435932   5504 6110128    0    0     0     0  852 1444  0  0 100  0  0 2025-08-25 13:39:10
 0  0      0 31435932   5504 6110128    0    0     0     0  921 1460  0  0 100  0  0 2025-08-25 13:39:11
 0  0      0 31435932   5504 6110128    0    0     0    52  829 1368  0  0 100  0  0 2025-08-25 13:39:12
 0  0      0 31435932   5504 6110128    0    0     0     0  970 1684  0  0 100  0  0 2025-08-25 13:39:13
 0  0      0 31435932   5504 6110128    0    0     0     0  801 1342  0  0 100  0  0 2025-08-25 13:39:14
 0  0      0 31435932   5504 6110128    0    0     0     8  835 1381  0  0 100  0  0 2025-08-25 13:39:15
 0  0      0 31435932   5504 6110128    0    0     0     0  830 1384  0  0 100  0  0 2025-08-25 13:39:16
 0  0      0 31435176   5504 6110128    0    0     0    52  893 1374  0  0 100  0  0 2025-08-25 13:39:17
 1  0      0 31435176   5504 6110128    0    0     0     0  854 1368  0  0 100  0  0 2025-08-25 13:39:18
 2  0      0 31435176   5504 6110128    0    0     0     0  844 1411  0  0 100  0  0 2025-08-25 13:39:19
 1  0      0 31435176   5504 6110128    0    0     0     8  841 1384  0  0 100  0  0 2025-08-25 13:39:20
 0  0      0 31435176   5504 6110128    0    0     0     4  825 1375  0  0 100  0  0 2025-08-25 13:39:21
 1  0      0 31435176   5504 6110128    0    0     0    60 3936 4324  0  0 100  0  0 2025-08-25 13:39:22
 1  0      0 31435176   5504 6110128    0    0     0     0  857 1405  0  0 100  0  0 2025-08-25 13:39:23
 0  0      0 31435176   5504 6110128    0    0     0     0  840 1392  0  0 100  0  0 2025-08-25 13:39:24
 0  0      0 31435176   5504 6110128    0    0     0     0  865 1348  0  0 100  0  0 2025-08-25 13:39:25
 0  0      0 31435176   5504 6110128    0    0     0     0  919 1401  0  0 100  0  0 2025-08-25 13:39:26
 0  0      0 31435176   5504 6110128    0    0     0    60  840 1410  0  0 100  0  0 2025-08-25 13:39:27
 0  0      0 31435176   5504 6110128    0    0     0     0  778 1328  0  0 100  0  0 2025-08-25 13:39:28
 0  0      0 31435176   5504 6110128    0    0     0     0  770 1356  0  0 100  0  0 2025-08-25 13:39:29
 0  0      0 31435176   5504 6110128    0    0     0     0  786 1328  0  0 100  0  0 2025-08-25 13:39:30
 0  0      0 31435176   5504 6110128    0    0     0     0  831 1411  0  0 100  0  0 2025-08-25 13:39:31
 0  0      0 31435176   5504 6110128    0    0     0     0  838 1364  0  0 100  0  0 2025-08-25 13:39:32
 0  0      0 31435176   5504 6110128    0    0     0    56  789 1353  0  0 100  0  0 2025-08-25 13:39:33
 0  0      0 31435176   5504 6110128    0    0     0     0  796 1372  0  0 100  0  0 2025-08-25 13:39:34
 0  0      0 31435176   5504 6110128    0    0     0     0  848 1419  0  0 100  0  0 2025-08-25 13:39:35
 0  0      0 31435176   5504 6110128    0    0     0     0  847 1401  0  0 100  0  0 2025-08-25 13:39:36
 0  0      0 31431648   5504 6110128    0    0     0     0  882 1393  0  0 100  0  0 2025-08-25 13:39:37
 0  0      0 31431396   5504 6110128    0    0     0    44  810 1356  0  0 100  0  0 2025-08-25 13:39:38
 0  0      0 31431396   5504 6110128    0    0     0     4  872 1427  0  0 100  0  0 2025-08-25 13:39:39
 0  0      0 31431396   5504 6110128    0    0     0     4  854 1370  0  0 100  0  0 2025-08-25 13:39:40
 0  0      0 31436396   5504 6110128    0    0     0     0  941 1428  0  0 100  0  0 2025-08-25 13:39:41
 0  0      0 31436324   5504 6110128    0    0     0     0  877 1365  0  0 100  0  0 2025-08-25 13:39:42
 0  0      0 31436324   5504 6110128    0    0     0    56  845 1405  0  0 100  0  0 2025-08-25 13:39:43
 0  0      0 31436324   5504 6110128    0    0     0     0  807 1362  0  0 100  0  0 2025-08-25 13:39:44
 0  0      0 31436324   5504 6110128    0    0     0     4 3944 4296  0  0 100  0  0 2025-08-25 13:39:45
 0  0      0 31436324   5504 6110128    0    0     0     0  828 1390  0  0 100  0  0 2025-08-25 13:39:46
 0  0      0 31436072   5504 6110128    0    0     0     0  836 1387  0  0 100  0  0 2025-08-25 13:39:47
 0  0      0 31436072   5504 6110128    0    0     0    48  815 1356  0  0 100  0  0 2025-08-25 13:39:48
 0  0      0 31436072   5504 6110128    0    0     0     0  827 1346  0  0 100  0  0 2025-08-25 13:39:49
 0  0      0 31436072   5504 6110132    0    0     0    70  790 1368  0  0 100  0  0 2025-08-25 13:39:50
 1  0      0 31436072   5504 6110132    0    0     0     9  903 1454  0  0 100  0  0 2025-08-25 13:39:51
 0  0      0 31436072   5504 6110132    0    0     0     0  834 1367  0  0 100  0  0 2025-08-25 13:39:52
 0  0      0 31436072   5504 6110132    0    0     0    44  828 1362  0  0 100  0  0 2025-08-25 13:39:53
 0  0      0 31438140   5504 6110132    0    0     0     0  904 1436  0  0 100  0  0 2025-08-25 13:39:54
 0  0      0 31438140   5504 6110132    0    0     0     0  818 1398  0  0 100  0  0 2025-08-25 13:39:55
 0  0      0 31438140   5504 6110132    0    0     0     0  874 1386  0  0 100  0  0 2025-08-25 13:39:56
 0  0      0 31436124   5504 6110132    0    0     0     4  966 1388  0  0 100  0  0 2025-08-25 13:39:57
 0  0      0 31436480   5504 6110132    0    0     0    48  908 1456  0  0 100  0  0 2025-08-25 13:39:58
 0  0      0 31437244   5504 6110132    0    0     0     0  907 1429  0  0 100  0  0 2025-08-25 13:39:59
 0  0      0 31435984   5504 6110124    0    0     0    72 2682 3158  0  0 99  0  0 2025-08-25 13:40:00
 0  0      0 31435984   5504 6109996    0    0     0     0  856 1398  0  0 100  0  0 2025-08-25 13:40:01
 0  0      0 31435984   5504 6109996    0    0     0     8 1144 1438  0  0 100  0  0 2025-08-25 13:40:02
 0  0      0 31435984   5504 6109996    0    0     0    84  883 1436  0  0 100  0  0 2025-08-25 13:40:03
 0  0      0 31435984   5504 6109996    0    0     0     0  889 1380  0  0 100  0  0 2025-08-25 13:40:04
 0  0      0 31435984   5504 6109996    0    0     0    40  849 1361  0  0 100  0  0 2025-08-25 13:40:05
 0  0      0 31435984   5504 6109996    0    0     0     0  854 1402  0  0 100  0  0 2025-08-25 13:40:06
 0  0      0 31435984   5504 6109996    0    0     0     0  873 1417  0  0 100  0  0 2025-08-25 13:40:07
 0  0      0 31435984   5504 6109996    0    0     0    48  823 1377  0  0 100  0  0 2025-08-25 13:40:08
 0  0      0 31435984   5504 6109996    0    0     0     4  864 1395  0  0 100  0  0 2025-08-25 13:40:09
 1  0      0 31435984   5504 6109996    0    0     0     8  905 1478  0  0 100  0  0 2025-08-25 13:40:10
 0  0      0 31435984   5504 6109996    0    0     0     0  851 1411  0  0 100  0  0 2025-08-25 13:40:11
 0  0      0 31435984   5504 6109996    0    0     0     0  833 1370  0  0 100  0  0 2025-08-25 13:40:12
 0  0      0 31435984   5504 6109996    0    0     0    48  824 1354  0  0 100  0  0 2025-08-25 13:40:13
 0  0      0 31435984   5504 6109996    0    0     0     0 1019 1693  0  0 100  0  0 2025-08-25 13:40:14
 0  0      0 31435984   5504 6109996    0    0     0     4  858 1401  0  0 100  0  0 2025-08-25 13:40:15
 0  0      0 31435984   5504 6109996    0    0     0     0  897 1397  0  0 100  0  0 2025-08-25 13:40:16
 1  0      0 31435984   5504 6109996    0    0     0     0  902 1390  0  0 100  0  0 2025-08-25 13:40:17
 0  0      0 31435984   5504 6109996    0    0     0     0  795 1344  0  0 100  0  0 2025-08-25 13:40:18
 1  0      0 31435984   5504 6109996    0    0     0    60  894 1406  0  0 100  0  0 2025-08-25 13:40:19
 1  0      0 31435984   5504 6109996    0    0     0     0  821 1365  0  0 100  0  0 2025-08-25 13:40:20
 0  0      0 31435984   5504 6109996    0    0     0    21  897 1425  0  0 100  0  0 2025-08-25 13:40:21
 0  0      0 31435984   5504 6109996    0    0     0     0  967 1381  0  0 100  0  0 2025-08-25 13:40:22
 0  0      0 31435984   5504 6109996    0    0     0     0 3971 4340  0  0 100  0  0 2025-08-25 13:40:23
 0  0      0 31435984   5504 6109996    0    0     0    52  855 1381  0  0 100  0  0 2025-08-25 13:40:24
 0  0      0 31435984   5504 6109996    0    0     0     0  844 1358  0  0 100  0  0 2025-08-25 13:40:25
 0  0      0 31435984   5504 6109996    0    0     0     0  837 1366  0  0 100  0  0 2025-08-25 13:40:26
 0  0      0 31435984   5504 6109996    0    0     0     4  844 1405  0  0 100  0  0 2025-08-25 13:40:27
 0  0      0 31435984   5504 6109996    0    0     0     0  825 1349  0  0 100  0  0 2025-08-25 13:40:28
 1  0      0 31435984   5504 6110000    0    0     0    52  822 1350  0  0 100  0  0 2025-08-25 13:40:29
 0  0      0 31435984   5504 6110000    0    0     0     0  803 1360  0  0 100  0  0 2025-08-25 13:40:30
 0  0      0 31435984   5504 6110000    0    0     0     0  912 1434  0  0 100  0  0 2025-08-25 13:40:31
 0  0      0 31435984   5504 6110000    0    0     0     0  794 1349  0  0 100  0  0 2025-08-25 13:40:32
 0  0      0 31435984   5504 6110000    0    0     0     8  854 1365  0  0 100  0  0 2025-08-25 13:40:33
 0  0      0 31435984   5504 6110000    0    0     0    48  799 1351  0  0 100  0  0 2025-08-25 13:40:34
 0  0      0 31435984   5504 6110000    0    0     0     0  800 1396  0  0 100  0  0 2025-08-25 13:40:35
 0  0      0 31435984   5504 6110000    0    0     0     0  874 1402  0  0 100  0  0 2025-08-25 13:40:36
 0  0      0 31432204   5504 6110000    0    0     0     0  879 1369  0  0 100  0  0 2025-08-25 13:40:37
 0  0      0 31432204   5504 6110000    0    0     0     0  845 1356  0  0 100  0  0 2025-08-25 13:40:38
 0  0      0 31432204   5504 6110000    0    0     0    48  877 1395  0  0 100  0  0 2025-08-25 13:40:39
 0  0      0 31432204   5504 6110000    0    0     0     0  841 1349  0  0 100  0  0 2025-08-25 13:40:40
 1  0      0 31432204   5504 6110000    0    0     0     4 1361 1682  0  0 100  0  0 2025-08-25 13:40:41
 0  0      0 31432204   5504 6110000    0    0     0     0 1837 1932  0  0 100  0  0 2025-08-25 13:40:42
 0  0      0 31432204   5504 6110000    0    0     0     0 1833 1986  0  0 100  0  0 2025-08-25 13:40:43
 0  0      0 31432204   5504 6110000    0    0     0    52  909 1399  0  0 100  0  0 2025-08-25 13:40:44
 0  0      0 31432204   5504 6110000    0    0     0     4  814 1359  0  0 100  0  0 2025-08-25 13:40:45
 0  0      0 31432204   5504 6110000    0    0     0     0 4091 4355  0  0 100  0  0 2025-08-25 13:40:46
 0  0      0 31432204   5504 6110000    0    0     0     0  900 1403  0  0 100  0  0 2025-08-25 13:40:47
 0  0      0 31432204   5504 6110000    0    0     0     0  833 1360  0  0 100  0  0 2025-08-25 13:40:48
 0  0      0 31432204   5504 6110000    0    0     0    48  872 1381  0  0 100  0  0 2025-08-25 13:40:49
 0  0      0 31432204   5504 6110000    0    0     0     0  826 1346  0  0 100  0  0 2025-08-25 13:40:50
 0  0      0 31432204   5504 6110000    0    0     0   251  906 1470  0  0 100  0  0 2025-08-25 13:40:51
 1  0      0 31432204   5504 6110000    0    0     0     0  829 1353  0  0 100  0  0 2025-08-25 13:40:52
 1  0      0 31432204   5504 6110000    0    0     0     0  864 1355  0  0 100  0  0 2025-08-25 13:40:53
 0  0      0 31432204   5504 6110000    0    0     0    52  815 1374  0  0 100  0  0 2025-08-25 13:40:54
 0  0      0 31432204   5504 6110000    0    0     0     0  872 1421  0  0 100  0  0 2025-08-25 13:40:55
 0  0      0 31432204   5504 6110000    0    0     0     0  828 1390  0  0 100  0  0 2025-08-25 13:40:56
 0  0      0 31432204   5504 6110000    0    0     0     4 1014 1413  0  0 100  0  0 2025-08-25 13:40:57
 0  0      0 31431952   5504 6110000    0    0     0     0  917 1389  0  0 100  0  0 2025-08-25 13:40:58
 0  0      0 31431952   5504 6110000    0    0     0     0  820 1386  0  0 100  0  0 2025-08-25 13:40:59
 0  0      0 31432536   5504 6110192    0    0     0    68 2627 3039  0  0 100  0  0 2025-08-25 13:41:00
 1  0      0 31432536   5504 6110192    0    0     0     0  886 1394  0  0 100  0  0 2025-08-25 13:41:01
 0  0      0 31432536   5504 6110192    0    0     0     0  833 1369  0  0 100  0  0 2025-08-25 13:41:02
 0  0      0 31432536   5504 6110192    0    0     0     4  886 1416  0  0 100  0  0 2025-08-25 13:41:03
 0  0      0 31432536   5504 6110192    0    0     0     8  874 1385  0  0 100  0  0 2025-08-25 13:41:04
 0  0      0 31432536   5504 6110192    0    0     0    48  948 1405  0  0 100  0  0 2025-08-25 13:41:05
 0  0      0 31432536   5504 6110192    0    0     0     0  883 1403  0  0 100  0  0 2025-08-25 13:41:06
 0  0      0 31432536   5504 6110192    0    0     0     0  963 1456  0  0 100  0  0 2025-08-25 13:41:07
 0  0      0 31432284   5504 6110196    0    0     0     0  946 1408  0  0 100  0  0 2025-08-25 13:41:08
 0  0      0 31432284   5504 6110196    0    0     0     8  821 1350  0  0 100  0  0 2025-08-25 13:41:09
 1  0      0 31432284   5504 6110196    0    0     0    48  833 1438  0  0 100  0  0 2025-08-25 13:41:10
 0  0      0 31432284   5504 6110196    0    0     0     0  862 1426  0  0 100  0  0 2025-08-25 13:41:11
 0  0      0 31432284   5504 6110196    0    0     0     8  931 1426  0  0 100  0  0 2025-08-25 13:41:12
 1  0      0 31432284   5504 6110196    0    0     0     0  917 1371  0  0 100  0  0 2025-08-25 13:41:13
 0  0      0 31432284   5504 6110196    0    0     0     0  870 1364  0  0 100  0  0 2025-08-25 13:41:14
 0  0      0 31432284   5504 6110196    0    0     0    52 1063 1739  0  0 100  0  0 2025-08-25 13:41:15
 0  0      0 31432284   5504 6110196    0    0     0     0  877 1399  0  0 100  0  0 2025-08-25 13:41:16
 0  0      0 31430600   5504 6110196    0    0     0     0  917 1387  0  0 100  0  0 2025-08-25 13:41:17
 0  0      0 31430600   5504 6110196    0    0     0     0  811 1354  0  0 100  0  0 2025-08-25 13:41:18
 0  0      0 31430600   5504 6110196    0    0     0     0  878 1407  0  0 100  0  0 2025-08-25 13:41:19
 0  0      0 31430600   5504 6110196    0    0     0    60  858 1377  0  0 100  0  0 2025-08-25 13:41:20
 0  0      0 31430600   5504 6110196    0    0     0     9  904 1445  0  0 100  0  0 2025-08-25 13:41:21
 0  0      0 31430600   5504 6110196    0    0     0     0  807 1358  0  0 100  0  0 2025-08-25 13:41:22
 0  0      0 31430600   5504 6110196    0    0     0     0 4024 4377  0  0 100  0  0 2025-08-25 13:41:23
 0  0      0 31430600   5504 6110196    0    0     0     0  852 1370  0  0 100  0  0 2025-08-25 13:41:24
 0  0      0 31430600   5504 6110196    0    0     0    52  819 1353  0  0 100  0  0 2025-08-25 13:41:25
 0  0      0 31430600   5504 6110196    0    0     0     0  981 1431  0  0 100  0  0 2025-08-25 13:41:26
 0  0      0 31430600   5504 6110196    0    0     0     4  887 1407  0  0 100  0  0 2025-08-25 13:41:27
 0  0      0 31430600   5504 6110196    0    0     0     0  822 1355  0  0 100  0  0 2025-08-25 13:41:28
 0  0      0 31430600   5504 6110196    0    0     0     0  820 1338  0  0 100  0  0 2025-08-25 13:41:29
 0  0      0 31430600   5504 6110196    0    0     0    52  810 1355  0  0 100  0  0 2025-08-25 13:41:30
 0  0      0 31430600   5504 6110196    0    0     0     0  945 1445  0  0 100  0  0 2025-08-25 13:41:31
 0  0      0 31430600   5504 6110196    0    0     0     0  833 1346  0  0 100  0  0 2025-08-25 13:41:32
 0  0      0 31430600   5504 6110196    0    0     0     4  844 1357  0  0 100  0  0 2025-08-25 13:41:33
 0  0      0 31430600   5504 6110196    0    0     0     0  808 1367  0  0 100  0  0 2025-08-25 13:41:34
 0  0      0 31430600   5504 6110196    0    0     0    48  815 1391  0  0 100  0  0 2025-08-25 13:41:35
 0  0      0 31430600   5504 6110196    0    0     0     0  827 1392  0  0 100  0  0 2025-08-25 13:41:36
 0  0      0 31430348   5504 6110212    0    0     0    24  952 1419  0  0 100  0  0 2025-08-25 13:41:37
 0  0      0 31430348   5504 6110212    0    0     0     0  848 1355  0  0 100  0  0 2025-08-25 13:41:38
 0  0      0 31430348   5504 6110212    0    0     0     4  906 1423  0  0 100  0  0 2025-08-25 13:41:39
 0  0      0 31430348   5504 6110212    0    0     0    56  845 1378  0  0 100  0  0 2025-08-25 13:41:40
 0  0      0 31430348   5504 6110212    0    0     0     0  832 1369  0  0 100  0  0 2025-08-25 13:41:41
 0  0      0 31430348   5504 6110212    0    0     0     0  910 1384  0  0 100  0  0 2025-08-25 13:41:42
 0  0      0 31430348   5504 6110212    0    0     0     4  924 1418  0  0 100  0  0 2025-08-25 13:41:43
 0  0      0 31430348   5504 6110212    0    0     0     0  853 1363  0  0 100  0  0 2025-08-25 13:41:44
 0  0      0 31430348   5504 6110212    0    0     0    12  819 1358  0  0 100  0  0 2025-08-25 13:41:45
 0  0      0 31430348   5504 6110212    0    0     0    40 4022 4361  0  0 100  0  0 2025-08-25 13:41:46
 0  0      0 31430348   5504 6110216    0    0     0     0  881 1429  0  0 100  0  0 2025-08-25 13:41:47
 0  0      0 31430348   5504 6110216    0    0     0     0  840 1359  0  0 100  0  0 2025-08-25 13:41:48
 0  0      0 31430348   5504 6110216    0    0     0     0  819 1355  0  0 100  0  0 2025-08-25 13:41:49
 0  0      0 31430348   5504 6110216    0    0     0     0  822 1340  0  0 100  0  0 2025-08-25 13:41:50
 0  0      0 31430348   5504 6110216    0    0     0    53  925 1475  0  0 100  0  0 2025-08-25 13:41:51
 0  0      0 31430348   5504 6110216    0    0     0     0  844 1374  0  0 100  0  0 2025-08-25 13:41:52
 0  0      0 31430348   5504 6110216    0    0     0     0  816 1344  0  0 100  0  0 2025-08-25 13:41:53
 0  0      0 31430348   5504 6110216    0    0     0     0  785 1354  0  0 100  0  0 2025-08-25 13:41:54
 0  0      0 31430348   5504 6110216    0    0     0     0  843 1398  0  0 100  0  0 2025-08-25 13:41:55
 0  0      0 31430348   5504 6110216    0    0     0    44  895 1400  0  0 100  0  0 2025-08-25 13:41:56
 0  0      0 31430096   5504 6110216    0    0     0     4  968 1418  0  0 100  0  0 2025-08-25 13:41:57
 0  0      0 31430096   5504 6110216    0    0     0     0  883 1376  0  0 100  0  0 2025-08-25 13:41:58
 0  0      0 31430096   5504 6110216    0    0     0     0  899 1392  0  0 100  0  0 2025-08-25 13:41:59
 0  0      0 31430096   5504 6110216    0    0     0    16 2630 2947  0  0 100  0  0 2025-08-25 13:42:00
 0  0      0 31430096   5504 6110024    0    0     0    52  901 1401  0  0 100  0  0 2025-08-25 13:42:01
 0  0      0 31430096   5504 6110024    0    0     0     0  876 1366  0  0 100  0  0 2025-08-25 13:42:02
 0  0      0 31430096   5504 6110024    0    0     0     4  910 1416  0  0 100  0  0 2025-08-25 13:42:03
 0  0      0 31430096   5504 6110024    0    0     0     0  860 1355  0  0 100  0  0 2025-08-25 13:42:04
 0  0      0 31430096   5504 6110024    0    0     0     8  833 1372  0  0 100  0  0 2025-08-25 13:42:05
 0  0      0 31430096   5504 6110024    0    0     0    44  881 1406  0  0 100  0  0 2025-08-25 13:42:06
 0  0      0 31430096   5504 6110024    0    0     0     0  905 1442  0  0 100  0  0 2025-08-25 13:42:07
 0  0      0 31430096   5504 6110024    0    0     0     0  872 1371  0  0 100  0  0 2025-08-25 13:42:08
 0  0      0 31430096   5504 6110024    0    0     0     4  874 1366  0  0 100  0  0 2025-08-25 13:42:09
 0  0      0 31430096   5504 6110024    0    0     0     0  889 1439  0  0 100  0  0 2025-08-25 13:42:10
 0  0      0 31430096   5504 6110024    0    0     0    44  924 1450  0  0 100  0  0 2025-08-25 13:42:11
 0  0      0 31430096   5504 6110024    0    0     0     0  893 1412  0  0 100  0  0 2025-08-25 13:42:12
 0  0      0 31430096   5504 6110024    0    0     0     8  841 1383  0  0 100  0  0 2025-08-25 13:42:13
 0  0      0 31430096   5504 6110024    0    0     0     0  843 1372  0  0 100  0  0 2025-08-25 13:42:14
 0  0      0 31430096   5504 6110024    0    0     0     4  853 1410  0  0 100  0  0 2025-08-25 13:42:15
 0  0      0 31430096   5504 6110024    0    0     0    52  929 1447  0  0 100  0  0 2025-08-25 13:42:16
 0  0      0 31429340   5504 6110024    0    0     0     0 1194 1753  0  0 100  0  0 2025-08-25 13:42:17
 0  0      0 31429340   5504 6110024    0    0     0     0  883 1365  0  0 100  0  0 2025-08-25 13:42:18
 0  0      0 31429340   5504 6110024    0    0     0     0  898 1418  0  0 100  0  0 2025-08-25 13:42:19
 0  0      0 31429340   5504 6110024    0    0     0     0  844 1352  0  0 100  0  0 2025-08-25 13:42:20
 0  0      0 31429340   5504 6110024    0    0     0    60  884 1422  0  0 100  0  0 2025-08-25 13:42:21
 0  0      0 31429340   5504 6110024    0    0     0     0 1943 2311  0  0 100  0  0 2025-08-25 13:42:22
 0  0      0 31429340   5504 6110028    0    0     0    10 2858 3458  0  0 100  0  0 2025-08-25 13:42:23
 0  0      0 31429340   5504 6110028    0    0     0   120  942 1503  0  0 100  0  0 2025-08-25 13:42:24
 0  0      0 31429340   5504 6110028    0    0     0     8  905 1388  0  0 100  0  0 2025-08-25 13:42:25
 0  0      0 31429340   5504 6110032    0    0     0     0  857 1394  0  0 100  0  0 2025-08-25 13:42:26
 0  0      0 31429340   5504 6110032    0    0     0    72  909 1467  0  0 100  0  0 2025-08-25 13:42:27
 0  0      0 31429340   5504 6110032    0    0     0     0  819 1371  0  0 100  0  0 2025-08-25 13:42:28
 0  0      0 31429340   5504 6110032    0    0     0     0  891 1392  0  0 100  0  0 2025-08-25 13:42:29
 0  0      0 31429340   5504 6110032    0    0     0     0  838 1354  0  0 100  0  0 2025-08-25 13:42:30
 0  0      0 31429340   5504 6110032    0    0     0     0  922 1433  0  0 100  0  0 2025-08-25 13:42:31
 0  0      0 31429340   5504 6110032    0    0     0    44  890 1401  0  0 100  0  0 2025-08-25 13:42:32
 0  0      0 31429340   5504 6110032    0    0     0     4  828 1377  0  0 100  0  0 2025-08-25 13:42:33
 0  0      0 31429340   5504 6110032    0    0     0     0  819 1379  0  0 100  0  0 2025-08-25 13:42:34
 0  0      0 31429340   5504 6110032    0    0     0     0  812 1404  0  0 100  0  0 2025-08-25 13:42:35
 0  0      0 31429340   5504 6110032    0    0     0     0  829 1384  0  0 100  0  0 2025-08-25 13:42:37
 0  0      0 31426568   5504 6110032    0    0     0    44  924 1408  0  0 100  0  0 2025-08-25 13:42:38
 0  0      0 31426568   5504 6110032    0    0     0     0  816 1360  0  0 100  0  0 2025-08-25 13:42:39
 0  0      0 31426568   5504 6110032    0    0     0     4  869 1412  0  0 100  0  0 2025-08-25 13:42:40
 0  0      0 31426568   5504 6110032    0    0     0     0  846 1377  0  0 100  0  0 2025-08-25 13:42:41
 0  0      0 31426568   5504 6110032    0    0     0     0 1432 1714  0  0 100  0  0 2025-08-25 13:42:42
 0  0      0 31433108   5504 6110032    0    0     0    60 2005 2033  0  0 100  0  0 2025-08-25 13:42:43
 0  0      0 31433108   5504 6110032    0    0     0     0 1836 1981  0  0 100  0  0 2025-08-25 13:42:44
 0  0      0 31433108   5504 6110032    0    0     0     4  923 1387  0  0 100  0  0 2025-08-25 13:42:45
 0  0      0 31433108   5504 6110032    0    0     0     4 1167 1872  0  0 100  0  0 2025-08-25 13:42:46
 0  0      0 31433108   5504 6110032    0    0     0     0 3650 3869  0  0 100  0  0 2025-08-25 13:42:47
 0  0      0 31433108   5504 6110032    0    0     0    48  924 1436  0  0 100  0  0 2025-08-25 13:42:48
 0  0      0 31433108   5504 6110032    0    0     0     0  919 1413  0  0 100  0  0 2025-08-25 13:42:49
 0  0      0 31433108   5504 6110032    0    0     0     0  837 1362  0  0 100  0  0 2025-08-25 13:42:50
 0  0      0 31433108   5504 6110032    0    0     0     0  880 1381  0  0 100  0  0 2025-08-25 13:42:51
 0  0      0 31433108   5504 6110032    0    0     0     4  884 1421  0  0 100  0  0 2025-08-25 13:42:52
 0  0      0 31433108   5504 6110032    0    0     0   206  866 1397  0  0 100  0  0 2025-08-25 13:42:53
 1  0      0 31433108   5504 6110032    0    0     0     0  838 1368  0  0 100  0  0 2025-08-25 13:42:54
 0  0      0 31433108   5504 6110032    0    0     0     8  908 1381  0  0 100  0  0 2025-08-25 13:42:55
 1  0      0 31433108   5504 6110032    0    0     0     0  841 1403  0  0 100  0  0 2025-08-25 13:42:56
 0  0      0 31433108   5504 6110032    0    0     0     0  888 1385  0  0 100  0  0 2025-08-25 13:42:57
 0  0      0 31432892   5504 6110032    0    0     0    44  933 1424  0  0 100  0  0 2025-08-25 13:42:58
 0  0      0 31432892   5504 6110032    0    0     0     0  929 1392  0  0 100  0  0 2025-08-25 13:42:59
 0  1      0 31432892   5504 6110032    0    0     0     8  876 1426  0  0 100  0  0 2025-08-25 13:43:00
 0  0      0 31432892   5504 6110160    0    0     0     8 2412 2894  0  0 100  0  0 2025-08-25 13:43:01
 0  0      0 31432892   5504 6110160    0    0     0     0  810 1357  0  0 100  0  0 2025-08-25 13:43:02
 0  0      0 31432892   5504 6110160    0    0     0    48  850 1382  0  0 100  0  0 2025-08-25 13:43:03
 0  0      0 31432892   5504 6110160    0    0     0     4  941 1427  0  0 100  0  0 2025-08-25 13:43:04
 0  0      0 31432892   5504 6110160    0    0     0     0  848 1356  0  0 100  0  0 2025-08-25 13:43:05
 0  0      0 31432892   5504 6110164    0    0     0     0  866 1351  0  0 100  0  0 2025-08-25 13:43:06
 0  0      0 31432892   5504 6110164    0    0     0     8  900 1421  0  0 100  0  0 2025-08-25 13:43:07
 0  0      0 31432892   5504 6110164    0    0     0    56  957 1456  0  0 100  0  0 2025-08-25 13:43:08
 0  0      0 31432892   5504 6110164    0    0     0     8  900 1407  0  0 100  0  0 2025-08-25 13:43:09
 0  0      0 31432892   5504 6110164    0    0     0     0  880 1373  0  0 100  0  0 2025-08-25 13:43:10
 0  0      0 31432892   5504 6110164    0    0     0     0  877 1444  0  0 100  0  0 2025-08-25 13:43:11
 0  0      0 31432892   5504 6110164    0    0     0     0  900 1437  0  0 100  0  0 2025-08-25 13:43:12
 0  0      0 31432892   5504 6110164    0    0     0     0  893 1386  0  0 100  0  0 2025-08-25 13:43:13
 0  0      0 31432892   5504 6110164    0    0     0    40  861 1360  0  0 100  0  0 2025-08-25 13:43:14
 1  0      0 31432892   5504 6110164    0    0     0     4  802 1367  0  0 100  0  0 2025-08-25 13:43:15
 0  0      0 31432892   5504 6110164    0    0     0     8  846 1400  0  0 100  0  0 2025-08-25 13:43:16
 0  0      0 31432892   5504 6110164    0    0     0     0  836 1394  0  0 100  0  0 2025-08-25 13:43:17
 0  0      0 31432892   5504 6110164    0    0     0     0  946 1386  0  0 100  0  0 2025-08-25 13:43:18
 0  0      0 31432892   5504 6110164    0    0     0    52 1003 1682  0  0 100  0  0 2025-08-25 13:43:19
 0  0      0 31432892   5504 6110164    0    0     0     0  909 1412  0  0 100  0  0 2025-08-25 13:43:20
 0  0      0 31432892   5504 6110164    0    0     0     4  865 1381  0  0 100  0  0 2025-08-25 13:43:21
 0  0      0 31432892   5504 6110164    0    0     0     0  801 1378  0  0 100  0  0 2025-08-25 13:43:22
 0  0      0 31432892   5504 6110164    0    0     0     6 3869 4322  0  0 100  0  0 2025-08-25 13:43:23
 1  0      0 31432892   5504 6110164    0    0     0    48  854 1398  0  0 100  0  0 2025-08-25 13:43:24
 0  0      0 31432892   5504 6110164    0    0     0     0  872 1385  0  0 100  0  0 2025-08-25 13:43:25
 0  0      0 31432892   5504 6110164    0    0     0     0  889 1358  0  0 100  0  0 2025-08-25 13:43:26
 1  0      0 31432892   5504 6110164    0    0     0     4  899 1413  0  0 100  0  0 2025-08-25 13:43:27
 0  0      0 31432892   5504 6110164    0    0     0     0  960 1430  0  0 100  0  0 2025-08-25 13:43:28
 1  0      0 31432892   5504 6110164    0    0     0    60  865 1360  0  0 100  0  0 2025-08-25 13:43:29
 0  0      0 31432892   5504 6110164    0    0     0     0  803 1357  0  0 100  0  0 2025-08-25 13:43:30
 0  0      0 31432892   5504 6110164    0    0     0     0  851 1364  0  0 100  0  0 2025-08-25 13:43:31
 0  0      0 31432892   5504 6110164    0    0     0     0  898 1424  0  0 100  0  0 2025-08-25 13:43:32
 0  0      0 31432892   5504 6110164    0    0     0     4  900 1387  0  0 100  0  0 2025-08-25 13:43:33
 0  0      0 31432892   5504 6110164    0    0     0    48  858 1369  0  0 100  0  0 2025-08-25 13:43:34
 0  0      0 31432892   5504 6110164    0    0     0     0  816 1363  0  0 100  0  0 2025-08-25 13:43:35
 0  0      0 31432892   5504 6110164    0    0     0     0  864 1412  0  0 100  0  0 2025-08-25 13:43:36
 0  0      0 31432892   5504 6110164    0    0     0     0  859 1388  0  0 100  0  0 2025-08-25 13:43:37
 0  0      0 31433284   5504 6110164    0    0     0     0  879 1365  0  0 100  0  0 2025-08-25 13:43:38
 0  0      0 31433848   5504 6110164    0    0     0    44  819 1375  0  0 100  0  0 2025-08-25 13:43:39
 0  0      0 31433848   5504 6110164    0    0     0     0  888 1434  0  0 100  0  0 2025-08-25 13:43:40
 0  0      0 31433848   5504 6110164    0    0     0     0  900 1376  0  0 100  0  0 2025-08-25 13:43:41
 0  0      0 31433848   5504 6110164    0    0     0     0  923 1401  0  0 100  0  0 2025-08-25 13:43:42
 0  0      0 31433848   5504 6110164    0    0     0     0  835 1343  0  0 100  0  0 2025-08-25 13:43:43
 0  0      0 31433848   5504 6110164    0    0     0    56  851 1389  0  0 100  0  0 2025-08-25 13:43:44
 0  0      0 31433848   5504 6110168    0    0     0     8  846 1399  0  0 100  0  0 2025-08-25 13:43:45
 0  0      0 31433848   5504 6110168    0    0     0     4 3939 4306  0  0 100  0  0 2025-08-25 13:43:46
 0  0      0 31433848   5504 6110168    0    0     0     0  855 1384  0  0 100  0  0 2025-08-25 13:43:47
 0  0      0 31433848   5504 6110168    0    0     0     0  872 1438  0  0 100  0  0 2025-08-25 13:43:48
 0  0      0 31433848   5504 6110168    0    0     0    52  843 1363  0  0 100  0  0 2025-08-25 13:43:49
 0  0      0 31433848   5504 6110168    0    0     0     0  839 1368  0  0 100  0  0 2025-08-25 13:43:50
 0  0      0 31433848   5504 6110168    0    0     0     4  813 1345  0  0 100  0  0 2025-08-25 13:43:51
 0  0      0 31433848   5504 6110168    0    0     0     0  876 1435  0  0 100  0  0 2025-08-25 13:43:52
 0  0      0 31433848   5504 6110168    0    0     0    45  867 1396  0  0 100  0  0 2025-08-25 13:43:53
 0  0      0 31433848   5504 6110168    0    0     0     0  779 1335  0  0 100  0  0 2025-08-25 13:43:54
 0  0      0 31433848   5504 6110168    0    0     0    44  813 1349  0  0 100  0  0 2025-08-25 13:43:55
 0  0      0 31433848   5504 6110168    0    0     0     0  854 1416  0  0 100  0  0 2025-08-25 13:43:56
 0  0      0 31433848   5504 6110168    0    0     0     4  877 1402  0  0 100  0  0 2025-08-25 13:43:57
 0  0      0 31431328   5504 6110168    0    0     0     0  907 1402  0  0 100  0  0 2025-08-25 13:43:58
 0  0      0 31431328   5504 6110168    0    0     0     0  800 1346  0  0 100  0  0 2025-08-25 13:43:59
 1  0      0 31431328   5504 6110168    0    0     0    56 1267 2015  0  0 100  0  0 2025-08-25 13:44:00
 0  0      0 31431328   5504 6110168    0    0     0     0 2036 2297  0  0 100  0  0 2025-08-25 13:44:01
 0  0      0 31431328   5504 6110168    0    0     0     0  869 1397  0  0 100  0  0 2025-08-25 13:44:02
 0  0      0 31431328   5504 6110168    0    0     0     4  829 1361  0  0 100  0  0 2025-08-25 13:44:03
 1  0      0 31431328   5504 6110168    0    0     0     0  823 1380  0  0 100  0  0 2025-08-25 13:44:04
 0  0      0 31431328   5504 6110168    0    0     0    44  863 1387  0  0 100  0  0 2025-08-25 13:44:05
 0  0      0 31431328   5504 6110168    0    0     0     0  816 1356  0  0 100  0  0 2025-08-25 13:44:06
 0  0      0 31431328   5504 6110168    0    0     0     0  861 1389  0  0 100  0  0 2025-08-25 13:44:07
 0  0      0 31431328   5504 6110168    0    0     0     8  873 1398  0  0 100  0  0 2025-08-25 13:44:08
 0  0      0 31431328   5504 6110168    0    0     0     4  880 1380  0  0 100  0  0 2025-08-25 13:44:09
 0  0      0 31431328   5504 6110168    0    0     0    40  849 1382  0  0 100  0  0 2025-08-25 13:44:10
 0  0      0 31431328   5504 6110168    0    0     0     0  840 1431  0  0 100  0  0 2025-08-25 13:44:11
 0  0      0 31431328   5504 6110168    0    0     0     0  853 1419  0  0 100  0  0 2025-08-25 13:44:12
 0  0      0 31431328   5504 6110168    0    0     0     0  869 1401  0  0 100  0  0 2025-08-25 13:44:13
 0  0      0 31431328   5504 6110168    0    0     0     0  801 1336  0  0 100  0  0 2025-08-25 13:44:14
 0  0      0 31431328   5504 6110168    0    0     0    48  840 1379  0  0 100  0  0 2025-08-25 13:44:15
 0  0      0 31431328   5504 6110168    0    0     0     0  875 1424  0  0 100  0  0 2025-08-25 13:44:16
 0  0      0 31431328   5504 6110168    0    0     0     8  872 1401  0  0 100  0  0 2025-08-25 13:44:17
 0  0      0 31431328   5504 6110168    0    0     0     0  997 1439  0  0 100  0  0 2025-08-25 13:44:18
 0  0      0 31431328   5504 6110168    0    0     0     0  837 1364  0  0 100  0  0 2025-08-25 13:44:19
 0  0      0 31431328   5504 6110168    0    0     0    64  852 1406  0  0 100  0  0 2025-08-25 13:44:20
 0  0      0 31431328   5504 6110168    0    0     0     4 1039 1734  0  0 100  0  0 2025-08-25 13:44:21
 0  0      0 31431328   5504 6110168    0    0     0     0  841 1366  0  0 100  0  0 2025-08-25 13:44:22
 0  0      0 31431328   5504 6110168    0    0     0     5 3987 4335  0  0 100  0  0 2025-08-25 13:44:23
 0  0      0 31431328   5504 6110172    0    0     0     0  835 1368  0  0 100  0  0 2025-08-25 13:44:24
 1  0      0 31431328   5504 6110172    0    0     0    52  862 1404  0  0 100  0  0 2025-08-25 13:44:25
 0  0      0 31431328   5504 6110172    0    0     0     0  778 1329  0  0 100  0  0 2025-08-25 13:44:26
 0  0      0 31431328   5504 6110172    0    0     0     8  896 1413  0  0 100  0  0 2025-08-25 13:44:27
 0  0      0 31431328   5504 6110172    0    0     0     0  831 1388  0  0 100  0  0 2025-08-25 13:44:28
 0  0      0 31431328   5504 6110172    0    0     0     0  810 1350  0  0 100  0  0 2025-08-25 13:44:29
 0  0      0 31431328   5504 6110172    0    0     0    56  855 1380  0  0 100  0  0 2025-08-25 13:44:30
 0  0      0 31431328   5504 6110172    0    0     0     0  850 1364  0  0 100  0  0 2025-08-25 13:44:31
 0  0      0 31431328   5504 6110172    0    0     0     0  872 1415  0  0 100  0  0 2025-08-25 13:44:32
 0  0      0 31431328   5504 6110172    0    0     0     4  887 1390  0  0 100  0  0 2025-08-25 13:44:33
 0  0      0 31431328   5504 6110172    0    0     0     0  832 1345  0  0 100  0  0 2025-08-25 13:44:34
 0  0      0 31431328   5504 6110172    0    0     0    56  861 1379  0  0 100  0  0 2025-08-25 13:44:35
 1  0      0 31431328   5504 6110172    0    0     0     0  870 1409  0  0 100  0  0 2025-08-25 13:44:36
 0  0      0 31431328   5504 6110172    0    0     0     0  859 1393  0  0 100  0  0 2025-08-25 13:44:37
 0  0      0 31432796   5504 6110188    0    0     0    24  965 1429  0  0 100  0  0 2025-08-25 13:44:38
 0  0      0 31432796   5504 6110188    0    0     0    12  858 1379  0  0 100  0  0 2025-08-25 13:44:39
 0  0      0 31432796   5504 6110188    0    0     0     0  928 1428  0  0 100  0  0 2025-08-25 13:44:40
 0  0      0 31432796   5504 6110188    0    0     0    44  921 1377  0  0 100  0  0 2025-08-25 13:44:41
 0  0      0 31432796   5504 6110188    0    0     0     0 1513 1786  0  0 100  0  0 2025-08-25 13:44:42
 0  0      0 31432796   5504 6110188    0    0     0     0 1847 1970  0  0 100  0  0 2025-08-25 13:44:43
 0  0      0 31432796   5504 6110188    0    0     0     0 1792 1922  0  0 100  0  0 2025-08-25 13:44:44
 1  0      0 31432796   5504 6110188    0    0     0     4  908 1382  0  0 100  0  0 2025-08-25 13:44:45
 0  0      0 31432796   5504 6110188    0    0     0    44 4013 4355  0  0 100  0  0 2025-08-25 13:44:46
 0  0      0 31432796   5504 6110188    0    0     0     0  832 1376  0  0 100  0  0 2025-08-25 13:44:47
 0  0      0 31432796   5504 6110188    0    0     0     4  869 1411  0  0 100  0  0 2025-08-25 13:44:48
 0  0      0 31432796   5504 6110188    0    0     0     0  879 1387  0  0 100  0  0 2025-08-25 13:44:49
 0  0      0 31432796   5504 6110188    0    0     0     0  795 1333  0  0 100  0  0 2025-08-25 13:44:50
 0  0      0 31432796   5504 6110188    0    0     0    48  877 1380  0  0 100  0  0 2025-08-25 13:44:51
 0  0      0 31432796   5504 6110188    0    0     0     0  900 1434  0  0 100  0  0 2025-08-25 13:44:52
 0  0      0 31432796   5504 6110188    0    0     0     6  883 1391  0  0 100  0  0 2025-08-25 13:44:53
 0  0      0 31432796   5504 6110188    0    0     0     0  817 1334  0  0 100  0  0 2025-08-25 13:44:54
 0  0      0 31432796   5504 6110188    0    0     0     0  826 1364  0  0 100  0  0 2025-08-25 13:44:55
 0  0      0 31432796   5504 6110188    0    0     0    40  825 1402  0  0 100  0  0 2025-08-25 13:44:56
 0  0      0 31432796   5504 6110188    0    0     0     4  846 1388  0  0 100  0  0 2025-08-25 13:44:57
 0  0      0 31433776   5504 6110188    0    0     0     0  939 1406  0  0 100  0  0 2025-08-25 13:44:58
 0  0      0 31433776   5504 6110188    0    0     0     0  853 1370  0  0 100  0  0 2025-08-25 13:44:59
 0  0      0 31433776   5504 6110188    0    0     0    16 2235 2527  0  0 100  0  0 2025-08-25 13:45:00
 0  0      0 31433776   5504 6110060    0    0     0    56 1360 1901  0  0 100  0  0 2025-08-25 13:45:01
 0  0      0 31433776   5504 6110060    0    0     0     0  978 1398  0  0 100  0  0 2025-08-25 13:45:02
 0  0      0 31433776   5504 6110064    0    0     0     8  860 1376  0  0 100  0  0 2025-08-25 13:45:03
 0  0      0 31433776   5504 6110064    0    0     0     0  843 1388  0  0 100  0  0 2025-08-25 13:45:04
 0  0      0 31433776   5504 6110064    0    0     0     0 1065 1399  0  0 100  0  0 2025-08-25 13:45:05
 1  0      0 31433776   5504 6110064    0    0     0    40  863 1372  0  0 100  0  0 2025-08-25 13:45:06
 0  0      0 31433776   5504 6110192    0    0     0     0  971 1439  0  0 100  0  0 2025-08-25 13:45:07
 0  0      0 31433776   5504 6110192    0    0     0     0  920 1409  0  0 100  0  0 2025-08-25 13:45:08
 1  0      0 31433776   5504 6110192    0    0     0     4  918 1392  0  0 100  0  0 2025-08-25 13:45:09
 0  0      0 31433776   5504 6110192    0    0     0     8  907 1395  0  0 100  0  0 2025-08-25 13:45:10
 0  0      0 31433776   5504 6110192    0    0     0    52 1008 1448  0  0 100  0  0 2025-08-25 13:45:11
 0  0      0 31433776   5504 6110192    0    0     0     0  883 1434  0  0 100  0  0 2025-08-25 13:45:12
 0  0      0 31433776   5504 6110192    0    0     0     0  868 1394  0  0 100  0  0 2025-08-25 13:45:13
 1  0      0 31433776   5504 6110192    0    0     0     0  878 1351  0  0 100  0  0 2025-08-25 13:45:14
 0  0      0 31433776   5504 6110192    0    0     0     4  882 1377  0  0 100  0  0 2025-08-25 13:45:15
 0  0      0 31433776   5504 6110192    0    0     0    52  846 1405  0  0 100  0  0 2025-08-25 13:45:16
 1  0      0 31433776   5504 6110192    0    0     0     0  859 1402  0  0 100  0  0 2025-08-25 13:45:17
 0  0      0 31433776   5504 6110192    0    0     0     8  914 1408  0  0 100  0  0 2025-08-25 13:45:18
 0  0      0 31433776   5504 6110192    0    0     0     0  800 1371  0  0 100  0  0 2025-08-25 13:45:19
 0  0      0 31433776   5504 6110192    0    0     0     0  828 1410  0  0 100  0  0 2025-08-25 13:45:20
 1  0      0 31433776   5504 6110192    0    0     0     4  911 1388  0  0 100  0  0 2025-08-25 13:45:21
 0  0      0 31433776   5504 6110192    0    0     0    52 1049 1746  0  0 100  0  0 2025-08-25 13:45:22
 0  0      0 31433776   5504 6110192    0    0     0     0  857 1369  0  0 100  0  0 2025-08-25 13:45:23
 0  0      0 31433776   5504 6110192    0    0     0     7  856 1427  0  0 100  0  0 2025-08-25 13:45:24
 0  0      0 31433776   5504 6110192    0    0     0     0  959 1374  0  0 100  0  0 2025-08-25 13:45:25
 0  0      0 31433776   5504 6110192    0    0     0     0  785 1337  0  0 100  0  0 2025-08-25 13:45:26
 0  0      0 31433776   5504 6110192    0    0     0    56  815 1399  0  0 100  0  0 2025-08-25 13:45:27
 0  0      0 31433776   5504 6110192    0    0     0     0  883 1420  0  0 100  0  0 2025-08-25 13:45:28
 0  0      0 31433776   5504 6110192    0    0     0     0 4064 4356  0  0 100  0  0 2025-08-25 13:45:29
 0  0      0 31433776   5504 6110192    0    0     0     0  858 1370  0  0 100  0  0 2025-08-25 13:45:30
 0  0      0 31433776   5504 6110192    0    0     0     0  782 1340  0  0 100  0  0 2025-08-25 13:45:31
 0  0      0 31433776   5504 6110192    0    0     0    44  877 1417  0  0 100  0  0 2025-08-25 13:45:32
 0  0      0 31433776   5504 6110192    0    0     0     4  831 1372  0  0 100  0  0 2025-08-25 13:45:33
 0  0      0 31433776   5504 6110192    0    0     0     0  872 1375  0  0 100  0  0 2025-08-25 13:45:34
 0  0      0 31433776   5504 6110192    0    0     0     0  830 1360  0  0 100  0  0 2025-08-25 13:45:35
 0  0      0 31433776   5504 6110192    0    0     0     0  803 1371  0  0 100  0  0 2025-08-25 13:45:36
 0  0      0 31433776   5504 6110192    0    0     0    44  914 1406  0  0 100  0  0 2025-08-25 13:45:37
 0  0      0 31435408   5504 6110192    0    0     0     0  914 1381  0  0 100  0  0 2025-08-25 13:45:38
 0  0      0 31435408   5504 6110192    0    0     0     4  818 1362  0  0 100  0  0 2025-08-25 13:45:39
 0  0      0 31435408   5504 6110192    0    0     0     0  824 1418  0  0 100  0  0 2025-08-25 13:45:40
 0  0      0 31435408   5504 6110192    0    0     0     0  804 1332  0  0 100  0  0 2025-08-25 13:45:41
 0  0      0 31435408   5504 6110192    0    0     0    48  952 1410  0  0 100  0  0 2025-08-25 13:45:42
 0  0      0 31435408   5504 6110196    0    0     0     0  852 1371  0  0 100  0  0 2025-08-25 13:45:43
 1  0      0 31435408   5504 6110196    0    0     0     0  826 1397  0  0 100  0  0 2025-08-25 13:45:44
 0  0      0 31435408   5504 6110196    0    0     0     8  831 1372  0  0 100  0  0 2025-08-25 13:45:45
 0  0      0 31435408   5504 6110196    0    0     0     0  784 1312  0  0 100  0  0 2025-08-25 13:45:46
 0  0      0 31435408   5504 6110196    0    0     0    56  849 1379  0  0 100  0  0 2025-08-25 13:45:47
 0  0      0 31435408   5504 6110196    0    0     0     0  833 1398  0  0 100  0  0 2025-08-25 13:45:48
 0  0      0 31435408   5504 6110196    0    0     0     4  827 1366  0  0 100  0  0 2025-08-25 13:45:49
 0  0      0 31435408   5504 6110196    0    0     0     0  798 1357  0  0 100  0  0 2025-08-25 13:45:50
 0  0      0 31435408   5504 6110196    0    0     0     4  854 1371  0  0 100  0  0 2025-08-25 13:45:51
 0  0      0 31435408   5504 6110196    0    0     0    48 4018 4381  0  0 100  0  0 2025-08-25 13:45:52
 0  0      0 31435408   5504 6110196    0    0     0     0  827 1358  0  0 100  0  0 2025-08-25 13:45:53
 0  0      0 31435408   5504 6110196    0    0     0    29  854 1376  0  0 100  0  0 2025-08-25 13:45:54
 0  0      0 31435408   5504 6110196    0    0     0     0  809 1348  0  0 100  0  0 2025-08-25 13:45:55
 0  0      0 31435408   5504 6110196    0    0     0     0  830 1393  0  0 100  0  0 2025-08-25 13:45:56
 0  0      0 31435408   5504 6110196    0    0     0    48  856 1389  0  0 100  0  0 2025-08-25 13:45:57
 0  0      0 31434400   5504 6110196    0    0     0     0  908 1407  0  0 100  0  0 2025-08-25 13:45:58
 1  0      0 31434400   5504 6110196    0    0     0     0  817 1342  0  0 100  0  0 2025-08-25 13:45:59
 0  0      0 31434148   5504 6110324    0    0     0    16  886 1464  0  0 100  0  0 2025-08-25 13:46:00
 0  0      0 31434148   5504 6110324    0    0     0     8  831 1374  0  0 100  0  0 2025-08-25 13:46:01
 0  0      0 31434148   5504 6110196    0    0     0    48  890 1410  0  0 100  0  0 2025-08-25 13:46:02
 0  0      0 31434148   5504 6110196    0    0     0     4  908 1418  0  0 100  0  0 2025-08-25 13:46:03
 0  0      0 31434148   5504 6110196    0    0     0     0  828 1390  0  0 100  0  0 2025-08-25 13:46:04
 0  0      0 31434148   5504 6110196    0    0     0     0  816 1363  0  0 100  0  0 2025-08-25 13:46:05
 2  0      0 31434148   5504 6110196    0    0     0     0  791 1344  0  0 100  0  0 2025-08-25 13:46:06
 0  0      0 31434148   5504 6110196    0    0     0     0  894 1404  0  0 100  0  0 2025-08-25 13:46:07
 1  0      0 31434148   5504 6110196    0    0     0    40  889 1426  0  0 100  0  0 2025-08-25 13:46:08
 0  0      0 31434148   5504 6110196    0    0     0     4  844 1381  0  0 100  0  0 2025-08-25 13:46:09
 0  0      0 31434148   5504 6110196    0    0     0     0  857 1382  0  0 100  0  0 2025-08-25 13:46:10
 0  0      0 31434148   5504 6110196    0    0     0     0  839 1434  0  0 100  0  0 2025-08-25 13:46:11
 0  0      0 31434148   5504 6110196    0    0     0     0  858 1401  0  0 100  0  0 2025-08-25 13:46:12
 0  0      0 31434148   5504 6110196    0    0     0    40  845 1400  0  0 100  0  0 2025-08-25 13:46:13
 0  0      0 31434148   5504 6110196    0    0     0     0  789 1335  0  0 100  0  0 2025-08-25 13:46:14
 0  0      0 31434148   5504 6110196    0    0     0     4  849 1387  0  0 100  0  0 2025-08-25 13:46:15
 0  0      0 31434148   5504 6110196    0    0     0     0  860 1410  0  0 100  0  0 2025-08-25 13:46:16
 0  0      0 31434148   5504 6110196    0    0     0     0  927 1431  0  0 100  0  0 2025-08-25 13:46:17
 0  0      0 31434148   5504 6110196    0    0     0    52 1103 1421  0  0 100  0  0 2025-08-25 13:46:18
 0  0      0 31433896   5504 6110196    0    0     0     0  899 1405  0  0 100  0  0 2025-08-25 13:46:19
 0  0      0 31433896   5504 6110196    0    0     0     8  868 1424  0  0 100  0  0 2025-08-25 13:46:20
 0  0      0 31433896   5504 6110200    0    0     0     8  842 1377  0  0 100  0  0 2025-08-25 13:46:21
 0  0      0 31433896   5504 6110200    0    0     0     0 1016 1392  0  0 100  0  0 2025-08-25 13:46:22
 0  0      0 31433896   5504 6110200    0    0     0    48 1850 2499  0  0 100  0  0 2025-08-25 13:46:23
 0  0      0 31433896   5504 6110200    0    0     0     5 3111 3601  0  0 100  0  0 2025-08-25 13:46:24
 0  0      0 31433896   5504 6110200    0    0     0     0  849 1356  0  0 100  0  0 2025-08-25 13:46:25
 0  0      0 31433896   5504 6110200    0    0     0     0  772 1322  0  0 100  0  0 2025-08-25 13:46:26
 0  0      0 31433896   5504 6110200    0    0     0     4  922 1410  0  0 100  0  0 2025-08-25 13:46:27
 0  0      0 31433896   5504 6110200    0    0     0    68  872 1440  0  0 100  0  0 2025-08-25 13:46:28
 0  0      0 31433896   5504 6110200    0    0     0     0  821 1360  0  0 100  0  0 2025-08-25 13:46:29
 0  0      0 31433896   5504 6110200    0    0     0     0  772 1335  0  0 100  0  0 2025-08-25 13:46:30
 0  0      0 31433896   5504 6110200    0    0     0     0  786 1342  0  0 100  0  0 2025-08-25 13:46:31
 0  0      0 31433896   5504 6110200    0    0     0     0  912 1414  0  0 100  0  0 2025-08-25 13:46:32
 0  0      0 31433896   5504 6110200    0    0     0    44  854 1383  0  0 100  0  0 2025-08-25 13:46:33
 0  0      0 31433896   5504 6110200    0    0     0     0  909 1371  0  0 100  0  0 2025-08-25 13:46:34
 0  0      0 31433896   5504 6110200    0    0     0     0  841 1353  0  0 100  0  0 2025-08-25 13:46:35
 0  0      0 31433896   5504 6110200    0    0     0     0  868 1384  0  0 100  0  0 2025-08-25 13:46:36
 1  0      0 31433896   5504 6110200    0    0     0     0  863 1386  0  0 100  0  0 2025-08-25 13:46:37
 0  0      0 31432132   5504 6110200    0    0     0    48 1046 1392  0  0 100  0  0 2025-08-25 13:46:38
 0  0      0 31431880   5504 6110200    0    0     0     4  856 1380  0  0 100  0  0 2025-08-25 13:46:39
 0  0      0 31431880   5504 6110200    0    0     0     0 1037 1423  0  0 100  0  0 2025-08-25 13:46:40
 0  0      0 31431880   5504 6110200    0    0     0     0  889 1347  0  0 100  0  0 2025-08-25 13:46:41
 0  0      0 31431880   5504 6110200    0    0     0     0 1819 1854  0  0 100  0  0 2025-08-25 13:46:42
 0  0      0 31431880   5504 6110200    0    0     0    52 1856 1964  0  0 100  0  0 2025-08-25 13:46:43
 0  0      0 31431880   5504 6110200    0    0     0     0 1912 1910  0  0 98  2  0 2025-08-25 13:46:44
 1  0      0 31431880   5504 6110200    0    0     0     4  931 1395  0  0 100  0  0 2025-08-25 13:46:45
 0  0      0 31431628   5504 6110200    0    0     0     0  828 1407  0  0 100  0  0 2025-08-25 13:46:46
 0  0      0 31431628   5504 6110200    0    0     0     0 3880 4246  0  0 100  0  0 2025-08-25 13:46:47
 0  0      0 31431628   5504 6110200    0    0     0     0 1058 1433  0  0 100  0  0 2025-08-25 13:46:48
 0  0      0 31431628   5504 6110200    0    0     0    44 1049 1407  0  0 100  0  0 2025-08-25 13:46:49
 0  0      0 31431628   5504 6110200    0    0     0     0  800 1357  0  0 100  0  0 2025-08-25 13:46:50
 1  0      0 31431628   5504 6110200    0    0     0    12  834 1381  0  0 100  0  0 2025-08-25 13:46:51
 0  0      0 31431628   5504 6110200    0    0     0     0  874 1394  0  0 100  0  0 2025-08-25 13:46:52
 0  0      0 31431628   5504 6110200    0    0     0     0  804 1347  0  0 100  0  0 2025-08-25 13:46:53
 0  0      0 31431628   5504 6110200    0    0     0    61  833 1381  0  0 100  0  0 2025-08-25 13:46:54
 0  0      0 31431628   5504 6110200    0    0     0     0  813 1358  0  0 100  0  0 2025-08-25 13:46:55
 0  0      0 31431628   5504 6110200    0    0     0     0  947 1442  0  0 100  0  0 2025-08-25 13:46:56
 0  0      0 31431628   5504 6110200    0    0     0     4  897 1382  0  0 100  0  0 2025-08-25 13:46:57
 0  0      0 31430872   5504 6110200    0    0     0     0  895 1359  0  0 100  0  0 2025-08-25 13:46:58
 1  0      0 31430872   5504 6110200    0    0     0    44  894 1410  0  0 100  0  0 2025-08-25 13:46:59
 0  0      0 31430872   5504 6110204    0    0     0    16 2454 2956  0  0 100  0  0 2025-08-25 13:47:00
 0  0      0 31430872   5504 6110204    0    0     0     0  904 1395  0  0 100  0  0 2025-08-25 13:47:01
 0  0      0 31430872   5504 6110204    0    0     0     8  843 1362  0  0 100  0  0 2025-08-25 13:47:02
 0  0      0 31430872   5504 6110204    0    0     0     8  859 1384  0  0 100  0  0 2025-08-25 13:47:03
 0  0      0 31430872   5504 6110204    0    0     0    44  889 1436  0  0 100  0  0 2025-08-25 13:47:04
 0  0      0 31430872   5504 6110204    0    0     0     0  827 1370  0  0 100  0  0 2025-08-25 13:47:05
 0  0      0 31430872   5504 6110204    0    0     0     0  853 1400  0  0 100  0  0 2025-08-25 13:47:06
 0  0      0 31430872   5504 6110204    0    0     0     0  843 1375  0  0 100  0  0 2025-08-25 13:47:07
 0  0      0 31430872   5504 6110204    0    0     0     0  851 1395  0  0 100  0  0 2025-08-25 13:47:08
 0  0      0 31430872   5504 6110204    0    0     0    48  920 1410  0  0 100  0  0 2025-08-25 13:47:09
 1  0      0 31430872   5504 6110204    0    0     0     0  882 1419  0  0 100  0  0 2025-08-25 13:47:10
 0  0      0 31430872   5504 6110204    0    0     0     0  898 1427  0  0 100  0  0 2025-08-25 13:47:11
 0  0      0 31430872   5504 6110204    0    0     0     0  821 1385  0  0 100  0  0 2025-08-25 13:47:12
 0  0      0 31430872   5504 6110204    0    0     0     0  902 1392  0  0 100  0  0 2025-08-25 13:47:13
 0  0      0 31430872   5504 6110204    0    0     0    52  878 1378  0  0 100  0  0 2025-08-25 13:47:14
 0  0      0 31430872   5504 6110204    0    0     0     4  923 1386  0  0 100  0  0 2025-08-25 13:47:15
 0  0      0 31430872   5504 6110204    0    0     0     0  864 1403  0  0 100  0  0 2025-08-25 13:47:16
 1  0      0 31430872   5504 6110204    0    0     0     0  789 1352  0  0 100  0  0 2025-08-25 13:47:17
 0  0      0 31428856   5504 6110204    0    0     0     0  843 1358  0  0 100  0  0 2025-08-25 13:47:18
 0  0      0 31428856   5504 6110204    0    0     0    68  835 1387  0  0 100  0  0 2025-08-25 13:47:19
 0  0      0 31428856   5504 6110204    0    0     0     0  834 1377  0  0 100  0  0 2025-08-25 13:47:20
 0  0      0 31428856   5504 6110204    0    0     0     8  888 1386  0  0 100  0  0 2025-08-25 13:47:21
 0  0      0 31428856   5504 6110204    0    0     0     0  920 1378  0  0 100  0  0 2025-08-25 13:47:22
 0  0      0 31428856   5504 6110204    0    0     0     0 4103 4335  0  0 100  0  0 2025-08-25 13:47:23
 0  0      0 31428856   5504 6110204    0    0     0    69  931 1488  0  0 100  0  0 2025-08-25 13:47:24
 0  0      0 31428856   5504 6110204    0    0     0    54 1255 1823  0  0 100  0  0 2025-08-25 13:47:25
 0  0      0 31428856   5504 6110204    0    0     0     0  947 1370  0  0 100  0  0 2025-08-25 13:47:26
 0  0      0 31428856   5504 6110204    0    0     0     4  839 1381  0  0 100  0  0 2025-08-25 13:47:27
 0  0      0 31428856   5504 6110204    0    0     0     0  810 1387  0  0 100  0  0 2025-08-25 13:47:28
 0  0      0 31428856   5504 6110204    0    0     0    52  887 1395  0  0 100  0  0 2025-08-25 13:47:29
 0  0      0 31428856   5504 6110204    0    0     0     0  880 1385  0  0 100  0  0 2025-08-25 13:47:30
 0  0      0 31428856   5504 6110204    0    0     0     0  815 1366  0  0 100  0  0 2025-08-25 13:47:31
 2  0      0 31428856   5504 6110204    0    0     0     0  827 1391  0  0 100  0  0 2025-08-25 13:47:32
 0  0      0 31428856   5504 6110204    0    0     0    12  806 1373  0  0 100  0  0 2025-08-25 13:47:33
 1  0      0 31428856   5504 6110204    0    0     0     0  859 1380  0  0 100  0  0 2025-08-25 13:47:34
 0  0      0 31428856   5504 6110204    0    0     0    40  844 1385  0  0 100  0  0 2025-08-25 13:47:35
 0  0      0 31428856   5504 6110204    0    0     0     0  867 1433  0  0 100  0  0 2025-08-25 13:47:36
 0  0      0 31428856   5504 6110204    0    0     0     0  854 1377  0  0 100  0  0 2025-08-25 13:47:37
 0  0      0 31427092   5504 6110204    0    0     0     0  856 1374  0  0 100  0  0 2025-08-25 13:47:38
 0  0      0 31427092   5504 6110208    0    0     0     8  852 1380  0  0 100  0  0 2025-08-25 13:47:39
 0  0      0 31427092   5504 6110208    0    0     0    40  860 1428  0  0 100  0  0 2025-08-25 13:47:40
 0  0      0 31427092   5504 6110208    0    0     0     0  823 1378  0  0 100  0  0 2025-08-25 13:47:41
 0  0      0 31427092   5504 6110208    0    0     0     0  787 1341  0  0 100  0  0 2025-08-25 13:47:42
 0  0      0 31427092   5504 6110208    0    0     0     0  852 1381  0  0 100  0  0 2025-08-25 13:47:43
 0  0      0 31427092   5504 6110208    0    0     0     0  877 1405  0  0 100  0  0 2025-08-25 13:47:44
 0  0      0 31427092   5504 6110208    0    0     0    52  826 1378  0  0 100  0  0 2025-08-25 13:47:45
 0  0      0 31427092   5504 6110208    0    0     0     0 3946 4305  0  0 100  0  0 2025-08-25 13:47:46
 0  0      0 31427092   5504 6110208    0    0     0     0  843 1371  0  0 100  0  0 2025-08-25 13:47:47
 0  0      0 31427092   5504 6110208    0    0     0     0  830 1370  0  0 100  0  0 2025-08-25 13:47:48
 1  0      0 31427092   5504 6110208    0    0     0     0  845 1358  0  0 100  0  0 2025-08-25 13:47:49
 0  0      0 31427092   5504 6110208    0    0     0    44  806 1348  0  0 100  0  0 2025-08-25 13:47:50
 0  0      0 31427092   5504 6110208    0    0     0     4  822 1386  0  0 100  0  0 2025-08-25 13:47:51
 0  0      0 31427092   5504 6110208    0    0     0     8  854 1401  0  0 100  0  0 2025-08-25 13:47:52
 0  0      0 31427092   5504 6110208    0    0     0     0  779 1354  0  0 100  0  0 2025-08-25 13:47:53
 1  0      0 31427092   5504 6110208    0    0     0     0  801 1352  0  0 100  0  0 2025-08-25 13:47:54
 0  0      0 31427092   5504 6110208    0    0     0   190  838 1393  0  0 100  0  0 2025-08-25 13:47:55
 0  0      0 31427092   5504 6110208    0    0     0     0  846 1395  0  0 100  0  0 2025-08-25 13:47:56
 0  0      0 31427092   5504 6110208    0    0     0     8  819 1389  0  0 100  0  0 2025-08-25 13:47:57
 1  0      0 31427092   5504 6110208    0    0     0     0  934 1398  0  0 100  0  0 2025-08-25 13:47:58
 0  0      0 31427092   5504 6110208    0    0     0     0  820 1367  0  0 100  0  0 2025-08-25 13:47:59
 0  0      0 31427092   5504 6110088    0    0     0    76 2462 2990  0  0 100  0  0 2025-08-25 13:48:00
 0  0      0 31427092   5504 6110088    0    0     0     0  847 1383  0  0 100  0  0 2025-08-25 13:48:01
 0  0      0 31427092   5504 6110088    0    0     0     0  799 1344  0  0 100  0  0 2025-08-25 13:48:02
 0  0      0 31427092   5504 6110088    0    0     0    12  881 1374  0  0 100  0  0 2025-08-25 13:48:03
 0  0      0 31427092   5504 6110088    0    0     0     0  853 1401  0  0 100  0  0 2025-08-25 13:48:04
 0  0      0 31427092   5504 6110088    0    0     0    52  805 1368  0  0 100  0  0 2025-08-25 13:48:05
 0  0      0 31427092   5504 6110088    0    0     0     0  828 1385  0  0 100  0  0 2025-08-25 13:48:06
 0  0      0 31427092   5504 6110088    0    0     0     0  794 1364  0  0 100  0  0 2025-08-25 13:48:07
 0  0      0 31427092   5504 6110088    0    0     0     0  870 1400  0  0 100  0  0 2025-08-25 13:48:08
 0  0      0 31427092   5504 6110088    0    0     0     4  839 1380  0  0 100  0  0 2025-08-25 13:48:09
 0  0      0 31427092   5504 6110088    0    0     0    44  865 1422  0  0 100  0  0 2025-08-25 13:48:10
 0  0      0 31427092   5504 6110088    0    0     0     0  880 1381  0  0 100  0  0 2025-08-25 13:48:11
 0  0      0 31427092   5504 6110088    0    0     0     0  861 1414  0  0 100  0  0 2025-08-25 13:48:12
 0  0      0 31427092   5504 6110088    0    0     0     0  819 1383  0  0 100  0  0 2025-08-25 13:48:13
 0  0      0 31427092   5504 6110088    0    0     0     0  792 1334  0  0 100  0  0 2025-08-25 13:48:14
 0  0      0 31427092   5504 6110088    0    0     0     4  843 1376  0  0 100  0  0 2025-08-25 13:48:15
 0  0      0 31427092   5504 6110088    0    0     0    44  860 1403  0  0 100  0  0 2025-08-25 13:48:16
 0  0      0 31427092   5504 6110088    0    0     0     0  836 1362  0  0 100  0  0 2025-08-25 13:48:17
 0  0      0 31427392   5504 6110092    0    0     0     0  918 1404  0  0 100  0  0 2025-08-25 13:48:18
 0  0      0 31427392   5504 6110092    0    0     0     0  849 1375  0  0 100  0  0 2025-08-25 13:48:19
 1  0      0 31427392   5504 6110092    0    0     0     0  904 1410  0  0 100  0  0 2025-08-25 13:48:20
 0  0      0 31427392   5504 6110092    0    0     0    64  830 1375  0  0 100  0  0 2025-08-25 13:48:21
 0  0      0 31427392   5504 6110092    0    0     0     0  816 1349  0  0 100  0  0 2025-08-25 13:48:22
 0  0      0 31427392   5504 6110092    0    0     0     4 4029 4362  0  0 100  0  0 2025-08-25 13:48:23
 0  0      0 31427392   5504 6110092    0    0     0     0  882 1407  0  0 100  0  0 2025-08-25 13:48:24
 0  0      0 31427392   5504 6110092    0    0     0     5  852 1386  0  0 100  0  0 2025-08-25 13:48:25
 0  0      0 31427392   5504 6110092    0    0     0    48  981 1706  0  0 100  0  0 2025-08-25 13:48:26
 0  0      0 31427392   5504 6110092    0    0     0     4  844 1365  0  0 100  0  0 2025-08-25 13:48:27
 0  0      0 31427392   5504 6110092    0    0     0     0  887 1442  0  0 100  0  0 2025-08-25 13:48:28
 0  0      0 31427392   5504 6110092    0    0     0     0  806 1361  0  0 100  0  0 2025-08-25 13:48:29
 0  0      0 31427392   5504 6110092    0    0     0     0  791 1342  0  0 100  0  0 2025-08-25 13:48:30
 0  0      0 31427392   5504 6110092    0    0     0    52  797 1355  0  0 100  0  0 2025-08-25 13:48:31
 0  0      0 31427392   5504 6110092    0    0     0     0  865 1410  0  0 100  0  0 2025-08-25 13:48:32
 1  0      0 31427392   5504 6110092    0    0     0     8  859 1368  0  0 100  0  0 2025-08-25 13:48:33
 0  0      0 31427392   5504 6110092    0    0     0     0  870 1374  0  0 100  0  0 2025-08-25 13:48:34
 0  0      0 31427392   5504 6110092    0    0     0     0  831 1358  0  0 100  0  0 2025-08-25 13:48:35
 1  0      0 31427392   5504 6110092    0    0     0    40  876 1404  0  0 100  0  0 2025-08-25 13:48:36
 0  0      0 31427392   5504 6110092    0    0     0     0  808 1347  0  0 100  0  0 2025-08-25 13:48:37
 0  0      0 31427392   5504 6110092    0    0     0     0  833 1375  0  0 100  0  0 2025-08-25 13:48:38
 0  0      0 31427392   5504 6110092    0    0     0     4  830 1372  0  0 100  0  0 2025-08-25 13:48:39
 0  0      0 31427392   5504 6110092    0    0     0     0  806 1372  0  0 100  0  0 2025-08-25 13:48:40
 0  0      0 31427392   5504 6110092    0    0     0    56  861 1380  0  0 100  0  0 2025-08-25 13:48:41
 0  0      0 31427392   5504 6110092    0    0     0     0 1670 1848  0  0 100  0  0 2025-08-25 13:48:42
 0  0      0 31427392   5504 6110092    0    0     0     0 1825 1961  0  0 100  0  0 2025-08-25 13:48:43
 0  0      0 31427392   5504 6110092    0    0     0     0 1531 1796  0  0 100  0  0 2025-08-25 13:48:44
 0  0      0 31427392   5504 6110092    0    0     0     4  847 1386  0  0 100  0  0 2025-08-25 13:48:45
 0  0      0 31427392   5504 6110092    0    0     0    52 4022 4360  0  0 100  0  0 2025-08-25 13:48:46
 0  0      0 31427392   5504 6110092    0    0     0     0  786 1359  0  0 100  0  0 2025-08-25 13:48:47
 1  0      0 31427392   5504 6110092    0    0     0     0  811 1387  0  0 100  0  0 2025-08-25 13:48:48
 0  0      0 31427392   5504 6110092    0    0     0     0  857 1362  0  0 100  0  0 2025-08-25 13:48:49
 0  0      0 31427392   5504 6110092    0    0     0     0  805 1345  0  0 100  0  0 2025-08-25 13:48:50
 0  0      0 31427392   5504 6110092    0    0     0    44  869 1380  0  0 100  0  0 2025-08-25 13:48:51
 0  0      0 31427392   5504 6110092    0    0     0     0  823 1376  0  0 100  0  0 2025-08-25 13:48:52
 0  0      0 31427392   5504 6110092    0    0     0     8  817 1355  0  0 100  0  0 2025-08-25 13:48:53
 0  0      0 31427392   5504 6110092    0    0     0     0  827 1356  0  0 100  0  0 2025-08-25 13:48:54
 0  0      0 31427392   5504 6110092    0    0     0    37  802 1371  0  0 100  0  0 2025-08-25 13:48:55
 0  0      0 31427392   5504 6110092    0    0     0    48  830 1399  0  0 100  0  0 2025-08-25 13:48:56
 0  0      0 31427392   5504 6110096    0    0     0     8  897 1405  0  0 100  0  0 2025-08-25 13:48:57
 0  0      0 31423612   5504 6110096    0    0     0     0  879 1379  0  0 100  0  0 2025-08-25 13:48:58
 0  0      0 31423612   5504 6110096    0    0     0    10  858 1405  0  0 100  0  0 2025-08-25 13:48:59
 0  0      0 31425036   5504 6110224    0    0     0    16 2479 2948  0  0 100  0  0 2025-08-25 13:49:00
 0  0      0 31425036   5504 6110224    0    0     0     0  895 1365  0  0 100  0  0 2025-08-25 13:49:01
 0  0      0 31425036   5504 6110224    0    0     0    44  987 1397  0  0 100  0  0 2025-08-25 13:49:02
 0  0      0 31425036   5504 6110224    0    0     0     4  840 1356  0  0 100  0  0 2025-08-25 13:49:03
 0  0      0 31425436   5504 6110224    0    0     0     8  858 1411  0  0 100  0  0 2025-08-25 13:49:04
 0  0      0 31425436   5504 6110224    0    0     0     0  841 1379  0  0 100  0  0 2025-08-25 13:49:05
 0  0      0 31425436   5504 6110224    0    0     0     0  915 1395  0  0 100  0  0 2025-08-25 13:49:06
 0  0      0 31425436   5504 6110224    0    0     0    40  838 1374  0  0 100  0  0 2025-08-25 13:49:07
 0  0      0 31425436   5504 6110224    0    0     0     0  941 1426  0  0 100  0  0 2025-08-25 13:49:08
 0  0      0 31425436   5504 6110224    0    0     0     4  888 1398  0  0 100  0  0 2025-08-25 13:49:09
 0  0      0 31425436   5504 6110224    0    0     0     0  838 1446  0  0 100  0  0 2025-08-25 13:49:10
 0  0      0 31425436   5504 6110224    0    0     0     0  880 1377  0  0 100  0  0 2025-08-25 13:49:11
 0  0      0 31425436   5504 6110224    0    0     0    44  918 1418  0  0 100  0  0 2025-08-25 13:49:12
 0  0      0 31425436   5504 6110224    0    0     0     0  844 1382  0  0 100  0  0 2025-08-25 13:49:13
 0  0      0 31425436   5504 6110224    0    0     0     0  815 1363  0  0 100  0  0 2025-08-25 13:49:14
 0  0      0 31425436   5504 6110224    0    0     0     4  861 1371  0  0 100  0  0 2025-08-25 13:49:15
 0  0      0 31425436   5504 6110224    0    0     0     0  881 1394  0  0 100  0  0 2025-08-25 13:49:16
 0  0      0 31425436   5504 6110224    0    0     0    48  859 1381  0  0 100  0  0 2025-08-25 13:49:17
 0  0      0 31425840   5504 6110224    0    0     0     0  904 1389  0  0 100  0  0 2025-08-25 13:49:18
 0  0      0 31425840   5504 6110224    0    0     0     0  794 1353  0  0 100  0  0 2025-08-25 13:49:19
 0  0      0 31426144   5504 6110224    0    0     0     0  860 1420  0  0 100  0  0 2025-08-25 13:49:20
 0  0      0 31426144   5504 6110224    0    0     0     4  906 1428  0  0 100  0  0 2025-08-25 13:49:21
 0  0      0 31426144   5504 6110224    0    0     0    56  966 1419  0  0 100  0  0 2025-08-25 13:49:22
 0  0      0 31425912   5504 6110224    0    0     0     0 4072 4378  0  0 100  0  0 2025-08-25 13:49:23
 0  0      0 31425912   5504 6110224    0    0     0     4  876 1406  0  0 100  0  0 2025-08-25 13:49:24
 0  0      0 31425912   5504 6110224    0    0     0    25  854 1383  0  0 100  0  0 2025-08-25 13:49:25
 0  0      0 31425912   5504 6110224    0    0     0     0  782 1357  0  0 100  0  0 2025-08-25 13:49:26
 0  0      0 31425912   5504 6110224    0    0     0    60  797 1365  0  0 100  0  0 2025-08-25 13:49:27
 0  0      0 31425912   5504 6110224    0    0     0     0  996 1737  0  0 100  0  0 2025-08-25 13:49:28
 0  0      0 31425912   5504 6110224    0    0     0     0  857 1366  0  0 100  0  0 2025-08-25 13:49:29
 0  0      0 31425912   5504 6110224    0    0     0     0  909 1386  0  0 100  0  0 2025-08-25 13:49:30
 0  0      0 31425912   5504 6110224    0    0     0     0  866 1367  0  0 100  0  0 2025-08-25 13:49:31
 0  0      0 31425912   5504 6110224    0    0     0    64  866 1408  0  0 100  0  0 2025-08-25 13:49:32
 0  0      0 31425912   5504 6110224    0    0     0     4  848 1382  0  0 100  0  0 2025-08-25 13:49:33
 0  0      0 31425912   5504 6110224    0    0     0     0  850 1366  0  0 100  0  0 2025-08-25 13:49:34
 0  0      0 31425912   5504 6110224    0    0     0     0  865 1381  0  0 100  0  0 2025-08-25 13:49:35
 0  0      0 31425912   5504 6110224    0    0     0     0  899 1428  0  0 100  0  0 2025-08-25 13:49:36
 0  0      0 31425912   5504 6110228    0    0     0    44  842 1370  0  0 100  0  0 2025-08-25 13:49:37
 0  0      0 31425764   5504 6110228    0    0     0     0  883 1387  0  0 100  0  0 2025-08-25 13:49:38
 0  0      0 31425764   5504 6110228    0    0     0     8  875 1377  0  0 100  0  0 2025-08-25 13:49:39
 1  0      0 31425764   5504 6110228    0    0     0     0  854 1381  0  0 100  0  0 2025-08-25 13:49:40
 0  0      0 31425936   5504 6110228    0    0     0     0  814 1374  0  0 100  0  0 2025-08-25 13:49:41
 0  0      0 31425936   5504 6110228    0    0     0     0  794 1347  0  0 100  0  0 2025-08-25 13:49:42
 0  0      0 31425936   5504 6110228    0    0     0    56  833 1385  0  0 100  0  0 2025-08-25 13:49:43
 0  0      0 31425936   5504 6110228    0    0     0     0  903 1436  0  0 100  0  0 2025-08-25 13:49:44
 0  0      0 31425936   5504 6110228    0    0     0     4  839 1371  0  0 100  0  0 2025-08-25 13:49:45
 0  0      0 31425936   5504 6110228    0    0     0     0 3939 4289  0  0 100  0  0 2025-08-25 13:49:46
 0  0      0 31425936   5504 6110228    0    0     0     0  889 1373  0  0 100  0  0 2025-08-25 13:49:47
 0  0      0 31425936   5504 6110228    0    0     0    40  832 1402  0  0 100  0  0 2025-08-25 13:49:48
 0  0      0 31425936   5504 6110228    0    0     0     0  853 1357  0  0 100  0  0 2025-08-25 13:49:49
 0  0      0 31425936   5504 6110228    0    0     0     0  824 1359  0  0 100  0  0 2025-08-25 13:49:50
 0  0      0 31425936   5504 6110228    0    0     0     4  850 1362  0  0 100  0  0 2025-08-25 13:49:51
 0  0      0 31425936   5504 6110228    0    0     0     0  822 1375  0  0 100  0  0 2025-08-25 13:49:52
 0  0      0 31425936   5504 6110228    0    0     0    40  876 1394  0  0 100  0  0 2025-08-25 13:49:53
 0  0      0 31425936   5504 6110228    0    0     0     0  812 1358  0  0 100  0  0 2025-08-25 13:49:54
 0  0      0 31425936   5504 6110228    0    0     0    97  839 1400  0  0 100  0  0 2025-08-25 13:49:55
 0  0      0 31425936   5504 6110228    0    0     0     0  855 1406  0  0 100  0  0 2025-08-25 13:49:56
 0  0      0 31425936   5504 6110228    0    0     0     4  833 1334  0  0 100  0  0 2025-08-25 13:49:57
 0  0      0 31425432   5504 6110228    0    0     0    40  895 1391  0  0 100  0  0 2025-08-25 13:49:58
 0  0      0 31425432   5504 6110228    0    0     0     0  845 1378  0  0 100  0  0 2025-08-25 13:49:59
 0  0      0 31425432   5504 6110152    0    0     0    16 2628 3080  0  0 100  0  0 2025-08-25 13:50:00
 0  0      0 31425432   5504 6110152    0    0     0     0  846 1370  0  0 100  0  0 2025-08-25 13:50:01
 0  0      0 31425432   5504 6110152    0    0     0     0  781 1345  0  0 100  0  0 2025-08-25 13:50:02
 0  0      0 31425432   5504 6110152    0    0     0    68  835 1374  0  0 100  0  0 2025-08-25 13:50:03
 0  0      0 31425432   5504 6110152    0    0     0     0  910 1424  0  0 100  0  0 2025-08-25 13:50:04
 0  1      0 31425432   5504 6110152    0    0     0     8  800 1355  0  0 100  0  0 2025-08-25 13:50:05
 0  0      0 31425432   5504 6110152    0    0     0    84  880 1421  0  0 100  0  0 2025-08-25 13:50:06
 0  0      0 31425432   5504 6110152    0    0     0     0  947 1383  0  0 100  0  0 2025-08-25 13:50:07
 0  0      0 31425432   5504 6110152    0    0     0    40  835 1427  0  0 100  0  0 2025-08-25 13:50:08
 0  0      0 31425432   5504 6110152    0    0     0     4  906 1403  0  0 100  0  0 2025-08-25 13:50:09
 0  0      0 31425432   5504 6110152    0    0     0     0  857 1414  0  0 100  0  0 2025-08-25 13:50:10
 0  0      0 31425432   5504 6110152    0    0     0     0  891 1392  0  0 100  0  0 2025-08-25 13:50:11
 0  0      0 31425432   5504 6110152    0    0     0     0  891 1402  0  0 100  0  0 2025-08-25 13:50:12
 0  0      0 31425432   5504 6110152    0    0     0    52  872 1396  0  0 100  0  0 2025-08-25 13:50:13
 0  0      0 31425432   5504 6110152    0    0     0     0  827 1378  0  0 100  0  0 2025-08-25 13:50:14
 0  0      0 31425432   5504 6110156    0    0     0     8  880 1388  0  0 100  0  0 2025-08-25 13:50:15
 0  0      0 31425432   5504 6110156    0    0     0     0  875 1409  0  0 100  0  0 2025-08-25 13:50:16
 0  0      0 31425432   5504 6110156    0    0     0     0  844 1365  0  0 100  0  0 2025-08-25 13:50:17
 0  0      0 31425080   5504 6110156    0    0     0    60  900 1394  0  0 100  0  0 2025-08-25 13:50:18
 0  0      0 31425392   5504 6110156    0    0     0     0  859 1394  0  0 100  0  0 2025-08-25 13:50:19
 0  0      0 31425392   5504 6110156    0    0     0     0 1105 1446  0  0 100  0  0 2025-08-25 13:50:20
 0  0      0 31425392   5504 6110156    0    0     0     4  899 1398  0  0 100  0  0 2025-08-25 13:50:21
 0  0      0 31425392   5504 6110156    0    0     0     0  793 1338  0  0 100  0  0 2025-08-25 13:50:22
 1  0      0 31425392   5504 6110156    0    0     0    48 1196 1901  0  0 100  0  0 2025-08-25 13:50:23
 0  0      0 31425392   5504 6110156    0    0     0     0 3644 3826  0  0 100  0  0 2025-08-25 13:50:24
 0  0      0 31425392   5504 6110156    0    0     0     0  838 1354  0  0 100  0  0 2025-08-25 13:50:25
 1  0      0 31425392   5504 6110156    0    0     0    44 1027 1451  0  0 100  0  0 2025-08-25 13:50:26
 0  0      0 31425392   5504 6110156    0    0     0     4 1002 1380  0  0 100  0  0 2025-08-25 13:50:27
 0  0      0 31425392   5504 6110156    0    0     0     0  842 1403  0  0 100  0  0 2025-08-25 13:50:28
 0  0      0 31425392   5504 6110156    0    0     0    64 1065 1734  0  0 100  0  0 2025-08-25 13:50:29
 0  0      0 31425392   5504 6110156    0    0     0     0  830 1355  0  0 100  0  0 2025-08-25 13:50:30
 0  0      0 31425392   5504 6110156    0    0     0     0 1004 1378  0  0 100  0  0 2025-08-25 13:50:31
 0  0      0 31425392   5504 6110156    0    0     0     0  858 1388  0  0 100  0  0 2025-08-25 13:50:32
 0  0      0 31425392   5504 6110156    0    0     0     4 1045 1384  0  0 100  0  0 2025-08-25 13:50:33
 0  0      0 31425392   5504 6110156    0    0     0    40  825 1366  0  0 100  0  0 2025-08-25 13:50:34
 0  0      0 31425392   5504 6110156    0    0     0     0  855 1370  0  0 100  0  0 2025-08-25 13:50:35
 0  0      0 31425392   5504 6110156    0    0     0     0  880 1433  0  0 100  0  0 2025-08-25 13:50:36
 0  0      0 31425392   5504 6110156    0    0     0     0  804 1343  0  0 100  0  0 2025-08-25 13:50:37
 0  0      0 31423628   5504 6110156    0    0     0     0  875 1389  0  0 100  0  0 2025-08-25 13:50:38
 0  0      0 31423880   5504 6110156    0    0     0    44  854 1394  0  0 100  0  0 2025-08-25 13:50:39
 0  0      0 31423628   5504 6110156    0    0     0     0  861 1386  0  0 100  0  0 2025-08-25 13:50:40
 1  0      0 31423628   5504 6110156    0    0     0     0  862 1386  0  0 100  0  0 2025-08-25 13:50:41
 0  0      0 31423628   5504 6110156    0    0     0     0 1904 1916  0  0 100  0  0 2025-08-25 13:50:42
 0  0      0 31423628   5504 6110156    0    0     0     0 1845 1959  0  0 100  0  0 2025-08-25 13:50:43
 0  0      0 31423628   5504 6110156    0    0     0    56 1606 1762  0  0 100  0  0 2025-08-25 13:50:44
 0  0      0 31423628   5504 6110156    0    0     0     4  891 1388  0  0 100  0  0 2025-08-25 13:50:45
 0  0      0 31423628   5504 6110156    0    0     0     0 4044 4330  0  0 100  0  0 2025-08-25 13:50:46
 0  0      0 31423628   5504 6110156    0    0     0     0 1079 1406  0  0 100  0  0 2025-08-25 13:50:47
 0  0      0 31423628   5504 6110156    0    0     0     0  911 1417  0  0 100  0  0 2025-08-25 13:50:48
 0  0      0 31423628   5504 6110156    0    0     0    48 1040 1403  0  0 100  0  0 2025-08-25 13:50:49
 0  0      0 31423628   5504 6110156    0    0     0     0  806 1340  0  0 100  0  0 2025-08-25 13:50:50
 0  0      0 31423628   5504 6110156    0    0     0     4  852 1393  0  0 100  0  0 2025-08-25 13:50:51
 0  0      0 31423628   5504 6110156    0    0     0     0  986 1392  0  0 100  0  0 2025-08-25 13:50:52
 0  0      0 31423628   5504 6110156    0    0     0     0  826 1366  0  0 100  0  0 2025-08-25 13:50:53
 0  0      0 31423628   5504 6110156    0    0     0    48  968 1370  0  0 100  0  0 2025-08-25 13:50:54
 0  0      0 31423628   5504 6110156    0    0     0     0  830 1358  0  0 100  0  0 2025-08-25 13:50:55
 0  0      0 31423628   5504 6110160    0    0     0   222 1044 1480  0  0 100  0  0 2025-08-25 13:50:56
 0  0      0 31423628   5504 6110160    0    0     0     8  939 1410  0  0 100  0  0 2025-08-25 13:50:57
 0  0      0 31423628   5504 6110160    0    0     0     0 1178 1432  0  0 100  0  0 2025-08-25 13:50:58
 0  0      0 31423628   5504 6110160    0    0     0    44  869 1389  0  0 100  0  0 2025-08-25 13:50:59
 0  0      0 31423376   5504 6110288    0    0     0    16 2561 3031  0  0 100  0  0 2025-08-25 13:51:00
 0  0      0 31423376   5504 6110288    0    0     0     0 1037 1380  0  0 100  0  0 2025-08-25 13:51:01
 0  0      0 31423376   5504 6110288    0    0     0     0  890 1376  0  0 100  0  0 2025-08-25 13:51:02
 0  0      0 31423376   5504 6110288    0    0     0     4  880 1378  0  0 100  0  0 2025-08-25 13:51:03
 1  0      0 31423376   5504 6110288    0    0     0    48 1044 1410  0  0 100  0  0 2025-08-25 13:51:04
 0  0      0 31423376   5504 6110288    0    0     0     0  843 1369  0  0 100  0  0 2025-08-25 13:51:05
 0  0      0 31423376   5504 6110288    0    0     0     0  837 1380  0  0 100  0  0 2025-08-25 13:51:06
 0  0      0 31423376   5504 6110288    0    0     0     8  916 1402  0  0 100  0  0 2025-08-25 13:51:07
 0  0      0 31423376   5504 6110288    0    0     0     0  896 1414  0  0 100  0  0 2025-08-25 13:51:08
 0  0      0 31423376   5504 6110288    0    0     0     4  957 1417  0  0 100  0  0 2025-08-25 13:51:09
 0  0      0 31423376   5504 6110288    0    0     0    40  856 1450  0  0 100  0  0 2025-08-25 13:51:10
 0  0      0 31423376   5504 6110288    0    0     0     0  908 1391  0  0 100  0  0 2025-08-25 13:51:11
 0  0      0 31423376   5504 6110288    0    0     0     0  907 1408  0  0 100  0  0 2025-08-25 13:51:12
 0  0      0 31423376   5504 6110288    0    0     0     0  985 1421  0  0 100  0  0 2025-08-25 13:51:13
 0  0      0 31423376   5504 6110288    0    0     0     4  845 1370  0  0 100  0  0 2025-08-25 13:51:14
 0  0      0 31423376   5504 6110288    0    0     0    44  861 1382  0  0 100  0  0 2025-08-25 13:51:15
 0  0      0 31423376   5504 6110288    0    0     0     0  847 1415  0  0 100  0  0 2025-08-25 13:51:16
 0  0      0 31423376   5504 6110288    0    0     0     0  852 1373  0  0 100  0  0 2025-08-25 13:51:17
 0  0      0 31422620   5504 6110288    0    0     0     0  874 1381  0  0 100  0  0 2025-08-25 13:51:18
 0  0      0 31422620   5504 6110288    0    0     0     0  824 1376  0  0 100  0  0 2025-08-25 13:51:19
 0  0      0 31422620   5504 6110288    0    0     0    60  819 1389  0  0 100  0  0 2025-08-25 13:51:20
 0  0      0 31422620   5504 6110288    0    0     0     0  826 1354  0  0 100  0  0 2025-08-25 13:51:21
 0  0      0 31422620   5504 6110288    0    0     0     0  779 1330  0  0 100  0  0 2025-08-25 13:51:22
 0  0      0 31422620   5504 6110288    0    0     0     0 3946 4352  0  0 100  0  0 2025-08-25 13:51:23
 0  0      0 31422620   5504 6110288    0    0     0     0  847 1376  0  0 100  0  0 2025-08-25 13:51:24
 0  0      0 31422620   5504 6110288    0    0     0    56  853 1362  0  0 100  0  0 2025-08-25 13:51:25
 0  0      0 31422620   5504 6110288    0    0     0    10  836 1411  0  0 100  0  0 2025-08-25 13:51:26
 0  0      0 31422620   5504 6110288    0    0     0     4  874 1409  0  0 100  0  0 2025-08-25 13:51:27
 0  0      0 31422620   5504 6110288    0    0     0     0  809 1345  0  0 100  0  0 2025-08-25 13:51:28
 0  0      0 31422620   5504 6110288    0    0     0     0  835 1341  0  0 100  0  0 2025-08-25 13:51:29
 0  0      0 31422620   5504 6110288    0    0     0    56  890 1401  0  0 100  0  0 2025-08-25 13:51:30
 0  0      0 31422620   5504 6110288    0    0     0     0 1170 1795  0  0 100  0  0 2025-08-25 13:51:31
 0  0      0 31422620   5504 6110288    0    0     0     4  839 1362  0  0 100  0  0 2025-08-25 13:51:32
 0  0      0 31422620   5504 6110292    0    0     0     0  791 1349  0  0 100  0  0 2025-08-25 13:51:33
 0  0      0 31422620   5504 6110292    0    0     0     0  819 1338  0  0 100  0  0 2025-08-25 13:51:34
 0  0      0 31422620   5504 6110292    0    0     0    40  856 1419  0  0 100  0  0 2025-08-25 13:51:35
 0  0      0 31422620   5504 6110292    0    0     0     0  948 1392  0  0 100  0  0 2025-08-25 13:51:36
 0  0      0 31422620   5504 6110292    0    0     0     0  827 1354  0  0 100  0  0 2025-08-25 13:51:37
 0  0      0 31423996   5504 6110292    0    0     0     8  916 1390  0  0 100  0  0 2025-08-25 13:51:38
 0  0      0 31423996   5504 6110292    0    0     0     0  875 1419  0  0 100  0  0 2025-08-25 13:51:39
 0  0      0 31423996   5504 6110292    0    0     0    48  820 1358  0  0 100  0  0 2025-08-25 13:51:40
 0  0      0 31423996   5504 6110292    0    0     0     0  797 1351  0  0 100  0  0 2025-08-25 13:51:41
 0  0      0 31423996   5504 6110292    0    0     0     0  836 1358  0  0 100  0  0 2025-08-25 13:51:42
 0  0      0 31423996   5504 6110292    0    0     0     0  869 1408  0  0 100  0  0 2025-08-25 13:51:43
 0  0      0 31423996   5504 6110292    0    0     0     4  843 1353  0  0 100  0  0 2025-08-25 13:51:44
 0  0      0 31423996   5504 6110292    0    0     0    56  836 1359  0  0 100  0  0 2025-08-25 13:51:45
 1  0      0 31423996   5504 6110292    0    0     0     0 3742 3886  0  0 100  0  0 2025-08-25 13:51:46
 0  0      0 31423996   5504 6110292    0    0     0     0 1149 1850  0  0 100  0  0 2025-08-25 13:51:47
 0  0      0 31423996   5504 6110292    0    0     0     0  831 1358  0  0 100  0  0 2025-08-25 13:51:48
 0  0      0 31423996   5504 6110292    0    0     0     0  871 1357  0  0 100  0  0 2025-08-25 13:51:49
 0  0      0 31423996   5504 6110292    0    0     0    48  823 1363  0  0 100  0  0 2025-08-25 13:51:50
 0  0      0 31423996   5504 6110292    0    0     0     0  907 1422  0  0 100  0  0 2025-08-25 13:51:51
 0  0      0 31423996   5504 6110292    0    0     0     0  826 1335  0  0 100  0  0 2025-08-25 13:51:52
 0  0      0 31423996   5504 6110292    0    0     0     0  906 1386  0  0 100  0  0 2025-08-25 13:51:53
 0  0      0 31423996   5504 6110292    0    0     0     0  796 1347  0  0 100  0  0 2025-08-25 13:51:54
 0  0      0 31423996   5504 6110292    0    0     0     0  831 1372  0  0 100  0  0 2025-08-25 13:51:55
 0  0      0 31423996   5504 6110292    0    0     0    81  830 1423  0  0 100  0  0 2025-08-25 13:51:56
 0  0      0 31423996   5504 6110292    0    0     0     0  847 1356  0  0 100  0  0 2025-08-25 13:51:57
 0  0      0 31423996   5504 6110292    0    0     0     8  888 1391  0  0 100  0  0 2025-08-25 13:51:58
 0  0      0 31423996   5504 6110292    0    0     0     0  867 1408  0  0 100  0  0 2025-08-25 13:51:59
 0  0      0 31423996   5504 6110164    0    0     0    16 2450 2894  0  0 100  0  0 2025-08-25 13:52:00
 0  0      0 31423996   5504 6110164    0    0     0    44  847 1362  0  0 100  0  0 2025-08-25 13:52:01
 0  0      0 31423996   5504 6110164    0    0     0     4  792 1344  0  0 100  0  0 2025-08-25 13:52:02
 0  0      0 31423996   5504 6110164    0    0     0     0  904 1412  0  0 100  0  0 2025-08-25 13:52:03
 0  0      0 31423996   5504 6110164    0    0     0     0  834 1353  0  0 100  0  0 2025-08-25 13:52:04
 0  0      0 31423996   5504 6110164    0    0     0     0  856 1367  0  0 100  0  0 2025-08-25 13:52:05
 0  0      0 31423996   5504 6110164    0    0     0    44  884 1390  0  0 100  0  0 2025-08-25 13:52:06
 0  0      0 31423996   5504 6110164    0    0     0     0  976 1407  0  0 100  0  0 2025-08-25 13:52:07
 0  0      0 31423996   5504 6110164    0    0     0    12  830 1378  0  0 100  0  0 2025-08-25 13:52:08
 0  0      0 31423996   5504 6110164    0    0     0     0  894 1401  0  0 100  0  0 2025-08-25 13:52:09
 0  0      0 31423996   5504 6110164    0    0     0     0  892 1462  0  0 100  0  0 2025-08-25 13:52:10
 0  0      0 31423996   5504 6110164    0    0     0    52  925 1429  0  0 100  0  0 2025-08-25 13:52:11
 0  0      0 31421980   5504 6113936    0    0     0     0 8897 7441  0  0 99  0  0 2025-08-25 13:52:12
 0  0      0 31418200   5504 6117888    0    0     0     0 9530 7554  0  1 99  0  0 2025-08-25 13:52:13
 0  0      0 31412152   5504 6123848    0    0     0     8 11668 9171  0  1 99  0  0 2025-08-25 13:52:14
 0  0      0 31406608   5504 6129148    0    0     0     0 11972 9355  0  1 99  0  0 2025-08-25 13:52:15
 0  0      0 31400560   5504 6135108    0    0     0    48 12907 9986  0  1 99  0  0 2025-08-25 13:52:16
 0  0      0 31394512   5504 6140936    0    0     0  8192 12179 9488  0  1 99  0  0 2025-08-25 13:52:17
 0  0      0 31389228   5504 6146728    0    0     0     0 12754 9735  0  1 99  0  0 2025-08-25 13:52:18
 2  0      0 31341624   5504 6190400    0    0     0     8 9458 8757  5  1 94  0  0 2025-08-25 13:52:19
 1  0      0 31341624   5504 6190472    0    0     0     4 4772 9461 10  0 89  0  0 2025-08-25 13:52:20
 1  0      0 31317192   5504 6205964    0    0     0    72 2766 2871  6  0 93  0  0 2025-08-25 13:52:21
 1  0      0 31298292   5504 6223236    0    0     0 31924 3418 4631  7  0 92  0  0 2025-08-25 13:52:22
 1  0      0 31273288   5504 6239608    0    0     0     0 5631 6177  7  0 93  0  0 2025-08-25 13:52:23
 1  0      0 31191360   5504 6253464    0    0     0 63340 2964 3757  6  0 94  0  0 2025-08-25 13:52:24
13  0      0 31016592   5504 6253908    0    0     0    58 11001 4988 36  7 57  0  0 2025-08-25 13:52:25
13  0      0 30674472   5504 6253908    0    0     0   558 12837 4727 42  8 49  0  0 2025-08-25 13:52:26
13  0      0 30965992   5504 6253908    0    0     0     0 13625 4424 45  9 46  0  0 2025-08-25 13:52:27
13  0      0 30768036   5504 6253908    0    0     0    24 12979 4707 43  9 48  0  0 2025-08-25 13:52:28
 3  0      0 30925396   5504 6253908    0    0     0 36020 13489 4387 44  9 47  0  0 2025-08-25 13:52:29
 7  0      0 30715248   5504 6253908    0    0     0     0 12699 5712 42  9 49  0  0 2025-08-25 13:52:30
13  0      0 30954432   5504 6253908    0    0     0    60 13334 4442 44  9 47  0  0 2025-08-25 13:52:31
13  0      0 30600508   5504 6253908    0    0     0     4 12906 4934 42  9 49  0  0 2025-08-25 13:52:32
 7  0      0 30894384   5504 6253908    0    0     0     0 13441 4501 44 10 47  0  0 2025-08-25 13:52:33
13  0      0 30633220   5504 6253908    0    0     0     0 13057 5818 42  9 49  0  0 2025-08-25 13:52:34
 7  0      0 30856140   5504 6253908    0    0     0     0 13578 4447 44  9 47  0  0 2025-08-25 13:52:35
 7  0      0 30493596   5504 6253908    0    0     0     0 13119 4664 42  9 50  0  0 2025-08-25 13:52:36
14  0      0 30915092   5504 6253908    0    0     0    64 13556 4557 43  9 47  0  0 2025-08-25 13:52:37
 8  0      0 30455500   5504 6253908    0    0     0     4 13055 4687 43  9 49  0  0 2025-08-25 13:52:38
13  0      0 30704772   5504 6253908    0    0     0     0 13382 5552 43  9 48  0  0 2025-08-25 13:52:39
13  0      0 30572096   5504 6253908    0    0     0     0 12824 4491 43  8 49  0  0 2025-08-25 13:52:40
13  0      0 30917644   5504 6253908    0    0     0     0 13570 4534 44  9 47  0  0 2025-08-25 13:52:41
 6  0      0 30506432   5504 6253908    0    0     0    68 13762 5172 43  9 48  0  0 2025-08-25 13:52:42
13  0      0 30940120   5504 6253908    0    0     0     0 14262 5101 44  9 47  0  0 2025-08-25 13:52:43
14  0      0 30580596   5504 6253908    0    0     0     4 13583 5979 42  9 49  0  0 2025-08-25 13:52:44
13  0      0 30858708   5504 6253908    0    0     0     0 13397 4366 44  9 47  0  0 2025-08-25 13:52:45
 4  0      0 30440244   5504 6253908    0    0     0     0 15121 7457 43  9 48  0  0 2025-08-25 13:52:46
 7  0      0 30739100   5504 6253908    0    0     0    52 13426 4449 44  9 47  0  0 2025-08-25 13:52:47
13  0      0 30909024   5504 6253908    0    0     0     0 13050 4894 43  9 48  0  0 2025-08-25 13:52:48
13  0      0 30888144   5504 6253908    0    0     0     0 13278 5303 44  9 47  0  0 2025-08-25 13:52:49
 3  0      0 30950664   5504 6253908    0    0     0     4 12902 4686 44  9 48  0  0 2025-08-25 13:52:50
13  0      0 30946476   5504 6253912    0    0     0     0 13174 4295 43  9 48  0  0 2025-08-25 13:52:51
 2  0      0 30883436   5504 6253912    0    0     0    52 13091 4853 43  9 48  0  0 2025-08-25 13:52:52
 6  0      0 30948912   5504 6253912    0    0     0     0 13430 5284 45  8 46  0  0 2025-08-25 13:52:53
13  0      0 30900824   5504 6253912    0    0     0     0 12815 4719 43  9 49  0  0 2025-08-25 13:52:54
 2  0      0 30986332   5504 6253912    0    0     0  3576 13482 4494 45  9 46  0  0 2025-08-25 13:52:55
13  0      0 30842320   5504 6253912    0    0     0   711 13468 4737 44 10 47  0  0 2025-08-25 13:52:56
13  0      0 30702880   5504 6253912    0    0     0    46 13146 4532 44  8 48  0  0 2025-08-25 13:52:57
13  0      0 30687904   5504 6253912    0    0     0     0 13611 5630 43 10 47  0  0 2025-08-25 13:52:58
13  0      0 30887520   5504 6253912    0    0     0     8 13276 4307 44  8 48  0  0 2025-08-25 13:52:59
11  0      0 30441212   5504 6254048    0    0     0    24 14296 5983 44  9 47  0  0 2025-08-25 13:53:00
13  0      0 30717992   5504 6254048    0    0     0     0 13123 4292 44  9 47  0  0 2025-08-25 13:53:01
 9  0      0 30842284   5504 6254048    0    0     0    48 13203 4290 44  8 47  0  0 2025-08-25 13:53:02
 4  0      0 30440072   5504 6254048    0    0     0     0 14175 9691 43  9 48  0  0 2025-08-25 13:53:03
13  0      0 30832260   5504 6254048    0    0     0     0 13148 4324 44  9 47  0  0 2025-08-25 13:53:04
11  0      0 30856220   5504 6254048    0    0     0     0 13068 4188 44  8 48  0  0 2025-08-25 13:53:05
13  0      0 30650556   5504 6254048    0    0     0     0 13206 4454 45  9 46  0  0 2025-08-25 13:53:06
13  0      0 30781708   5504 6254048    0    0     0    60 13634 4224 45  9 46  0  0 2025-08-25 13:53:07
 9  0      0 30849544   5504 6254048    0    0     0     4 13242 5292 45  8 47  0  0 2025-08-25 13:53:08
 4  0      0 30607604   5504 6254048    0    0     0     8 13261 4459 44  9 47  0  0 2025-08-25 13:53:09
13  0      0 30819872   5504 6254048    0    0     0     0 13412 4475 44  9 47  0  0 2025-08-25 13:53:10
13  0      0 30878352   5504 6254048    0    0     0     0 12892 4404 43  8 49  0  0 2025-08-25 13:53:11
 7  0      0 30914228   5504 6254048    0    0     0    52 12912 4334 44  9 48  0  0 2025-08-25 13:53:12
13  0      0 30814020   5504 6254048    0    0     0     0 13312 4182 44  9 47  0  0 2025-08-25 13:53:13
 3  0      0 30871308   5504 6254048    0    0     0     4 13337 5225 45  8 47  0  0 2025-08-25 13:53:14
 5  0      0 30675692   5504 6254048    0    0     0     0 13077 4453 43  9 48  0  0 2025-08-25 13:53:15
13  0      0 30675292   5504 6254048    0    0     0     0 13462 4405 45  9 46  0  0 2025-08-25 13:53:16
 5  0      0 30894292   5504 6254048    0    0     0    60 12756 4353 43  8 50  0  0 2025-08-25 13:53:17
 7  0      0 30786136   5504 6254048    0    0     0     0 13441 4556 44  9 47  0  0 2025-08-25 13:53:18
 4  0      0 30746584   5504 6213936    0    0     0     0 13729 5034 44 10 46  0  0 2025-08-25 13:53:19
13  0      0 30985088   5504 6213936    0    0     0     4 12683 4185 43  8 50  0  0 2025-08-25 13:53:20
13  0      0 30446024   5504 6213936    0    0     0     0 13107 4420 43  9 48  0  0 2025-08-25 13:53:21
13  0      0 30885980   5504 6213936    0    0     0     0 13288 4229 44  9 47  0  0 2025-08-25 13:53:22
 8  0      0 30947532   5504 6213936    0    0     0    56 15749 7471 46  8 46  0  0 2025-08-25 13:53:23
 2  0      0 30724112   5504 6213936    0    0     0    12 13168 5342 43  9 48  0  0 2025-08-25 13:53:24
 7  0      0 30766320   5504 6213936    0    0     0     0 13462 4181 44 10 46  0  0 2025-08-25 13:53:25
 7  0      0 30910680   5504 6213936    0    0     0     4 13222 4420 45  8 47  0  0 2025-08-25 13:53:26
13  0      0 30820864   5504 6213936    0    0     0   128 13116 4717 43  9 48  0  0 2025-08-25 13:53:27
13  0      0 30819908   5504 6213936    0    0     0    64 13862 4386 45 10 45  0  0 2025-08-25 13:53:28
13  0      0 30693264   5504 6213936    0    0     0     0 13043 5486 44  8 48  0  0 2025-08-25 13:53:29
 7  0      0 30798820   5504 6213940    0    0     0    12 13222 4894 43  8 48  0  0 2025-08-25 13:53:30
13  0      0 30834828   5504 6213940    0    0     0     0 13417 4233 44  9 47  0  0 2025-08-25 13:53:31
 3  0      0 30893952   5504 6213940    0    0     0     8 13017 4407 44  8 48  0  0 2025-08-25 13:53:32
 9  0      0 30921768   5504 6213940    0    0     0   100 13515 4971 44  9 47  0  0 2025-08-25 13:53:33
13  0      0 30837528   5504 6213940    0    0     0     0 13520 5060 45  9 46  0  0 2025-08-25 13:53:34
13  0      0 30858516   5504 6213940    0    0     0     0 12772 4389 43  8 50  0  0 2025-08-25 13:53:35
 7  0      0 30837148   5504 6213940    0    0     0     0 13223 4536 43  9 48  0  0 2025-08-25 13:53:36
13  0      0 30817796   5504 6213940    0    0     0     0 13791 4296 45 10 45  0  0 2025-08-25 13:53:37
13  0      0 30853432   5504 6213940    0    0     0    60 13034 4493 43  8 49  0  0 2025-08-25 13:53:38
 6  0      0 30967396   5504 6213940    0    0     0     0 13263 5408 43  9 48  0  0 2025-08-25 13:53:39
13  0      0 30845180   5504 6213940    0    0     0     0 13157 4119 43  9 47  0  0 2025-08-25 13:53:40
 5  0      0 30947256   5504 6213940    0    0     0     0 12644 4278 43  8 49  0  0 2025-08-25 13:53:41
 9  0      0 30970120   5504 6213940    0    0     0     0 13097 4550 43  9 48  0  0 2025-08-25 13:53:42
13  0      0 30777196   5504 6213940    0    0     0    60 13405 4291 44  9 47  0  0 2025-08-25 13:53:43
13  0      0 30953012   5504 6213940    0    0     0     4 13092 5446 44  8 48  0  0 2025-08-25 13:53:44
 7  0      0 30701424   5504 6213940    0    0     0     0 12958 4383 43  9 48  0  0 2025-08-25 13:53:45
13  0      0 30837500   5504 6213940    0    0     0     0 15782 7285 45  9 46  0  0 2025-08-25 13:53:46
 4  0      0 30859344   5504 6213940    0    0     0     0 13164 4397 44  8 48  0  0 2025-08-25 13:53:47
13  0      0 30834676   5504 6213940    0    0     0    56 13576 4643 44  9 46  0  0 2025-08-25 13:53:48
13  0      0 30809540   5504 6213940    0    0     0     0 13344 4121 44  9 47  0  0 2025-08-25 13:53:49
 4  0      0 30758708   5504 6213940    0    0     0     4 13361 5235 46  8 47  0  0 2025-08-25 13:53:50
 7  0      0 30894492   5504 6213940    0    0     0     0 13310 4512 43  9 48  0  0 2025-08-25 13:53:51
12  0      0 30725052   5504 6213940    0    0     0     0 13221 4151 43 10 47  0  0 2025-08-25 13:53:52
 9  0      0 30840484   5504 6213940    0    0     0    48 13179 4510 44  8 48  0  0 2025-08-25 13:53:53
 2  0      0 30980320   5504 6213940    0    0     0     0 13189 4463 43  9 48  0  0 2025-08-25 13:53:54
13  0      0 30824076   5504 6213940    0    0     0     0 13815 5130 46  9 44  0  0 2025-08-25 13:53:55
12  0      0 30652752   5504 6213940    0    0     0     4 12990 4475 44  8 48  0  0 2025-08-25 13:53:56
13  0      0 30892028   5504 6213940    0    0     0   119 13464 4572 45  9 46  0  0 2025-08-25 13:53:57
 7  0      0 30879640   5504 6213940    0    0     0    48 13246 4142 44  9 47  0  0 2025-08-25 13:53:58
 8  0      0 30646952   5504 6213940    0    0     0     0 12709 4562 42  8 50  0  0 2025-08-25 13:53:59
13  0      0 30910272   5504 6213940    0    0     0    32 14605 7343 43  9 47  0  0 2025-08-25 13:54:00
13  0      0 30921048   5504 6213940    0    0     0     0 13264 4090 44  9 47  0  0 2025-08-25 13:54:01
13  0      0 30714756   5504 6213940    0    0     0     4 12879 4552 43  8 49  0  0 2025-08-25 13:54:02
13  0      0 30978568   5504 6213940    0    0     0     0 13349 4504 44  9 47  0  0 2025-08-25 13:54:03
 7  0      0 30971848   5504 6213940    0    0     0    52 13501 4060 45  9 46  0  0 2025-08-25 13:54:04
 8  0      0 30732072   5504 6213940    0    0     0     0 13004 5340 44  8 48  0  0 2025-08-25 13:54:05
13  0      0 30976212   5504 6213940    0    0     0     0 13047 4547 43  9 48  0  0 2025-08-25 13:54:06
 6  0      0 30972780   5504 6213940    0    0     0     0 13712 4119 46  9 45  0  0 2025-08-25 13:54:07
13  0      0 30662184   5504 6213940    0    0     0     4 13008 4520 44  9 48  0  0 2025-08-25 13:54:08
13  0      0 30974092   5504 6213944    0    0     0    52 13386 4443 45  9 46  0  0 2025-08-25 13:54:09
 2  0      0 30928416   5504 6213944    0    0     0     8 13208 5215 44  9 47  0  0 2025-08-25 13:54:10
 5  0      0 30555968   5504 6213944    0    0     0     0 12924 4569 43  8 49  0  0 2025-08-25 13:54:11
13  0      0 30975200   5504 6213944    0    0     0     0 13160 4455 43  9 47  0  0 2025-08-25 13:54:12
 3  0      0 30989908   5504 6213944    0    0     0     0 13271 4126 44  9 47  0  0 2025-08-25 13:54:13
13  0      0 30651296   5504 6213944    0    0     0    64 13036 4593 43  9 48  0  0 2025-08-25 13:54:14
 8  0      0 30862376   5504 6213944    0    0     0     0 12960 6056 43  8 49  0  0 2025-08-25 13:54:15
13  0      0 31043948   5504 6213944    0    0     0     0 12944 7020 42  8 50  0  0 2025-08-25 13:54:16
13  0      0 31090928   5504 6213944    0    0     0     0 13089 6647 42  8 50  0  0 2025-08-25 13:54:17
 4  0      0 31104928   5504 6213948    0    0     0    20 9262 4324 29  4 67  0  0 2025-08-25 13:54:18
 4  0      0 31033272   5504 6213928    0    0     0   120 14487 24732 47  1 52  0  0 2025-08-25 13:54:19
16  0      0 31007380   5504 6213984    0    0     0   268 20459 39737 64  2 34  0  0 2025-08-25 13:54:20
17  0      0 31029088   5504 6213964    0    0     0    88 20137 40552 64  2 34  0  0 2025-08-25 13:54:21
 4  0      0 31047916   5504 6213992    0    0     0   152 16402 32760 55  1 45  0  0 2025-08-25 13:54:22
 4  0      0 31056528   5504 6213972    0    0     0   280 19921 44931 60  2 38  0  0 2025-08-25 13:54:23
17  0      0 31059104   5504 6214232    0    0     0   188 10417 15697 36  0 64  0  0 2025-08-25 13:54:24
 4  0      0 31049600   5504 6214260    0    0     0   152 17793 33964 58  1 41  0  0 2025-08-25 13:54:25
 4  0      0 31112068   5504 6213984    0    0     0   376 18279 36565 61  2 37  0  0 2025-08-25 13:54:26
24  0      0 31142820   5504 6214040    0    0     0   336 17656 36042 56  1 43  0  0 2025-08-25 13:54:27
 8  0      0 31182184   5504 6214052    0    0     0   228 16664 34388 54  2 44  0  0 2025-08-25 13:54:28
21  0      0 31173312   5504 6214120    0    0     0   488 20305 41439 65  1 33  0  0 2025-08-25 13:54:29
17  0      0 31223908   5504 6214176    0    0     0   132 19141 37123 63  2 35  0  0 2025-08-25 13:54:30
16  0      0 31234464   5504 6214188    0    0     0   132 12156 19212 41  1 59  0  0 2025-08-25 13:54:31
32  0      0 31290692   5504 6214304    0    0     0   376 23792 52991 75  2 23  0  0 2025-08-25 13:54:32
 4  0      0 31271932   5504 6214260    0    0     0    52 25858 52320 81  2 17  0  0 2025-08-25 13:54:33
 4  0      0 31313548   5504 6214268    0    0     0   164 18494 39217 60  2 38  0  0 2025-08-25 13:54:34
 8  0      0 31299860   5504 6214320    0    0     0   140 13200 23636 44  1 55  0  0 2025-08-25 13:54:35
19  0      0 31330800   5504 6214308    0    0     0   228 18967 37558 59  2 39  0  0 2025-08-25 13:54:36
 4  0      0 31341036   5504 6214368    0    0     0    60 16067 29105 52  1 47  0  0 2025-08-25 13:54:37
 8  0      0 31365452   5504 6214360    0    0     0   148 13915 24380 45  1 54  0  0 2025-08-25 13:54:38
18  0      0 31371740   5504 6214476    0    0     0   452 23028 51660 73  1 26  0  0 2025-08-25 13:54:39
17  0      0 31380732   5504 6214448    0    0     0   148 10871 14894 36  1 63  0  0 2025-08-25 13:54:40
14  0      0 31384656   5504 6214332    0    0     0   200 18540 38337 63  1 37  0  0 2025-08-25 13:54:41
 4  0      0 31400292   5504 6214376    0    0     0   260 17891 35660 59  1 40  0  0 2025-08-25 13:54:42
10  0      0 31411288   5504 6214220    0    0     0   168 22702 44448 70  1 29  0  0 2025-08-25 13:54:43
21  0      0 31409420   5504 6214272    0    0     0   328 15460 30065 49  1 51  0  0 2025-08-25 13:54:44
18  0      0 31418720   5504 6214112    0    0     0    88 25221 49353 77  2 20  0  0 2025-08-25 13:54:45
 9  0      0 31403964   5504 6214132    0    0     0    84 17381 33367 58  1 41  0  0 2025-08-25 13:54:46
15  0      0 31429320   5504 6214160    0    0     0   184 19418 42198 62  1 36  0  0 2025-08-25 13:54:47
 4  0      0 31416116   5504 6214792    0    0     0   120 17927 37336 58  2 40  0  0 2025-08-25 13:54:48
 6  0      0 31407836   5504 6214800    0    0     0   856 16082 32111 56  1 43  0  0 2025-08-25 13:54:49
 8  0      0 31417120   5504 6214728    0    0     0   528 18833 40404 64  1 35  0  0 2025-08-25 13:54:50
17  0      0 31410152   5504 6214732    0    0     0   312 15917 30862 52  1 48  0  0 2025-08-25 13:54:51
 4  0      0 31441884   5504 6214468    0    0     0   552 17502 34628 58  1 41  0  0 2025-08-25 13:54:52
16  0      0 31437596   5504 6215052    0    0     0   648 16950 25753 59  1 40  0  0 2025-08-25 13:54:53
17  0      0 31420700   5504 6214968    0    0     0   176 20933 39976 59  2 39  0  0 2025-08-25 13:54:54
17  0      0 31442948   5504 6214444    0    0     0   472 20251 41837 63  1 35  0  0 2025-08-25 13:54:55
 4  0      0 31446228   5504 6214340    0    0     0    92 18022 35951 59  1 40  0  0 2025-08-25 13:54:56
 4  0      0 31454472   5504 6214340    0    0     0   639 13863 24426 47  1 52  0  0 2025-08-25 13:54:57
 4  0      0 31462488   5504 6214352    0    0     0   140 13738 24210 46  2 53  0  0 2025-08-25 13:54:58
19  0      0 31442124   5504 6214424    0    0     0   172 18574 38659 62  1 37  0  0 2025-08-25 13:54:59
27  0      0 31462064   5504 6214748    0    0     0   356 21464 47057 66  2 32  0  0 2025-08-25 13:55:00
 4  0      0 31462972   5504 6214520    0    0     0   364 20690 42160 69  1 30  0  0 2025-08-25 13:55:01
 6  0      0 31543996   5504 6214244    0    0     0   192 22940 51607 71  1 28  0  0 2025-08-25 13:55:02
26  0      0 31538896   5504 6214300    0    0     0   212 14159 25583 46  1 53  0  0 2025-08-25 13:55:03
17  0      0 31565188   5504 6214268    0    0     0    76 22459 42851 70  2 28  0  0 2025-08-25 13:55:04
 5  0      0 31554276   5504 6214520    0    0     0   308 20321 41969 68  1 31  0  0 2025-08-25 13:55:05
 4  0      0 31564820   5504 6214772    0    0     0   464 18382 36263 61  1 38  0  0 2025-08-25 13:55:06
10  0      0 31573536   5504 6214620    0    0     0   248 19739 40761 62  2 37  0  0 2025-08-25 13:55:07
10  0      0 31565804   5504 6214696    0    0     0   348 21465 47838 69  2 29  0  0 2025-08-25 13:55:08
 4  0      0 31556464   5504 6214820    0    0     0   200 15967 33711 49  1 50  0  0 2025-08-25 13:55:09
17  0      0 31573856   5504 6214944    0    0     0  1160 16759 31420 54  1 44  0  0 2025-08-25 13:55:10
17  0      0 31580276   5504 6214640    0    0     0   176 14882 26509 51  1 48  0  0 2025-08-25 13:55:11
17  0      0 31561928   5504 6214588    0    0     0   376 18988 39996 62  1 37  0  0 2025-08-25 13:55:12
17  0      0 31568612   5504 6214624    0    0     0    84 21589 43523 67  2 32  0  0 2025-08-25 13:55:13
 4  0      0 31581272   5504 6215264    0    0     0   516 16553 32914 55  2 44  0  0 2025-08-25 13:55:14
12  0      0 31598320   5504 6215300    0    0     0   428 13361 22208 44  1 55  0  0 2025-08-25 13:55:15
21  0      0 31586208   5504 6215272    0    0     0   408 26040 56832 81  3 16  0  0 2025-08-25 13:55:16
18  0      0 31579616   5504 6215072    0    0     0   180 12822 21418 42  1 57  0  0 2025-08-25 13:55:17
24  0      0 31580784   5504 6214592    0    0     0   208 21645 44236 67  2 32  0  0 2025-08-25 13:55:18
17  0      0 31560352   5504 6214872    0    0     0   176 17653 36614 57  1 42  0  0 2025-08-25 13:55:19
18  0      0 31579464   5504 6215480    0    0     0  1108 22714 50027 72  2 26  0  0 2025-08-25 13:55:20
17  0      0 31586224   5504 6215532    0    0     0   192 15618 34548 53  1 46  0  0 2025-08-25 13:55:21
10  0      0 31590312   5504 6215336    0    0     0   228 17677 36798 59  1 40  0  0 2025-08-25 13:55:22
 4  0      0 31601500   5504 6214880    0    0     0   404 15522 21843 42  2 56  0  0 2025-08-25 13:55:23
17  0      0 31579872   5504 6214900    0    0     0   312 20136 42413 65  1 34  0  0 2025-08-25 13:55:24
19  0      0 31584224   5504 6214932    0    0     0   284 20296 41706 66  1 33  0  0 2025-08-25 13:55:25
17  0      0 31594760   5504 6215360    0    0     0   316 18504 37980 60  1 38  0  0 2025-08-25 13:55:26
 4  0      0 31594536   5504 6215496    0    0     0  1021 14696 28425 50  1 50  0  0 2025-08-25 13:55:27
 7  0      0 31587944   5504 6215492    0    0     0   180 17640 36504 58  1 41  0  0 2025-08-25 13:55:28
 4  0      0 31591852   5504 6215520    0    0     0    88 15174 26503 49  1 51  0  0 2025-08-25 13:55:29
17  0      0 31611208   5504 6215376    0    0     0   440 18323 36822 60  2 38  0  0 2025-08-25 13:55:30
 4  0      0 31613472   5504 6215384    0    0     0   212 14232 28824 47  1 53  0  0 2025-08-25 13:55:31
 4  0      0 31604956   5504 6215760    0    0     0   256 14281 25152 47  1 52  0  0 2025-08-25 13:55:32
 9  0      0 31595544   5504 6215840    0    0     0   440 19482 39589 60  1 38  0  0 2025-08-25 13:55:33
 7  0      0 31598844   5504 6215188    0    0     0   408 16688 31327 53  1 46  0  0 2025-08-25 13:55:34
 5  0      0 31594020   5504 6215140    0    0     0   140 15760 29271 55  1 44  0  0 2025-08-25 13:55:35
 4  0      0 31582244   5504 6215228    0    0     0   280 18837 38388 59  1 40  0  0 2025-08-25 13:55:36
20  0      0 31590616   5504 6215236    0    0     0   212 10808 15633 36  1 63  0  0 2025-08-25 13:55:37
35  0      0 31597360   5504 6215416    0    0     0   540 27417 55392 88  2 10  0  0 2025-08-25 13:55:38
 4  0      0 31628952   5504 6215392    0    0     0   140 17817 30637 60  2 38  0  0 2025-08-25 13:55:39
 6  0      0 31630444   5504 6215368    0    0     0   100 12172 19365 42  1 57  0  0 2025-08-25 13:55:40
18  0      0 31621108   5504 6215672    0    0     0   408 24815 54083 77  2 21  0  0 2025-08-25 13:55:41
17  0      0 31636228   5504 6215364    0    0     0   608 17102 35151 58  1 41  0  0 2025-08-25 13:55:42
 5  0      0 31614948   5504 6215588    0    0     0   280 20254 44857 65  1 34  0  0 2025-08-25 13:55:43
 6  0      0 31614612   5504 6215544    0    0     0   224 14704 28022 52  1 48  0  0 2025-08-25 13:55:44
16  0      0 31631464   5504 6215468    0    0     0   112 12511 20814 43  1 56  0  0 2025-08-25 13:55:45
16  0      0 31622876   5504 6215584    0    0     0   188 23011 48916 68  2 30  0  0 2025-08-25 13:55:46
 4  0      0 31624196   5504 6216012    0    0     0   448 15723 29706 54  1 46  0  0 2025-08-25 13:55:47
 4  0      0 31626504   5504 6215748    0    0     0   496 13879 24522 47  1 52  0  0 2025-08-25 13:55:48
 4  0      0 31625564   5504 6215960    0    0     0   284 19400 38116 61  1 38  0  0 2025-08-25 13:55:49
18  0      0 31589148   5504 6215960    0    0     0   136 13950 24969 46  1 53  0  0 2025-08-25 13:55:50
25  0      0 31641700   5504 6216148    0    0     0   588 24983 47862 78  2 20  0  0 2025-08-25 13:55:51
18  0      0 31634932   5504 6216124    0    0     0   316 14931 25824 47  1 53  0  0 2025-08-25 13:55:52
16  0      0 31657572   5504 6216128    0    0     0   124 17608 34194 58  2 40  0  0 2025-08-25 13:55:53
 4  0      0 31657124   5504 6215976    0    0     0   236 10164 13171 34  0 66  0  0 2025-08-25 13:55:54
10  0      0 31649400   5504 6216012    0    0     0   296 20510 44504 66  2 32  0  0 2025-08-25 13:55:55
 4  0      0 31625556   5504 6216140    0    0     0   284 17165 33496 55  1 44  0  0 2025-08-25 13:55:56
17  0      0 31625304   5504 6216144    0    0     0   128 12646 22487 43  1 56  0  0 2025-08-25 13:55:57
17  0      0 31635688   5504 6216148    0    0     0   805 20906 46291 69  2 29  0  0 2025-08-25 13:55:58
21  0      0 31623964   5504 6215556    0    0     0   348 19502 40767 63  2 35  0  0 2025-08-25 13:55:59
 9  0      0 31610580   5504 6215552    0    0     0   188 23307 49754 71  1 28  0  0 2025-08-25 13:56:00
 6  0      0 31639864   5504 6215644    0    0     0   504 19106 40643 65  2 33  0  0 2025-08-25 13:56:01
 4  0      0 31631160   5504 6215652    0    0     0    68 11268 15929 37  1 62  0  0 2025-08-25 13:56:02
16  0      0 31614300   5504 6215672    0    0     0   252 21531 46717 69  1 30  0  0 2025-08-25 13:56:03
 4  0      0 31625636   5504 6215680    0    0     0    68 11292 16414 38  1 60  0  0 2025-08-25 13:56:04
13  0      0 31619300   5504 6215508    0    0     0   264 17392 35201 59  1 40  0  0 2025-08-25 13:56:05
17  0      0 31619048   5504 6215516    0    0     0   252 14626 25291 49  1 50  0  0 2025-08-25 13:56:06
25  0      0 31638768   5504 6215556    0    0     0   308 17195 33715 56  2 42  0  0 2025-08-25 13:56:07
17  0      0 31605836   5504 6215660    0    0     0   128 14103 24356 45  1 54  0  0 2025-08-25 13:56:08
22  0      0 31603604   5504 6215696    0    0     0   184 22284 46957 70  1 28  0  0 2025-08-25 13:56:09
30  0      0 31629084   5504 6215656    0    0     0   312 26698 54409 86  2 12  0  0 2025-08-25 13:56:10
 4  0      0 31623336   5504 6215776    0    0     0    52 10435 13417 35  1 65  0  0 2025-08-25 13:56:11
 9  0      0 31586956   5504 6215792    0    0     0   332 19664 42646 62  2 37  0  0 2025-08-25 13:56:12
 4  0      0 31594460   5504 6215788    0    0     0   188 12694 26940 38  1 61  0  0 2025-08-25 13:56:13
 1  0      0 31667048   5504 6153200    0    0     0  1076 6796 17407 18  0 82  0  0 2025-08-25 13:56:14
 1  0      0 31654228   5504 6167576    0    0     0     0 3349 5530  8  0 92  0  0 2025-08-25 13:56:15
 1  0      0 31630748   5504 6184596    0    0     0     0 3319 5529  7  0 93  0  0 2025-08-25 13:56:16
 1  0      0 31615392   5504 6197448    0    0     0    68 3123 3702  8  0 92  0  0 2025-08-25 13:56:17
 1  0      0 31594936   5504 6211852    0    0     0    20 2611 2934  6  0 94  0  0 2025-08-25 13:56:18
 1  0      0 31589404   5504 6220812    0    0     0 67364 4534 6060 10  0 90  0  0 2025-08-25 13:56:19
 1  0      0 31588316   5504 6220836    0    0     0     4 2806 3283  6  0 93  0  0 2025-08-25 13:56:20
 1  0      0 31588092   5504 6220872    0    0     0     0 2996 3751  7  0 93  0  0 2025-08-25 13:56:21
 1  0      0 31587380   5504 6220964    0    0     0    76 3947 4973  9  0 90  0  0 2025-08-25 13:56:22
 1  0      0 31587156   5504 6220964    0    0     0     0 5741 6148  6  0 93  0  0 2025-08-25 13:56:23
 2  0      0 31586932   5504 6220968    0    0     0     0 3186 4171  7  0 92  0  0 2025-08-25 13:56:24
 1  0      0 31586692   5504 6220992    0    0     0     0 3076 3115  9  0 91  0  0 2025-08-25 13:56:25
 0  0      0 31588440   5504 6202696    0    0     0    68 1740 1927  3  0 97  0  0 2025-08-25 13:56:26
 0  0      0 31588584   5504 6202696    0    0     0    88  872 1423  0  0 100  0  0 2025-08-25 13:56:27
 0  0      0 31594640   5504 6202696    0    0     0   496  854 1397  0  0 100  0  0 2025-08-25 13:56:28
 0  0      0 31599464   5504 6202280    0    0     0     0  829 1355  0  0 100  0  0 2025-08-25 13:56:29
 0  0      0 31600464   5504 6202240    0    0     0     0  834 1360  0  0 100  0  0 2025-08-25 13:56:30
 0  0      0 31600216   5504 6202240    0    0     0     0  942 1445  0  0 100  0  0 2025-08-25 13:56:31
 0  0      0 31602268   5504 6202240    0    0     0    52  856 1379  0  0 100  0  0 2025-08-25 13:56:32
 0  0      0 31602268   5504 6202240    0    0     0     8  914 1385  0  0 100  0  0 2025-08-25 13:56:33
 0  0      0 31604060   5504 6202240    0    0     0     4  887 1371  0  0 100  0  0 2025-08-25 13:56:34
 0  0      0 31605636   5504 6202240    0    0     0     0  909 1415  0  0 100  0  0 2025-08-25 13:56:35
 0  0      0 31606764   5504 6202240    0    0     0     0  868 1415  0  0 100  0  0 2025-08-25 13:56:36
 0  0      0 31607972   5504 6202240    0    0     0    40  873 1372  0  0 100  0  0 2025-08-25 13:56:37
 0  0      0 31605248   5504 6202240    0    0     0     4 1198 1775  0  0 100  0  0 2025-08-25 13:56:38
 0  0      0 31605248   5504 6202240    0    0     0     0  847 1420  0  0 100  0  0 2025-08-25 13:56:39
 0  0      0 31606168   5504 6202240    0    0     0     0  801 1357  0  0 100  0  0 2025-08-25 13:56:40
 0  0      0 31606972   5504 6202240    0    0     0     0 1002 1463  0  0 100  0  0 2025-08-25 13:56:41
 0  0      0 31607384   5504 6202240    0    0     0    56 1780 1973  0  0 100  0  0 2025-08-25 13:56:42
 0  1      0 31607468   5504 6202240    0    0     0     0 1821 2023  0  0 99  1  0 2025-08-25 13:56:43
 0  0      0 31607664   5504 6202244    0    0     0     8 1332 1680  0  0 98  1  0 2025-08-25 13:56:44
 0  0      0 31607412   5504 6202244    0    0     0  8348  924 1403  0  0 100  0  0 2025-08-25 13:56:45
 0  0      0 31607652   5504 6202244    0    0     0     0 3975 4304  0  0 100  0  0 2025-08-25 13:56:46
 0  0      0 31607652   5504 6202244    0    0     0    40  816 1400  0  0 100  0  0 2025-08-25 13:56:47
 0  0      0 31607652   5504 6202244    0    0     0     0  867 1360  0  0 100  0  0 2025-08-25 13:56:48
 0  0      0 31607944   5504 6202244    0    0     0     0  865 1388  0  0 100  0  0 2025-08-25 13:56:49
 0  0      0 31607944   5504 6202244    0    0     0 40772  918 1466  0  0 100  0  0 2025-08-25 13:56:50
 0  0      0 31607944   5504 6202244    0    0     0     0  826 1405  0  0 100  0  0 2025-08-25 13:56:51
 0  0      0 31607944   5504 6202244    0    0     0    40  783 1344  0  0 100  0  0 2025-08-25 13:56:52
 0  0      0 31608980   5504 6202244    0    0     0     0  801 1365  0  0 100  0  0 2025-08-25 13:56:53
 0  0      0 31608980   5504 6202244    0    0     0     0  803 1355  0  0 100  0  0 2025-08-25 13:56:54
 0  0      0 31608980   5504 6202244    0    0     0     0  858 1414  0  0 100  0  0 2025-08-25 13:56:55
 0  0      0 31609744   5504 6202244    0    0     0     4  883 1388  0  0 100  0  0 2025-08-25 13:56:56
 0  0      0 31609744   5504 6202244    0    0     0     0  861 1377  0  0 100  0  0 2025-08-25 13:56:57
 0  0      0 31609520   5504 6202244    0    0     0   715  984 1444  0  0 100  0  0 2025-08-25 13:56:58
 0  0      0 31609520   5504 6202244    0    0     0     0  930 1444  0  0 100  0  0 2025-08-25 13:56:59
 0  0      0 31609936   5504 6202244    0    0     0    16 2513 2987  0  0 100  0  0 2025-08-25 13:57:00
 0  0      0 31610000   5504 6201828    0    0     0     0  836 1361  0  0 100  0  0 2025-08-25 13:57:01
 0  0      0 31610000   5504 6201828    0    0     0     4  838 1356  0  0 100  0  0 2025-08-25 13:57:02
 0  0      0 31610000   5504 6201828    0    0     0    44  841 1410  0  0 100  0  0 2025-08-25 13:57:03
 0  0      0 31610000   5504 6201828    0    0     0     8  865 1397  0  0 100  0  0 2025-08-25 13:57:04
 0  0      0 31610000   5504 6201828    0    0     0     8  873 1383  0  0 100  0  0 2025-08-25 13:57:05
 0  0      0 31610000   5504 6201828    0    0     0     0  847 1396  0  0 100  0  0 2025-08-25 13:57:06
 0  0      0 31610000   5504 6201828    0    0     0     0  823 1391  0  0 100  0  0 2025-08-25 13:57:07
 1  0      0 31610000   5504 6201828    0    0     0    52  815 1379  0  0 100  0  0 2025-08-25 13:57:08
 0  0      0 31610000   5504 6201828    0    0     0     0  848 1368  0  0 100  0  0 2025-08-25 13:57:09
 1  0      0 31610000   5504 6201828    0    0     0     0  884 1470  0  0 100  0  0 2025-08-25 13:57:10
 0  0      0 31610000   5504 6201828    0    0     0     0  937 1437  0  0 100  0  0 2025-08-25 13:57:11
 0  0      0 31610000   5504 6201828    0    0     0     0  868 1369  0  0 100  0  0 2025-08-25 13:57:12
 0  0      0 31610000   5504 6201828    0    0     0    48  866 1393  0  0 100  0  0 2025-08-25 13:57:13
 0  0      0 31610000   5504 6201828    0    0     0     4  885 1394  0  0 100  0  0 2025-08-25 13:57:14
 0  0      0 31610000   5504 6201828    0    0     0     0  969 1437  0  0 100  0  0 2025-08-25 13:57:15
 0  0      0 31610000   5504 6201828    0    0     0     0  877 1384  0  0 100  0  0 2025-08-25 13:57:16
 0  0      0 31612436   5504 6201828    0    0     0     0  943 1421  0  0 100  0  0 2025-08-25 13:57:17
 0  0      0 31610796   5504 6201828    0    0     0    56  940 1396  0  0 100  0  0 2025-08-25 13:57:18
 0  0      0 31611696   5504 6201828    0    0     0     0  948 1437  0  0 100  0  0 2025-08-25 13:57:19
 0  0      0 31612432   5504 6201828    0    0     0     4  824 1377  0  0 100  0  0 2025-08-25 13:57:20
 0  0      0 31612568   5504 6201828    0    0     0     0  821 1364  0  0 100  0  0 2025-08-25 13:57:21
 0  0      0 31612568   5504 6201828    0    0     0     0  839 1365  0  0 100  0  0 2025-08-25 13:57:22
 0  0      0 31612820   5504 6201832    0    0     0    52 3971 4378  0  0 100  0  0 2025-08-25 13:57:23
 0  0      0 31612820   5504 6201832    0    0     0     0  823 1373  0  0 100  0  0 2025-08-25 13:57:24
 0  0      0 31612820   5504 6201832    0    0     0    12  935 1435  0  0 100  0  0 2025-08-25 13:57:25
 0  0      0 31613072   5504 6201832    0    0     0   119  961 1525  0  0 100  0  0 2025-08-25 13:57:26
 0  0      0 31613336   5504 6201832    0    0     0     0  863 1421  0  0 100  0  0 2025-08-25 13:57:27
 0  0      0 31613336   5504 6201832    0    0     0   332  870 1445  0  0 100  0  0 2025-08-25 13:57:28
 0  0      0 31613336   5504 6201832    0    0     0     0  792 1346  0  0 100  0  0 2025-08-25 13:57:29
 0  0      0 31613336   5504 6201832    0    0     0     0  807 1378  0  0 100  0  0 2025-08-25 13:57:30
 0  0      0 31613336   5504 6201832    0    0     0     0  912 1441  0  0 100  0  0 2025-08-25 13:57:31
 0  0      0 31613336   5504 6201832    0    0     0     4  828 1356  0  0 100  0  0 2025-08-25 13:57:32
 0  0      0 31613336   5504 6201832    0    0     0    40  939 1396  0  0 100  0  0 2025-08-25 13:57:33
 0  0      0 31613336   5504 6201832    0    0     0     0  855 1374  0  0 100  0  0 2025-08-25 13:57:34
 0  0      0 31613336   5504 6201832    0    0     0    12  836 1429  0  0 100  0  0 2025-08-25 13:57:35
 0  0      0 31613336   5504 6201832    0    0     0     0  863 1404  0  0 100  0  0 2025-08-25 13:57:36
 0  0      0 31613336   5504 6201832    0    0     0     0  837 1359  0  0 100  0  0 2025-08-25 13:57:37
 0  0      0 31607792   5504 6201832    0    0     0    44  990 1419  0  0 100  0  0 2025-08-25 13:57:38
 0  0      0 31607544   5504 6201832    0    0     0     0 1058 1756  0  0 100  0  0 2025-08-25 13:57:39
 0  0      0 31607544   5504 6201832    0    0     0     0  809 1365  0  0 100  0  0 2025-08-25 13:57:40
 0  0      0 31608044   5504 6201832    0    0     0     0  834 1366  0  0 100  0  0 2025-08-25 13:57:41
 0  0      0 31608044   5504 6201832    0    0     0     0  791 1340  0  0 100  0  0 2025-08-25 13:57:42
 0  0      0 31608044   5504 6201832    0    0     0     0  856 1402  0  0 100  0  0 2025-08-25 13:57:43
 0  0      0 31608044   5504 6201832    0    0     0    60  835 1381  0  0 100  0  0 2025-08-25 13:57:44
 0  0      0 31608044   5504 6201832    0    0     0     0  811 1369  0  0 100  0  0 2025-08-25 13:57:45
 0  0      0 31608044   5504 6201832    0    0     0     0 4013 4334  0  0 100  0  0 2025-08-25 13:57:46
 0  0      0 31608044   5504 6201832    0    0     0     0  862 1401  0  0 100  0  0 2025-08-25 13:57:47
 0  0      0 31608296   5504 6201832    0    0     0     0  836 1350  0  0 100  0  0 2025-08-25 13:57:48
 0  0      0 31608296   5504 6201832    0    0     0    40  892 1401  0  0 100  0  0 2025-08-25 13:57:49
 0  0      0 31608296   5504 6201832    0    0     0     4  865 1375  0  0 100  0  0 2025-08-25 13:57:50
 0  0      0 31608296   5504 6201832    0    0     0     0  914 1432  0  0 100  0  0 2025-08-25 13:57:51
 0  0      0 31608296   5504 6201832    0    0     0     0  790 1333  0  0 100  0  0 2025-08-25 13:57:52
 0  0      0 31608296   5504 6201832    0    0     0     0  839 1344  0  0 100  0  0 2025-08-25 13:57:53
 0  0      0 31608296   5504 6201832    0    0     0    52  879 1384  0  0 100  0  0 2025-08-25 13:57:54
 0  0      0 31608296   5504 6201832    0    0     0     0  844 1398  0  0 100  0  0 2025-08-25 13:57:55
 0  0      0 31608296   5504 6201832    0    0     0     8  853 1392  0  0 100  0  0 2025-08-25 13:57:56
 0  0      0 31608296   5504 6201832    0    0     0     0  807 1347  0  0 100  0  0 2025-08-25 13:57:57
 0  0      0 31606704   5504 6201832    0    0     0     8  944 1429  0  0 100  0  0 2025-08-25 13:57:58
 0  0      0 31607440   5504 6201832    0    0     0    48  839 1421  0  0 100  0  0 2025-08-25 13:57:59
 0  0      0 31609836   5504 6201832    0    0     0    16 2508 2950  0  0 100  0  0 2025-08-25 13:58:00
 0  0      0 31609836   5504 6201960    0    0     0     0  860 1372  0  0 100  0  0 2025-08-25 13:58:01
 0  0      0 31609836   5504 6201964    0    0     0     8  826 1348  0  0 100  0  0 2025-08-25 13:58:02
 0  0      0 31609672   5504 6201964    0    0     0     0  981 1479  0  0 100  0  0 2025-08-25 13:58:03
 0  0      0 31609672   5504 6201964    0    0     0    52  843 1388  0  0 100  0  0 2025-08-25 13:58:04
 0  0      0 31609744   5504 6201964    0    0     0     8  856 1387  0  0 100  0  0 2025-08-25 13:58:05
 0  0      0 31609744   5504 6201964    0    0     0     8  890 1415  0  0 100  0  0 2025-08-25 13:58:06
 0  0      0 31609744   5504 6201964    0    0     0     0  890 1416  0  0 100  0  0 2025-08-25 13:58:07
 0  0      0 31609996   5504 6201964    0    0     0     4  833 1398  0  0 100  0  0 2025-08-25 13:58:08
 0  0      0 31609996   5504 6201964    0    0     0    56  880 1405  0  0 100  0  0 2025-08-25 13:58:09
 0  0      0 31609996   5504 6201964    0    0     0     0  880 1457  0  0 100  0  0 2025-08-25 13:58:10
 0  0      0 31609996   5504 6201964    0    0     0     0  903 1432  0  0 100  0  0 2025-08-25 13:58:11
 0  0      0 31609996   5504 6201964    0    0     0     0  930 1396  0  0 100  0  0 2025-08-25 13:58:12
 0  0      0 31609996   5504 6201964    0    0     0     0  866 1387  0  0 100  0  0 2025-08-25 13:58:13
 0  0      0 31609996   5504 6201964    0    0     0    44  822 1358  0  0 100  0  0 2025-08-25 13:58:14
 0  0      0 31609996   5504 6201964    0    0     0     0  875 1428  0  0 100  0  0 2025-08-25 13:58:15
 0  0      0 31609996   5504 6201964    0    0     0     0  839 1378  0  0 100  0  0 2025-08-25 13:58:16
 0  0      0 31609996   5504 6201964    0    0     0     0  849 1348  0  0 100  0  0 2025-08-25 13:58:17
 0  0      0 31609668   5504 6201964    0    0     0     0  910 1391  0  0 100  0  0 2025-08-25 13:58:18
 0  0      0 31609668   5504 6201964    0    0     0    56  885 1426  0  0 100  0  0 2025-08-25 13:58:19
 0  0      0 31609668   5504 6201964    0    0     0     4  888 1406  0  0 100  0  0 2025-08-25 13:58:20
 0  0      0 31609668   5504 6201964    0    0     0     0  867 1376  0  0 100  0  0 2025-08-25 13:58:21
 0  0      0 31609668   5504 6201964    0    0     0     0  842 1356  0  0 100  0  0 2025-08-25 13:58:22
 0  0      0 31609668   5504 6201964    0    0     0     0 4021 4343  0  0 100  0  0 2025-08-25 13:58:23
 0  0      0 31609668   5504 6201964    0    0     0     0  913 1385  0  0 100  0  0 2025-08-25 13:58:24
 0  0      0 31609668   5504 6201964    0    0     0    52  912 1405  0  0 100  0  0 2025-08-25 13:58:25
 0  0      0 31609668   5504 6201964    0    0     0     4  843 1426  0  0 100  0  0 2025-08-25 13:58:26
 0  0      0 31609668   5504 6201964    0    0     0     0  851 1394  0  0 100  0  0 2025-08-25 13:58:27
 0  0      0 31609668   5504 6201964    0    0     0     0  815 1358  0  0 100  0  0 2025-08-25 13:58:28
 0  0      0 31609668   5504 6201964    0    0     0    45  847 1375  0  0 100  0  0 2025-08-25 13:58:29
 0  0      0 31609668   5504 6201964    0    0     0    60  830 1383  0  0 100  0  0 2025-08-25 13:58:30
 0  0      0 31609668   5504 6201964    0    0     0     0  890 1409  0  0 100  0  0 2025-08-25 13:58:31
 0  0      0 31609668   5504 6201964    0    0     0     4  861 1371  0  0 100  0  0 2025-08-25 13:58:32
 0  0      0 31609668   5504 6201964    0    0     0     0  826 1339  0  0 100  0  0 2025-08-25 13:58:33
 0  0      0 31609668   5504 6201964    0    0     0     0  807 1345  0  0 100  0  0 2025-08-25 13:58:34
 0  0      0 31609668   5504 6201964    0    0     0    40  874 1424  0  0 100  0  0 2025-08-25 13:58:35
 1  0      0 31609668   5504 6201964    0    0     0     0  847 1406  0  0 100  0  0 2025-08-25 13:58:36
 0  0      0 31609668   5504 6201964    0    0     0     4  815 1354  0  0 100  0  0 2025-08-25 13:58:37
 0  0      0 31610360   5504 6201964    0    0     0     4  922 1406  0  0 100  0  0 2025-08-25 13:58:38
 0  0      0 31610360   5504 6201964    0    0     0     0  915 1428  0  0 100  0  0 2025-08-25 13:58:39
 0  0      0 31610360   5504 6201964    0    0     0    44 1025 1710  0  0 100  0  0 2025-08-25 13:58:40
 0  0      0 31610360   5504 6201968    0    0     0     0 1073 1504  0  0 100  0  0 2025-08-25 13:58:41
 0  0      0 31611056   5504 6201968    0    0     0     0 1885 1935  0  0 100  0  0 2025-08-25 13:58:42
 0  0      0 31611056   5504 6201968    0    0     0     0 1904 1987  0  0 100  0  0 2025-08-25 13:58:43
 0  0      0 31611084   5504 6201968    0    0     0     8 1169 1549  0  0 100  0  0 2025-08-25 13:58:44
 0  0      0 31611084   5504 6201968    0    0     0    52  909 1404  0  0 100  0  0 2025-08-25 13:58:45
 1  0      0 31611084   5504 6201968    0    0     0     0 3996 4360  0  0 100  0  0 2025-08-25 13:58:46
 0  0      0 31611084   5504 6201968    0    0     0     0  826 1386  0  0 100  0  0 2025-08-25 13:58:47
 0  0      0 31611084   5504 6201968    0    0     0     0  845 1349  0  0 100  0  0 2025-08-25 13:58:48
 0  0      0 31611084   5504 6201968    0    0     0     0  923 1385  0  0 100  0  0 2025-08-25 13:58:49
 0  0      0 31611084   5504 6201968    0    0     0    44  893 1385  0  0 100  0  0 2025-08-25 13:58:50
 0  0      0 31611084   5504 6201968    0    0     0     0  847 1411  0  0 100  0  0 2025-08-25 13:58:51
 0  0      0 31611084   5504 6201968    0    0     0     0  773 1333  0  0 100  0  0 2025-08-25 13:58:52
 0  0      0 31611084   5504 6201968    0    0     0     0  821 1332  0  0 100  0  0 2025-08-25 13:58:53
 0  0      0 31611084   5504 6201968    0    0     0     0  829 1364  0  0 100  0  0 2025-08-25 13:58:54
 0  0      0 31611084   5504 6201968    0    0     0    56  862 1421  0  0 100  0  0 2025-08-25 13:58:55
 0  0      0 31611084   5504 6201968    0    0     0     4  847 1395  0  0 100  0  0 2025-08-25 13:58:56
 0  0      0 31611084   5504 6201968    0    0     0     0  889 1361  0  0 100  0  0 2025-08-25 13:58:57
 0  0      0 31610288   5504 6201968    0    0     0     0  892 1390  0  0 100  0  0 2025-08-25 13:58:58
 0  0      0 31610288   5504 6201968    0    0     0    21  833 1428  0  0 100  0  0 2025-08-25 13:58:59
 0  0      0 31610456   5504 6201968    0    0     0    56 2448 2899  0  0 100  0  0 2025-08-25 13:59:00
 0  0      0 31614640   5504 6201840    0    0     0     0  990 1466  0  0 100  0  0 2025-08-25 13:59:01
 0  0      0 31614760   5504 6201840    0    0     0     4  873 1362  0  0 100  0  0 2025-08-25 13:59:02
 0  0      0 31614760   5504 6201840    0    0     0     0  831 1374  0  0 100  0  0 2025-08-25 13:59:03
 0  0      0 31614760   5504 6201840    0    0     0     0  826 1349  0  0 100  0  0 2025-08-25 13:59:04
 0  0      0 31614760   5504 6201840    0    0     0    48  876 1390  0  0 100  0  0 2025-08-25 13:59:05
 0  0      0 31614760   5504 6201840    0    0     0     8  886 1437  0  0 100  0  0 2025-08-25 13:59:06
 0  0      0 31614760   5504 6201840    0    0     0     0  873 1426  0  0 100  0  0 2025-08-25 13:59:07
 0  0      0 31614760   5504 6201840    0    0     0    12  850 1365  0  0 100  0  0 2025-08-25 13:59:08
 0  0      0 31614760   5504 6201840    0    0     0     0  880 1400  0  0 100  0  0 2025-08-25 13:59:09
 0  0      0 31614760   5504 6201840    0    0     0     0  915 1491  0  0 100  0  0 2025-08-25 13:59:10
 0  0      0 31614760   5504 6201840    0    0     0    48  948 1455  0  0 100  0  0 2025-08-25 13:59:11
 0  0      0 31614760   5504 6201840    0    0     0     0  877 1370  0  0 100  0  0 2025-08-25 13:59:12
 0  0      0 31614760   5504 6201840    0    0     0     0  871 1382  0  0 100  0  0 2025-08-25 13:59:13
 0  0      0 31614760   5504 6201840    0    0     0     4  878 1381  0  0 100  0  0 2025-08-25 13:59:14
 0  0      0 31614760   5504 6201840    0    0     0     0  906 1408  0  0 100  0  0 2025-08-25 13:59:15
 0  0      0 31614760   5504 6201840    0    0     0    44  946 1424  0  0 100  0  0 2025-08-25 13:59:16
 0  0      0 31614760   5504 6201840    0    0     0     0  810 1342  0  0 100  0  0 2025-08-25 13:59:17
 0  0      0 31614508   5504 6201840    0    0     0     0  882 1377  0  0 100  0  0 2025-08-25 13:59:18
 0  0      0 31614508   5504 6201840    0    0     0     0  906 1421  0  0 100  0  0 2025-08-25 13:59:19
 0  0      0 31614768   5504 6201844    0    0     0     8  855 1373  0  0 100  0  0 2025-08-25 13:59:20
 0  0      0 31614768   5504 6201844    0    0     0    56  869 1391  0  0 100  0  0 2025-08-25 13:59:21
 0  0      0 31614768   5504 6201844    0    0     0     0  793 1341  0  0 100  0  0 2025-08-25 13:59:22
 0  0      0 31614768   5504 6201844    0    0     0     0 4001 4365  0  0 100  0  0 2025-08-25 13:59:23
 0  0      0 31614768   5504 6201844    0    0     0     0  844 1354  0  0 100  0  0 2025-08-25 13:59:24
 0  0      0 31614768   5504 6201844    0    0     0     0  866 1365  0  0 100  0  0 2025-08-25 13:59:25
 0  0      0 31614768   5504 6201844    0    0     0    72  976 1482  0  0 100  0  0 2025-08-25 13:59:26
 0  0      0 31614768   5504 6201844    0    0     0     0  857 1413  0  0 100  0  0 2025-08-25 13:59:27
 0  0      0 31614768   5504 6201844    0    0     0     0  859 1358  0  0 100  0  0 2025-08-25 13:59:28
 0  0      0 31614768   5504 6201844    0    0     0     5  822 1380  0  0 100  0  0 2025-08-25 13:59:29
 0  0      0 31614768   5504 6201844    0    0     0     0  875 1403  0  0 100  0  0 2025-08-25 13:59:30
 0  0      0 31614768   5504 6201844    0    0     0    48  933 1440  0  0 100  0  0 2025-08-25 13:59:31
 0  0      0 31614768   5504 6201844    0    0     0     4  857 1364  0  0 100  0  0 2025-08-25 13:59:32
 0  0      0 31614768   5504 6201844    0    0     0     0  866 1359  0  0 100  0  0 2025-08-25 13:59:33
 0  0      0 31614768   5504 6201844    0    0     0     0  917 1385  0  0 100  0  0 2025-08-25 13:59:34
 0  0      0 31614768   5504 6201844    0    0     0     0  881 1400  0  0 100  0  0 2025-08-25 13:59:35
 0  0      0 31614768   5504 6201844    0    0     0    56  846 1399  0  0 100  0  0 2025-08-25 13:59:36
 0  0      0 31614768   5504 6201844    0    0     0     0  832 1351  0  0 100  0  0 2025-08-25 13:59:37
 0  0      0 31615032   5504 6201844    0    0     0     8 1090 1495  0  0 100  0  0 2025-08-25 13:59:38
 0  0      0 31616192   5504 6201844    0    0     0     0 1042 1505  0  0 100  0  0 2025-08-25 13:59:39
 0  0      0 31616192   5504 6201844    0    0     0     0  837 1377  0  0 100  0  0 2025-08-25 13:59:40
 0  0      0 31617972   5504 6201844    0    0     0    64  988 1458  0  0 100  0  0 2025-08-25 13:59:41
 0  0      0 31617972   5504 6201844    0    0     0     0  994 1694  0  0 100  0  0 2025-08-25 13:59:42
 0  0      0 31618044   5504 6201844    0    0     0     0  860 1426  0  0 100  0  0 2025-08-25 13:59:43
 0  0      0 31618044   5504 6201844    0    0     0     4  845 1380  0  0 100  0  0 2025-08-25 13:59:44
 0  0      0 31618044   5504 6201844    0    0     0     0  831 1347  0  0 100  0  0 2025-08-25 13:59:45
 0  0      0 31619224   5504 6201844    0    0     0    56 4008 4397  0  0 100  0  0 2025-08-25 13:59:46
 1  0      0 31619224   5504 6201844    0    0     0     0  841 1408  0  0 100  0  0 2025-08-25 13:59:47
 0  0      0 31619252   5504 6201844    0    0     0     0  780 1336  0  0 100  0  0 2025-08-25 13:59:48
 0  0      0 31619252   5504 6201844    0    0     0     0  831 1348  0  0 100  0  0 2025-08-25 13:59:49
 0  0      0 31619252   5504 6201844    0    0     0     4  895 1406  0  0 100  0  0 2025-08-25 13:59:50
 0  0      0 31619252   5504 6201844    0    0     0     0  925 1419  0  0 100  0  0 2025-08-25 13:59:51
 0  0      0 31619252   5504 6201844    0    0     0    44  859 1374  0  0 100  0  0 2025-08-25 13:59:52
 0  0      0 31619252   5504 6201844    0    0     0     0  846 1346  0  0 100  0  0 2025-08-25 13:59:53
 0  0      0 31619252   5504 6201844    0    0     0     0  873 1403  0  0 100  0  0 2025-08-25 13:59:54
 0  0      0 31619252   5504 6201844    0    0     0     0  836 1394  0  0 100  0  0 2025-08-25 13:59:55
 0  0      0 31619252   5504 6201844    0    0     0     4  899 1399  0  0 100  0  0 2025-08-25 13:59:56
 0  0      0 31619252   5504 6201844    0    0     0    40  861 1388  0  0 100  0  0 2025-08-25 13:59:57
 0  0      0 31618496   5504 6201844    0    0     0     0  969 1412  0  0 100  0  0 2025-08-25 13:59:58
 0  0      0 31618496   5504 6201848    0    0     0    20  857 1444  0  0 100  0  0 2025-08-25 13:59:59
 0  0      0 31615976   5504 6201848    0    0     0   112 2852 3273  0  0 99  0  0 2025-08-25 14:00:00
 0  0      0 31615976   5504 6201848    0    0     0     0  804 1356  0  0 100  0  0 2025-08-25 14:00:01
 0  0      0 31615472   5504 6201904    0    0     0    92  836 1403  0  0 100  0  0 2025-08-25 14:00:02
 0  0      0 31615472   5504 6201904    0    0     0     0  799 1391  0  0 100  0  0 2025-08-25 14:00:03
 0  0      0 31615472   5504 6201904    0    0     0     0  834 1358  0  0 100  0  0 2025-08-25 14:00:04
 0  0      0 31615472   5504 6201904    0    0     0    44  880 1380  0  0 100  0  0 2025-08-25 14:00:05
 0  0      0 31615472   5504 6201904    0    0     0     0  831 1369  0  0 100  0  0 2025-08-25 14:00:06
 0  0      0 31614480   5504 6201904    0    0     0    52  987 1496  0  0 100  0  0 2025-08-25 14:00:07
 0  0      0 31614480   5504 6201904    0    0     0    12  840 1390  0  0 100  0  0 2025-08-25 14:00:08
 0  0      0 31616736   5504 6201904    0    0     0     8  994 1449  0  0 100  0  0 2025-08-25 14:00:09
 1  0      0 31616660   5504 6201904    0    0     0     0 1085 1525  0  0 100  0  0 2025-08-25 14:00:10
 0  0      0 31616660   5504 6201904    0    0     0     0  903 1425  0  0 100  0  0 2025-08-25 14:00:11
 0  0      0 31616660   5504 6201904    0    0     0    48  884 1409  0  0 100  0  0 2025-08-25 14:00:12
 0  0      0 31616660   5504 6201904    0    0     0     0  849 1378  0  0 100  0  0 2025-08-25 14:00:13
 0  0      0 31616660   5504 6201904    0    0     0     4  910 1421  0  0 100  0  0 2025-08-25 14:00:14
 0  0      0 31616660   5504 6201904    0    0     0     0  987 1466  0  0 100  0  0 2025-08-25 14:00:15
 0  0      0 31616660   5504 6201904    0    0     0     0  820 1371  0  0 100  0  0 2025-08-25 14:00:16
 0  0      0 31612632   5504 6201904    0    0     0    60  857 1388  0  0 100  0  0 2025-08-25 14:00:17
 0  0      0 31619796   5504 6201904    0    0     0     0  975 1448  0  0 100  0  0 2025-08-25 14:00:18
 0  0      0 31619796   5504 6201904    0    0     0     0  835 1404  0  0 100  0  0 2025-08-25 14:00:19
 0  0      0 31619796   5504 6201904    0    0     0     4  844 1380  0  0 100  0  0 2025-08-25 14:00:20
 0  0      0 31619796   5504 6201904    0    0     0     0  828 1367  0  0 100  0  0 2025-08-25 14:00:21
 0  0      0 31619796   5504 6201904    0    0     0    68  850 1366  0  0 100  0  0 2025-08-25 14:00:22
 0  0      0 31619796   5504 6201904    0    0     0     0 3966 4349  0  0 100  0  0 2025-08-25 14:00:23
 0  0      0 31620048   5504 6201904    0    0     0     0  907 1404  0  0 100  0  0 2025-08-25 14:00:24
 0  0      0 31620048   5504 6201904    0    0     0     0  783 1366  0  0 100  0  0 2025-08-25 14:00:25
 0  0      0 31626956   5504 6201904    0    0     0     4  955 1468  0  0 100  0  0 2025-08-25 14:00:26
 0  0      0 31626980   5504 6201904    0    0     0    64  857 1409  0  0 100  0  0 2025-08-25 14:00:27
 0  0      0 31626980   5504 6201904    0    0     0     0  770 1345  0  0 100  0  0 2025-08-25 14:00:28
 0  0      0 31626980   5504 6201904    0    0     0    26  810 1371  0  0 100  0  0 2025-08-25 14:00:29
 0  0      0 31626980   5504 6201904    0    0     0     0  865 1399  0  0 100  0  0 2025-08-25 14:00:30
 0  0      0 31626980   5504 6201904    0    0     0     0 1026 1449  0  0 100  0  0 2025-08-25 14:00:31
 0  0      0 31624740   5504 6201904    0    0     0    60 1005 1463  0  0 100  0  0 2025-08-25 14:00:32
 0  0      0 31624740   5504 6201904    0    0     0     0  868 1369  0  0 100  0  0 2025-08-25 14:00:33
 0  0      0 31626432   5504 6201904    0    0     0     0  962 1417  0  0 100  0  0 2025-08-25 14:00:34
 0  0      0 31626180   5504 6201904    0    0     0     0  846 1416  0  0 100  0  0 2025-08-25 14:00:35
 0  0      0 31626180   5504 6201904    0    0     0     0  889 1387  0  0 100  0  0 2025-08-25 14:00:36
 0  0      0 31626180   5504 6201904    0    0     0     0  900 1374  0  0 100  0  0 2025-08-25 14:00:37
 0  0      0 31625172   5504 6201908    0    0     0    64  892 1420  0  0 100  0  0 2025-08-25 14:00:38
 0  0      0 31629220   5504 6201908    0    0     0     0  983 1501  0  0 100  0  0 2025-08-25 14:00:39
 0  0      0 31629556   5504 6201908    0    0     0     4  884 1394  0  0 100  0  0 2025-08-25 14:00:40
 0  0      0 31629556   5504 6201908    0    0     0     0 1198 1577  0  0 100  0  0 2025-08-25 14:00:41
 1  0      0 31629556   5504 6201908    0    0     0     0 1859 1937  0  0 100  0  0 2025-08-25 14:00:42
 0  0      0 31629556   5504 6201908    0    0     0    56 2157 2346  0  0 100  0  0 2025-08-25 14:00:43
 1  0      0 31634252   5504 6201908    0    0     0     4 1239 1585  0  0 100  0  0 2025-08-25 14:00:44
 0  0      0 31637912   5504 6201908    0    0     0     0  963 1417  0  0 100  0  0 2025-08-25 14:00:45
 0  0      0 31637696   5504 6201908    0    0     0     0 3999 4298  0  0 100  0  0 2025-08-25 14:00:46
 0  0      0 31637696   5504 6201908    0    0     0     0  860 1401  0  0 100  0  0 2025-08-25 14:00:47
 0  0      0 31637696   5504 6201908    0    0     0    60  835 1387  0  0 100  0  0 2025-08-25 14:00:48
 0  0      0 31637696   5504 6201908    0    0     0     0  838 1378  0  0 100  0  0 2025-08-25 14:00:49
 0  0      0 31637220   5504 6201908    0    0     0     4 1014 1486  0  0 100  0  0 2025-08-25 14:00:50
 0  0      0 31636716   5504 6201908    0    0     0     0  873 1416  0  0 100  0  0 2025-08-25 14:00:51
 0  0      0 31636716   5504 6201908    0    0     0     0  803 1334  0  0 100  0  0 2025-08-25 14:00:52
 0  0      0 31636716   5504 6201908    0    0     0    60  802 1351  0  0 100  0  0 2025-08-25 14:00:53
 0  0      0 31636716   5504 6201908    0    0     0     0  811 1365  0  0 100  0  0 2025-08-25 14:00:54
 0  0      0 31636716   5504 6201908    0    0     0     0  873 1422  0  0 100  0  0 2025-08-25 14:00:55
 0  0      0 31636716   5504 6201908    0    0     0     4  874 1382  0  0 100  0  0 2025-08-25 14:00:56
 0  0      0 31636716   5504 6201908    0    0     0     0  865 1358  0  0 100  0  0 2025-08-25 14:00:57
 0  0      0 31634952   5504 6201908    0    0     0    48  908 1408  0  0 100  0  0 2025-08-25 14:00:58
 0  0      0 31634952   5504 6201908    0    0     0     0  826 1385  0  0 100  0  0 2025-08-25 14:00:59
 0  0      0 31634700   5504 6201796    0    0     0   292 2535 3050  0  0 100  0  0 2025-08-25 14:01:00
 0  0      0 31634700   5504 6201668    0    0     0     0  884 1372  0  0 100  0  0 2025-08-25 14:01:01
 0  0      0 31631564   5504 6201668    0    0     0     4 1443 1632  0  0 99  0  0 2025-08-25 14:01:02
 0  0      0 31630264   5504 6201668    0    0     0    80  946 1483  0  0 100  0  0 2025-08-25 14:01:03
 0  0      0 31630596   5504 6201668    0    0     0     0  809 1355  0  0 100  0  0 2025-08-25 14:01:04
 0  0      0 31630596   5504 6201668    0    0     0     0  826 1363  0  0 100  0  0 2025-08-25 14:01:05
 0  0      0 31630596   5504 6201668    0    0     0     0  941 1404  0  0 100  0  0 2025-08-25 14:01:06
 0  0      0 31630596   5504 6201668    0    0     0     4  866 1419  0  0 100  0  0 2025-08-25 14:01:07
 0  0      0 31630596   5504 6201668    0    0     0    52  804 1382  0  0 100  0  0 2025-08-25 14:01:08
 0  0      0 31630596   5504 6201668    0    0     0     8  829 1358  0  0 100  0  0 2025-08-25 14:01:09
 0  0      0 31630596   5504 6201668    0    0     0     8  868 1472  0  0 100  0  0 2025-08-25 14:01:10
 0  0      0 31630596   5504 6201668    0    0     0     0  905 1432  0  0 100  0  0 2025-08-25 14:01:11
 0  0      0 31630596   5504 6201668    0    0     0     0  861 1372  0  0 100  0  0 2025-08-25 14:01:12
 0  0      0 31630596   5504 6201668    0    0     0    44  867 1364  0  0 100  0  0 2025-08-25 14:01:13
 1  0      0 31630596   5504 6201668    0    0     0     4  888 1380  0  0 100  0  0 2025-08-25 14:01:14
 0  0      0 31630596   5504 6201668    0    0     0     0  916 1445  0  0 100  0  0 2025-08-25 14:01:15
 0  0      0 31630596   5504 6201668    0    0     0     0  898 1399  0  0 100  0  0 2025-08-25 14:01:16
 0  0      0 31630596   5504 6201672    0    0     0     0  935 1396  0  0 100  0  0 2025-08-25 14:01:17
 0  0      0 31630344   5504 6201672    0    0     0     0  792 1350  0  0 100  0  0 2025-08-25 14:01:18
 0  0      0 31630344   5504 6201672    0    0     0    56  892 1426  0  0 100  0  0 2025-08-25 14:01:19
 0  0      0 31630344   5504 6201672    0    0     0     8  909 1413  0  0 100  0  0 2025-08-25 14:01:20
 0  0      0 31636024   5504 6201672    0    0     0     0  989 1461  0  0 100  0  0 2025-08-25 14:01:21
 0  0      0 31635784   5504 6201672    0    0     0     0 4017 4375  0  0 100  0  0 2025-08-25 14:01:22
 0  0      0 31635784   5504 6201672    0    0     0     0  850 1405  0  0 100  0  0 2025-08-25 14:01:23
 0  0      0 31635784   5504 6201672    0    0     0    48  839 1381  0  0 100  0  0 2025-08-25 14:01:24
 0  0      0 31635784   5504 6201672    0    0     0     0  799 1345  0  0 100  0  0 2025-08-25 14:01:25
 0  0      0 31635784   5504 6201672    0    0     0     4  901 1413  0  0 100  0  0 2025-08-25 14:01:26
 0  0      0 31635784   5504 6201672    0    0     0     0  862 1403  0  0 100  0  0 2025-08-25 14:01:27
 0  0      0 31634080   5504 6201672    0    0     0     0  929 1422  0  0 100  0  0 2025-08-25 14:01:28
 0  0      0 31634080   5504 6201672    0    0     0    64  841 1367  0  0 100  0  0 2025-08-25 14:01:29
 0  0      0 31634080   5504 6201672    0    0     0    21  837 1405  0  0 100  0  0 2025-08-25 14:01:30
 0  0      0 31634080   5504 6201672    0    0     0     0  848 1412  0  0 100  0  0 2025-08-25 14:01:31
 0  0      0 31634080   5504 6201672    0    0     0     4  812 1357  0  0 100  0  0 2025-08-25 14:01:32
 0  0      0 31634080   5504 6201672    0    0     0     0  859 1357  0  0 100  0  0 2025-08-25 14:01:33
 0  0      0 31634080   5504 6201672    0    0     0    52  875 1396  0  0 100  0  0 2025-08-25 14:01:34
 0  0      0 31634080   5504 6201672    0    0     0     0  950 1439  0  0 100  0  0 2025-08-25 14:01:35
 0  0      0 31634324   5504 6201672    0    0     0     0 1012 1459  0  0 100  0  0 2025-08-25 14:01:36
 0  0      0 31633316   5504 6201672    0    0     0     0  940 1401  0  0 100  0  0 2025-08-25 14:01:37
 0  0      0 31630880   5504 6201672    0    0     0     4 1013 1464  0  0 100  0  0 2025-08-25 14:01:38
 0  0      0 31630956   5504 6201672    0    0     0    56  920 1429  0  0 100  0  0 2025-08-25 14:01:39
 0  0      0 31630956   5504 6201672    0    0     0     0  889 1382  0  0 100  0  0 2025-08-25 14:01:40
 0  0      0 31630956   5504 6201672    0    0     0     4  862 1365  0  0 100  0  0 2025-08-25 14:01:41
 0  0      0 31630956   5504 6201672    0    0     0     0  849 1376  0  0 100  0  0 2025-08-25 14:01:42
 0  0      0 31630956   5504 6201672    0    0     0     0  837 1427  0  0 100  0  0 2025-08-25 14:01:43
 0  0      0 31630956   5504 6201672    0    0     0    68 1012 1448  0  0 100  0  0 2025-08-25 14:01:44
 0  0      0 31630956   5504 6201672    0    0     0     0 4125 4646  0  0 100  0  0 2025-08-25 14:01:45
 0  0      0 31630956   5504 6201672    0    0     0     0  877 1382  0  0 100  0  0 2025-08-25 14:01:46
 0  0      0 31630956   5504 6201672    0    0     0     0  916 1426  0  0 100  0  0 2025-08-25 14:01:47
 0  0      0 31630956   5504 6201672    0    0     0     0  856 1334  0  0 100  0  0 2025-08-25 14:01:48
 0  0      0 31630956   5504 6201672    0    0     0    48  869 1380  0  0 100  0  0 2025-08-25 14:01:49
 0  0      0 31630956   5504 6201672    0    0     0     4  840 1386  0  0 100  0  0 2025-08-25 14:01:50
 0  0      0 31630956   5504 6201672    0    0     0     0  945 1432  0  0 100  0  0 2025-08-25 14:01:51
 0  0      0 31630956   5504 6201672    0    0     0     0  843 1358  0  0 100  0  0 2025-08-25 14:01:52
 0  0      0 31636400   5504 6201672    0    0     0     0 1038 1453  0  0 100  0  0 2025-08-25 14:01:53
 0  0      0 31636400   5504 6201672    0    0     0    48  870 1365  0  0 100  0  0 2025-08-25 14:01:54
 0  0      0 31636400   5504 6201672    0    0     0     0  903 1424  0  0 100  0  0 2025-08-25 14:01:55
 0  0      0 31636148   5504 6201676    0    0     0     8  888 1389  0  0 100  0  0 2025-08-25 14:01:56
 0  0      0 31636148   5504 6201676    0    0     0     0  827 1353  0  0 100  0  0 2025-08-25 14:01:57
 0  0      0 31637192   5504 6201676    0    0     0     0  968 1419  0  0 100  0  0 2025-08-25 14:01:58
 0  0      0 31635600   5504 6201676    0    0     0    52  943 1461  0  0 100  0  0 2025-08-25 14:01:59
 0  0      0 31634844   5504 6201732    0    0     0   150 2547 3052  0  0 100  0  0 2025-08-25 14:02:00
 0  0      0 31634844   5504 6201732    0    0     0     0  840 1374  0  0 100  0  0 2025-08-25 14:02:01
 0  0      0 31636052   5504 6201732    0    0     0     4  954 1437  0  0 100  0  0 2025-08-25 14:02:02
 0  0      0 31635800   5504 6201732    0    0     0     0  810 1405  0  0 100  0  0 2025-08-25 14:02:03
 0  0      0 31636460   5504 6201732    0    0     0     0  970 1437  0  0 100  0  0 2025-08-25 14:02:04
 0  0      0 31636612   5504 6201732    0    0     0    64  835 1377  0  0 100  0  0 2025-08-25 14:02:05
 0  0      0 31629808   5504 6201732    0    0     0     0  920 1440  0  0 100  0  0 2025-08-25 14:02:06
 0  0      0 31629808   5504 6201732    0    0     0     0  945 1410  0  0 100  0  0 2025-08-25 14:02:07
 0  0      0 31629808   5504 6201732    0    0     0     4  877 1402  0  0 100  0  0 2025-08-25 14:02:08
 0  0      0 31629808   5504 6201732    0    0     0     0  810 1359  0  0 100  0  0 2025-08-25 14:02:09
 0  0      0 31629808   5504 6201732    0    0     0    64  887 1478  0  0 100  0  0 2025-08-25 14:02:10
 0  0      0 31629808   5504 6201732    0    0     0     0 1017 1513  0  0 100  0  0 2025-08-25 14:02:11
 0  0      0 31629808   5504 6201732    0    0     0     8  816 1360  0  0 100  0  0 2025-08-25 14:02:12
 0  0      0 31629808   5504 6201732    0    0     0     0  908 1381  0  0 100  0  0 2025-08-25 14:02:13
 2  0      0 31629808   5504 6201732    0    0     0     4  839 1367  0  0 100  0  0 2025-08-25 14:02:14
 0  0      0 31632244   5504 6201732    0    0     0    56 1100 1534  0  0 100  0  0 2025-08-25 14:02:15
 0  0      0 31632244   5504 6201732    0    0     0     0  890 1418  0  0 100  0  0 2025-08-25 14:02:16
 0  0      0 31631236   5504 6201732    0    0     0     0  857 1387  0  0 100  0  0 2025-08-25 14:02:17
 1  0      0 31631236   5504 6201732    0    0     0     0  786 1348  0  0 100  0  0 2025-08-25 14:02:18
 1  0      0 31631236   5504 6201732    0    0     0     0  855 1406  0  0 100  0  0 2025-08-25 14:02:19
 0  0      0 31631236   5504 6201732    0    0     0    76  941 1466  0  0 100  0  0 2025-08-25 14:02:20
 0  0      0 31631236   5504 6201732    0    0     0     0  904 1362  0  0 100  0  0 2025-08-25 14:02:21
 0  0      0 31627456   5504 6201732    0    0     0     0 1123 1493  0  0 100  0  0 2025-08-25 14:02:22
 0  0      0 31627204   5504 6201732    0    0     0     0 4185 4483  0  0 100  0  0 2025-08-25 14:02:23
 0  0      0 31627204   5504 6201732    0    0     0     0 1013 1394  0  0 100  0  0 2025-08-25 14:02:24
 0  0      0 31627204   5504 6201732    0    0     0    88  951 1453  0  0 100  0  0 2025-08-25 14:02:25
 0  0      0 31631952   5504 6201732    0    0     0   134 1186 1669  0  0 100  0  0 2025-08-25 14:02:26
 0  0      0 31631952   5504 6201732    0    0     0     0  873 1428  0  0 100  0  0 2025-08-25 14:02:27
 0  0      0 31631952   5504 6201732    0    0     0     0  836 1375  0  0 100  0  0 2025-08-25 14:02:28
 0  0      0 31631952   5504 6201732    0    0     0     0  791 1343  0  0 100  0  0 2025-08-25 14:02:29
 0  0      0 31631952   5504 6201732    0    0     0   395  861 1542  0  0 100  0  0 2025-08-25 14:02:30
 0  0      0 31630812   5504 6201732    0    0     0     0 1084 1542  0  0 100  0  0 2025-08-25 14:02:31
 0  0      0 31630812   5504 6201732    0    0     0     4  875 1397  0  0 100  0  0 2025-08-25 14:02:32
 0  0      0 31630812   5504 6201732    0    0     0     0  872 1387  0  0 100  0  0 2025-08-25 14:02:33
 0  0      0 31630812   5504 6201732    0    0     0     0  854 1385  0  0 100  0  0 2025-08-25 14:02:34
 0  0      0 31630812   5504 6201736    0    0     0    52  870 1423  0  0 100  0  0 2025-08-25 14:02:35
 0  0      0 31630812   5504 6201736    0    0     0     0  879 1424  0  0 100  0  0 2025-08-25 14:02:36
 0  0      0 31630812   5504 6201736    0    0     0     0  866 1373  0  0 100  0  0 2025-08-25 14:02:37
 0  0      0 31633236   5504 6201736    0    0     0     8  974 1433  0  0 100  0  0 2025-08-25 14:02:38
 0  0      0 31633716   5504 6201736    0    0     0     0  976 1479  0  0 100  0  0 2025-08-25 14:02:39
 0  0      0 31633464   5504 6201736    0    0     0    56  938 1409  0  0 100  0  0 2025-08-25 14:02:40
 0  0      0 31633464   5504 6201736    0    0     0     0 1243 1627  0  0 100  0  0 2025-08-25 14:02:41
 0  0      0 31633464   5504 6201736    0    0     0     4 1859 1946  0  0 100  0  0 2025-08-25 14:02:42
 0  0      0 31633464   5504 6201736    0    0     0     0 1855 1985  0  0 100  0  0 2025-08-25 14:02:43
 0  0      0 31633464   5504 6201736    0    0     0     4 1056 1496  0  0 100  0  0 2025-08-25 14:02:44
 0  0      0 31633464   5504 6201736    0    0     0     0  825 1360  0  0 100  0  0 2025-08-25 14:02:45
 0  0      0 31634128   5504 6201736    0    0     0    48 4296 4756  0  0 99  0  0 2025-08-25 14:02:46
 0  0      0 31639260   5504 6201736    0    0     0     0 1047 1496  0  0 100  0  0 2025-08-25 14:02:47
 0  0      0 31639260   5504 6201736    0    0     0     0  869 1362  0  0 100  0  0 2025-08-25 14:02:48
 0  0      0 31639260   5504 6201736    0    0     0     0  807 1336  0  0 100  0  0 2025-08-25 14:02:49
 0  0      0 31639260   5504 6201736    0    0     0     4  805 1369  0  0 100  0  0 2025-08-25 14:02:50
 0  0      0 31639612   5504 6201736    0    0     0    48 1075 1554  0  0 100  0  0 2025-08-25 14:02:51
 0  0      0 31639612   5504 6201736    0    0     0     0  836 1359  0  0 100  0  0 2025-08-25 14:02:52
 0  0      0 31639612   5504 6201736    0    0     0     0  837 1360  0  0 100  0  0 2025-08-25 14:02:53
 1  0      0 31639612   5504 6201736    0    0     0     0  812 1348  0  0 100  0  0 2025-08-25 14:02:54
 0  0      0 31637712   5504 6201736    0    0     0     0  937 1468  0  0 100  0  0 2025-08-25 14:02:55
 0  0      0 31637712   5504 6201736    0    0     0    68  888 1433  0  0 100  0  0 2025-08-25 14:02:56
 0  0      0 31637712   5504 6201736    0    0     0     0  869 1354  0  0 100  0  0 2025-08-25 14:02:57
 0  0      0 31637712   5504 6201736    0    0     0     0  936 1393  0  0 100  0  0 2025-08-25 14:02:58
 0  0      0 31637712   5504 6201736    0    0     0     0  859 1387  0  0 100  0  0 2025-08-25 14:02:59
 0  0      0 31637460   5504 6201736    0    0     0    34 2643 3028  0  0 100  0  0 2025-08-25 14:03:00
 0  0      0 31637208   5504 6201600    0    0     0    60  892 1407  0  0 100  0  0 2025-08-25 14:03:01
 0  0      0 31637208   5504 6201600    0    0     0     4  905 1386  0  0 100  0  0 2025-08-25 14:03:02
 0  0      0 31639896   5504 6201600    0    0     0     0 1297 1571  0  0 99  0  0 2025-08-25 14:03:03
 0  0      0 31639952   5504 6201600    0    0     0     0  834 1380  0  0 100  0  0 2025-08-25 14:03:04
 0  0      0 31638848   5504 6201600    0    0     0     0  889 1433  0  0 100  0  0 2025-08-25 14:03:05
 0  0      0 31638624   5504 6201600    0    0     0    72  879 1427  0  0 100  0  0 2025-08-25 14:03:06
 0  0      0 31639288   5504 6201600    0    0     0     0 1064 1511  0  0 100  0  0 2025-08-25 14:03:07
 0  0      0 31642588   5504 6201600    0    0     0     4 1006 1486  0  0 100  0  0 2025-08-25 14:03:08
 0  0      0 31642680   5504 6201600    0    0     0     0 1066 1503  0  0 100  0  0 2025-08-25 14:03:09
 0  0      0 31642680   5504 6201600    0    0     0     0  891 1494  0  0 100  0  0 2025-08-25 14:03:10
 0  0      0 31642680   5504 6201600    0    0     0    60  962 1468  0  0 100  0  0 2025-08-25 14:03:11
 0  0      0 31642680   5504 6201600    0    0     0     0  870 1389  0  0 100  0  0 2025-08-25 14:03:12
 0  0      0 31642680   5504 6201600    0    0     0     8  935 1409  0  0 100  0  0 2025-08-25 14:03:13
 2  0      0 31642680   5504 6201604    0    0     0     8  863 1389  0  0 100  0  0 2025-08-25 14:03:14
 0  0      0 31642680   5504 6201604    0    0     0     0  850 1423  0  0 100  0  0 2025-08-25 14:03:15
 0  0      0 31642680   5504 6201604    0    0     0    60  961 1425  0  0 100  0  0 2025-08-25 14:03:16
 0  0      0 31640916   5504 6201604    0    0     0     0  952 1404  0  0 100  0  0 2025-08-25 14:03:17
 0  0      0 31640916   5504 6201604    0    0     0     0  835 1348  0  0 100  0  0 2025-08-25 14:03:18
 0  0      0 31640916   5504 6201604    0    0     0     0  888 1407  0  0 100  0  0 2025-08-25 14:03:19
 0  0      0 31640916   5504 6201604    0    0     0     4  888 1389  0  0 100  0  0 2025-08-25 14:03:20
 0  0      0 31640916   5504 6201604    0    0     0    52  910 1393  0  0 100  0  0 2025-08-25 14:03:21
 0  0      0 31640916   5504 6201604    0    0     0     0 3347 3696  0  0 100  0  0 2025-08-25 14:03:22
 0  0      0 31639684   5504 6201604    0    0     0     0 1564 2090  0  0 100  0  0 2025-08-25 14:03:23
 0  0      0 31645272   5504 6201604    0    0     0     0  921 1410  0  0 100  0  0 2025-08-25 14:03:24
 0  0      0 31645272   5504 6201604    0    0     0     0  781 1347  0  0 100  0  0 2025-08-25 14:03:25
 1  0      0 31645272   5504 6201604    0    0     0    68  830 1394  0  0 100  0  0 2025-08-25 14:03:26
 0  0      0 31645272   5504 6201604    0    0     0     0  875 1403  0  0 100  0  0 2025-08-25 14:03:27
 0  0      0 31645272   5504 6201604    0    0     0     0  876 1380  0  0 100  0  0 2025-08-25 14:03:28
 0  0      0 31645272   5504 6201604    0    0     0     0  846 1373  0  0 100  0  0 2025-08-25 14:03:29
 0  0      0 31645272   5504 6201604    0    0     0     0  824 1368  0  0 100  0  0 2025-08-25 14:03:30
 0  0      0 31645272   5504 6201604    0    0     0   103  867 1451  0  0 100  0  0 2025-08-25 14:03:31
 0  0      0 31644264   5504 6201604    0    0     0    60  973 1475  0  0 100  0  0 2025-08-25 14:03:32
 0  0      0 31644520   5504 6201604    0    0     0     0  960 1453  0  0 100  0  0 2025-08-25 14:03:33
 0  0      0 31644652   5504 6201604    0    0     0     0  824 1345  0  0 100  0  0 2025-08-25 14:03:34
 0  0      0 31644652   5504 6201604    0    0     0     0  901 1431  0  0 100  0  0 2025-08-25 14:03:35
 0  0      0 31645060   5504 6201604    0    0     0     0 1071 1488  0  0 100  0  0 2025-08-25 14:03:36
 0  0      0 31645060   5504 6201604    0    0     0    64  855 1384  0  0 100  0  0 2025-08-25 14:03:37
 0  0      0 31643296   5504 6201604    0    0     0     4  925 1429  0  0 100  0  0 2025-08-25 14:03:38
 0  0      0 31643044   5504 6201604    0    0     0     0  865 1407  0  0 100  0  0 2025-08-25 14:03:39
 0  0      0 31642288   5504 6201604    0    0     0     0  971 1445  0  0 100  0  0 2025-08-25 14:03:40
 0  0      0 31642288   5504 6201604    0    0     0     0  852 1383  0  0 100  0  0 2025-08-25 14:03:41
 0  0      0 31641956   5504 6201604    0    0     0    64 1161 1545  0  0 100  0  0 2025-08-25 14:03:42
 0  0      0 31641704   5504 6201604    0    0     0     0  876 1424  0  0 100  0  0 2025-08-25 14:03:43
 0  0      0 31641704   5504 6201604    0    0     0     8  863 1376  0  0 100  0  0 2025-08-25 14:03:44
 0  0      0 31641704   5504 6201604    0    0     0     0 2544 3119  0  0 100  0  0 2025-08-25 14:03:45
 0  0      0 31641704   5504 6201604    0    0     0     0 2231 2577  0  0 100  0  0 2025-08-25 14:03:46
 0  0      0 31641616   5504 6201604    0    0     0    52 1192 1845  0  0 100  0  0 2025-08-25 14:03:47
 0  0      0 31641616   5504 6201604    0    0     0     0  841 1381  0  0 100  0  0 2025-08-25 14:03:48
 0  0      0 31641616   5504 6201604    0    0     0     0  847 1349  0  0 100  0  0 2025-08-25 14:03:49
 0  0      0 31641616   5504 6201604    0    0     0     4  811 1368  0  0 100  0  0 2025-08-25 14:03:50
 0  0      0 31641616   5504 6201604    0    0     0     0  900 1424  0  0 100  0  0 2025-08-25 14:03:51
 0  0      0 31641616   5504 6201604    0    0     0    64  898 1408  0  0 100  0  0 2025-08-25 14:03:52
 0  0      0 31641616   5504 6201608    0    0     0     0  867 1399  0  0 100  0  0 2025-08-25 14:03:53
 0  0      0 31640388   5504 6201608    0    0     0     0  968 1445  0  0 100  0  0 2025-08-25 14:03:54
 0  0      0 31640136   5504 6201736    0    0     0     0  942 1420  0  0 100  0  0 2025-08-25 14:03:55
 0  0      0 31638372   5504 6201736    0    0     0     8 1024 1495  0  0 100  0  0 2025-08-25 14:03:56
 0  0      0 31638372   5504 6201736    0    0     0    48  829 1357  0  0 100  0  0 2025-08-25 14:03:57
 0  0      0 31638372   5504 6201736    0    0     0     0  926 1396  0  0 100  0  0 2025-08-25 14:03:58
 0  0      0 31638372   5504 6201736    0    0     0     0  858 1421  0  0 100  0  0 2025-08-25 14:03:59
 0  0      0 31638120   5504 6201484    0    0     0    32  929 1477  0  0 100  0  0 2025-08-25 14:04:00
 0  0      0 31638120   5504 6201484    0    0     0    13  919 1441  0  0 100  0  0 2025-08-25 14:04:01
 0  0      0 31638120   5504 6201484    0    0     0    64  880 1397  0  0 100  0  0 2025-08-25 14:04:02
 0  0      0 31638120   5504 6201484    0    0     0     0  847 1421  0  0 100  0  0 2025-08-25 14:04:03
 1  0      0 31638120   5504 6201484    0    0     0     0  849 1361  0  0 100  0  0 2025-08-25 14:04:04
 0  0      0 31638120   5504 6201484    0    0     0     0  945 1450  0  0 100  0  0 2025-08-25 14:04:05
 0  0      0 31635632   5504 6201484    0    0     0     0 1008 1576  0  0 100  0  0 2025-08-25 14:04:06
 0  0      0 31635752   5504 6201484    0    0     0    60  870 1429  0  0 100  0  0 2025-08-25 14:04:07
 0  0      0 31634340   5504 6201484    0    0     0     4  945 1479  0  0 100  0  0 2025-08-25 14:04:08
 0  0      0 31634340   5504 6201484    0    0     0     0  901 1390  0  0 100  0  0 2025-08-25 14:04:09
 0  0      0 31634340   5504 6201484    0    0     0     0  821 1365  0  0 100  0  0 2025-08-25 14:04:10
 0  0      0 31635976   5504 6201484    0    0     0     0 1185 1549  0  0 100  0  0 2025-08-25 14:04:11
 1  0      0 31635976   5504 6201484    0    0     0     0  819 1368  0  0 100  0  0 2025-08-25 14:04:12
 0  0      0 31635976   5504 6201484    0    0     0    60  824 1387  0  0 100  0  0 2025-08-25 14:04:13
 0  0      0 31635976   5504 6201484    0    0     0     4  904 1387  0  0 100  0  0 2025-08-25 14:04:14
 0  0      0 31635976   5504 6201484    0    0     0     8  825 1396  0  0 100  0  0 2025-08-25 14:04:15
 0  0      0 31637172   5504 6201484    0    0     0     0  907 1468  0  0 100  0  0 2025-08-25 14:04:16
 0  0      0 31634424   5504 6201484    0    0     0     0  849 1377  0  0 100  0  0 2025-08-25 14:04:17
 0  0      0 31634424   5504 6201484    0    0     0    64  789 1354  0  0 100  0  0 2025-08-25 14:04:18
 0  0      0 31634424   5504 6201484    0    0     0     0  794 1390  0  0 100  0  0 2025-08-25 14:04:19
 0  0      0 31634424   5504 6201484    0    0     0     4  818 1392  0  0 100  0  0 2025-08-25 14:04:20
 0  0      0 31634424   5504 6201484    0    0     0     0  846 1365  0  0 100  0  0 2025-08-25 14:04:21
 0  0      0 31634692   5504 6201484    0    0     0     0  781 1348  0  0 100  0  0 2025-08-25 14:04:22
 0  0      0 31634692   5504 6201484    0    0     0    52 3926 4286  0  0 100  0  0 2025-08-25 14:04:23
 0  0      0 31634692   5504 6201484    0    0     0     0  857 1378  0  0 100  0  0 2025-08-25 14:04:24
 0  0      0 31635508   5504 6201484    0    0     0     0  976 1429  0  0 100  0  0 2025-08-25 14:04:25
 0  0      0 31635256   5504 6201484    0    0     0     4  915 1432  0  0 100  0  0 2025-08-25 14:04:26
 0  0      0 31633492   5504 6201484    0    0     0     0  956 1463  0  0 100  0  0 2025-08-25 14:04:27
 0  0      0 31633492   5504 6201484    0    0     0    68  782 1361  0  0 100  0  0 2025-08-25 14:04:28
 0  0      0 31633492   5504 6201484    0    0     0     0  819 1358  0  0 100  0  0 2025-08-25 14:04:29
 0  0      0 31633492   5504 6201484    0    0     0     0  779 1359  0  0 100  0  0 2025-08-25 14:04:30
 0  0      0 31637324   5504 6201484    0    0     0    71  965 1492  0  0 100  0  0 2025-08-25 14:04:31
 0  0      0 31637324   5504 6201488    0    0     0     8  831 1364  0  0 100  0  0 2025-08-25 14:04:32
 0  0      0 31636500   5504 6201488    0    0     0    44  938 1428  0  0 100  0  0 2025-08-25 14:04:33
 0  0      0 31636160   5504 6201488    0    0     0     0  977 1423  0  0 100  0  0 2025-08-25 14:04:34
 0  0      0 31638588   5504 6201488    0    0     0     0  984 1493  0  0 100  0  0 2025-08-25 14:04:35
 0  0      0 31639696   5504 6201488    0    0     0     0  949 1437  0  0 100  0  0 2025-08-25 14:04:36
 0  0      0 31639696   5504 6201488    0    0     0     0  802 1366  0  0 100  0  0 2025-08-25 14:04:37
 0  0      0 31635452   5504 6201488    0    0     0    68 1006 1462  0  0 100  0  0 2025-08-25 14:04:38
 0  0      0 31635452   5504 6201488    0    0     0     0  861 1417  0  0 100  0  0 2025-08-25 14:04:39
 0  0      0 31635452   5504 6201488    0    0     0     0  808 1367  0  0 100  0  0 2025-08-25 14:04:40
 0  0      0 31637876   5504 6201488    0    0     0     0 1480 1730  0  0 100  0  0 2025-08-25 14:04:41
 0  0      0 31637876   5504 6201488    0    0     0     0 1626 1924  0  0 100  0  0 2025-08-25 14:04:42
 0  0      0 31637768   5504 6201488    0    0     0    56 1702 2009  0  0 100  0  0 2025-08-25 14:04:43
 0  0      0 31637768   5504 6201488    0    0     0     4  870 1402  0  0 100  0  0 2025-08-25 14:04:44
 0  0      0 31637768   5504 6201488    0    0     0     4  856 1356  0  0 100  0  0 2025-08-25 14:04:45
 0  0      0 31637768   5504 6201488    0    0     0     0 3980 4326  0  0 100  0  0 2025-08-25 14:04:46
 0  0      0 31637768   5504 6201488    0    0     0     0  877 1430  0  0 100  0  0 2025-08-25 14:04:47
 0  0      0 31637768   5504 6201488    0    0     0    52  871 1390  0  0 100  0  0 2025-08-25 14:04:48
 0  0      0 31637768   5504 6201488    0    0     0     0  991 1689  0  0 100  0  0 2025-08-25 14:04:49
 0  0      0 31637768   5504 6201488    0    0     0     4  832 1373  0  0 100  0  0 2025-08-25 14:04:50
 0  0      0 31637768   5504 6201488    0    0     0     0  890 1418  0  0 100  0  0 2025-08-25 14:04:51
 0  0      0 31637768   5504 6201488    0    0     0     0  839 1359  0  0 100  0  0 2025-08-25 14:04:52
 1  0      0 31636004   5504 6201488    0    0     0    56  961 1448  0  0 100  0  0 2025-08-25 14:04:53
 0  0      0 31634464   5504 6201488    0    0     0     0  936 1441  0  0 100  0  0 2025-08-25 14:04:54
 0  0      0 31634464   5504 6201488    0    0     0     0  866 1421  0  0 100  0  0 2025-08-25 14:04:55
 0  0      0 31634464   5504 6201488    0    0     0     4  867 1397  0  0 100  0  0 2025-08-25 14:04:56
 0  0      0 31634464   5504 6201488    0    0     0     0  896 1384  0  0 100  0  0 2025-08-25 14:04:57
 0  0      0 31634464   5504 6201488    0    0     0     0  917 1393  0  0 100  0  0 2025-08-25 14:04:58
 0  0      0 31634464   5504 6201488    0    0     0    56  868 1436  0  0 100  0  0 2025-08-25 14:04:59
 0  0      0 31634212   5504 6201440    0    0     0    24 2467 2986  0  0 100  0  0 2025-08-25 14:05:00
 0  0      0 31634212   5504 6201440    0    0     0    14  820 1400  0  0 100  0  0 2025-08-25 14:05:01
 0  0      0 31634212   5504 6201440    0    0     0     4  821 1359  0  0 100  0  0 2025-08-25 14:05:02
 0  0      0 31638580   5504 6201440    0    0     0     8  990 1490  0  0 100  0  0 2025-08-25 14:05:03
 0  0      0 31638580   5504 6201440    0    0     0    56  816 1373  0  0 100  0  0 2025-08-25 14:05:04
 0  0      0 31638580   5504 6201440    0    0     0     0  835 1382  0  0 100  0  0 2025-08-25 14:05:05
 1  0      0 31643360   5504 6201440    0    0     0     0 1000 1464  0  0 100  0  0 2025-08-25 14:05:06
 0  0      0 31643352   5504 6201440    0    0     0     0  869 1436  0  0 100  0  0 2025-08-25 14:05:07
 0  0      0 31643352   5504 6201440    0    0     0     4  940 1429  0  0 100  0  0 2025-08-25 14:05:08
 0  0      0 31643352   5504 6201440    0    0     0    56  830 1368  0  0 100  0  0 2025-08-25 14:05:09
 0  0      0 31643352   5504 6201440    0    0     0     0  828 1450  0  0 100  0  0 2025-08-25 14:05:10
 0  0      0 31643352   5504 6201444    0    0     0     0  960 1475  0  0 100  0  0 2025-08-25 14:05:11
 0  0      0 31643352   5504 6201444    0    0     0     0 1006 1384  0  0 100  0  0 2025-08-25 14:05:12
 0  0      0 31643352   5504 6201444    0    0     0     0  856 1372  0  0 100  0  0 2025-08-25 14:05:13
 0  0      0 31643352   5504 6201444    0    0     0    60  907 1416  0  0 100  0  0 2025-08-25 14:05:14
 0  0      0 31645040   5504 6201444    0    0     0     0  935 1490  0  0 100  0  0 2025-08-25 14:05:15
 0  0      0 31644788   5504 6201444    0    0     0     8  855 1380  0  0 100  0  0 2025-08-25 14:05:16
 0  0      0 31643276   5504 6201444    0    0     0     0  966 1414  0  0 100  0  0 2025-08-25 14:05:17
 0  0      0 31643276   5504 6201444    0    0     0     0  864 1378  0  0 100  0  0 2025-08-25 14:05:18
 0  0      0 31643276   5504 6201444    0    0     0    68  852 1408  0  0 100  0  0 2025-08-25 14:05:19
 0  0      0 31643276   5504 6201444    0    0     0     4  855 1412  0  0 100  0  0 2025-08-25 14:05:20
 0  0      0 31643276   5504 6201444    0    0     0     0  873 1396  0  0 100  0  0 2025-08-25 14:05:21
 0  0      0 31643276   5504 6201444    0    0     0     0  854 1373  0  0 100  0  0 2025-08-25 14:05:22
 0  0      0 31644188   5504 6201444    0    0     0     0 4192 4500  0  0 99  0  0 2025-08-25 14:05:23
 0  0      0 31643972   5504 6201444    0    0     0    56  874 1391  0  0 100  0  0 2025-08-25 14:05:24
 0  0      0 31645368   5504 6201444    0    0     0     0  936 1422  0  0 100  0  0 2025-08-25 14:05:25
 0  0      0 31645368   5504 6201444    0    0     0     4  870 1401  0  0 100  0  0 2025-08-25 14:05:26
 0  0      0 31645368   5504 6201444    0    0     0     0  879 1408  0  0 100  0  0 2025-08-25 14:05:27
 0  0      0 31645368   5504 6201444    0    0     0     0  840 1387  0  0 100  0  0 2025-08-25 14:05:28
 0  0      0 31645368   5504 6201444    0    0     0    64  803 1350  0  0 100  0  0 2025-08-25 14:05:29
 0  0      0 31645368   5504 6201444    0    0     0     0  908 1420  0  0 100  0  0 2025-08-25 14:05:30
 1  0      0 31645368   5504 6201444    0    0     0   130  900 1461  0  0 100  0  0 2025-08-25 14:05:31
 0  0      0 31646836   5504 6201444    0    0     0     4  943 1411  0  0 100  0  0 2025-08-25 14:05:32
 0  0      0 31646696   5504 6201444    0    0     0     0  997 1383  0  0 100  0  0 2025-08-25 14:05:33
 0  0      0 31646696   5504 6201444    0    0     0    60  820 1353  0  0 100  0  0 2025-08-25 14:05:34
 0  0      0 31645464   5504 6201444    0    0     0     0  966 1482  0  0 100  0  0 2025-08-25 14:05:35
 0  0      0 31645464   5504 6201444    0    0     0     0  993 1430  0  0 100  0  0 2025-08-25 14:05:36
 0  0      0 31643196   5504 6201444    0    0     0     0  998 1419  0  0 100  0  0 2025-08-25 14:05:37
 0  0      0 31638664   5504 6201444    0    0     0    44 1044 1504  0  0 100  0  0 2025-08-25 14:05:38
 0  0      0 31638160   5504 6201476    0    0     0     0  832 1390  0  0 100  0  0 2025-08-25 14:05:39
 0  0      0 31638160   5504 6201476    0    0     0    60  820 1388  0  0 100  0  0 2025-08-25 14:05:40
 0  0      0 31638160   5504 6201476    0    0     0     0  925 1404  0  0 100  0  0 2025-08-25 14:05:41
 0  0      0 31638160   5504 6201476    0    0     0     0  827 1372  0  0 100  0  0 2025-08-25 14:05:42
 0  0      0 31638160   5504 6201476    0    0     0     0  875 1427  0  0 100  0  0 2025-08-25 14:05:43
 0  0      0 31642760   5504 6201412    0    0     0    12 1034 1441  0  0 100  0  0 2025-08-25 14:05:44
 0  0      0 31642508   5504 6201412    0    0     0    64  788 1355  0  0 100  0  0 2025-08-25 14:05:45
 0  0      0 31642508   5504 6201412    0    0     0     0 3962 4353  0  0 100  0  0 2025-08-25 14:05:46
 1  0      0 31642508   5504 6201412    0    0     0     4  809 1387  0  0 100  0  0 2025-08-25 14:05:47
 0  0      0 31642508   5504 6201412    0    0     0     0  838 1372  0  0 100  0  0 2025-08-25 14:05:48
 0  0      0 31646296   5504 6201412    0    0     0     0  981 1440  0  0 100  0  0 2025-08-25 14:05:49
 0  0      0 31646332   5504 6201416    0    0     0    60 1096 1765  0  0 100  0  0 2025-08-25 14:05:50
 0  0      0 31646996   5504 6201416    0    0     0     0 1020 1478  0  0 100  0  0 2025-08-25 14:05:51
 0  0      0 31647220   5504 6201416    0    0     0     0  849 1380  0  0 100  0  0 2025-08-25 14:05:52
 0  0      0 31647220   5504 6201416    0    0     0     0  841 1363  0  0 100  0  0 2025-08-25 14:05:53
 0  0      0 31644716   5504 6201416    0    0     0     0  995 1440  0  0 100  0  0 2025-08-25 14:05:54
 0  0      0 31644716   5504 6201416    0    0     0    40  875 1400  0  0 100  0  0 2025-08-25 14:05:55
 1  0      0 31644716   5504 6201416    0    0     0     4  908 1412  0  0 100  0  0 2025-08-25 14:05:56
 0  0      0 31642700   5504 6201416    0    0     0     0  897 1384  0  0 100  0  0 2025-08-25 14:05:57
 0  0      0 31642700   5504 6201416    0    0     0     0  841 1382  0  0 100  0  0 2025-08-25 14:05:58
 0  0      0 31642700   5504 6201416    0    0     0     0  907 1423  0  0 100  0  0 2025-08-25 14:05:59
 1  0      0 31641692   5504 6201416    0    0     0    68 2592 2959  0  0 100  0  0 2025-08-25 14:06:00
 0  0      0 31641948   5504 6201288    0    0     0     0  896 1392  0  0 100  0  0 2025-08-25 14:06:01
 1  0      0 31641948   5504 6201288    0    0     0    19  821 1397  0  0 100  0  0 2025-08-25 14:06:02
 0  0      0 31641948   5504 6201288    0    0     0     0  826 1393  0  0 100  0  0 2025-08-25 14:06:03
 0  0      0 31641948   5504 6201288    0    0     0     0  826 1350  0  0 100  0  0 2025-08-25 14:06:04
 0  0      0 31641948   5504 6201288    0    0     0    60  787 1359  0  0 100  0  0 2025-08-25 14:06:05
 0  0      0 31641948   5504 6201288    0    0     0     0  867 1405  0  0 100  0  0 2025-08-25 14:06:06
 0  0      0 31641948   5504 6201288    0    0     0     0  848 1399  0  0 100  0  0 2025-08-25 14:06:07
 1  0      0 31641948   5504 6201288    0    0     0     4  815 1365  0  0 100  0  0 2025-08-25 14:06:08
 0  0      0 31641948   5504 6201288    0    0     0     0  799 1364  0  0 100  0  0 2025-08-25 14:06:09
 1  0      0 31643796   5504 6201288    0    0     0    48 1155 1561  0  0 100  0  0 2025-08-25 14:06:10
 0  0      0 31643796   5504 6201288    0    0     0     0  903 1433  0  0 100  0  0 2025-08-25 14:06:11
 0  0      0 31642284   5504 6201288    0    0     0     0  927 1450  0  0 100  0  0 2025-08-25 14:06:12
 0  0      0 31645116   5504 6201288    0    0     0     0  983 1450  0  0 100  0  0 2025-08-25 14:06:13
 0  0      0 31642628   5504 6201288    0    0     0     4  973 1438  0  0 100  0  0 2025-08-25 14:06:14
 0  0      0 31642628   5504 6201288    0    0     0    68  933 1459  0  0 100  0  0 2025-08-25 14:06:15
 0  0      0 31643548   5504 6201288    0    0     0     0  961 1460  0  0 100  0  0 2025-08-25 14:06:16
 0  0      0 31643548   5504 6201288    0    0     0     8  914 1406  0  0 100  0  0 2025-08-25 14:06:17
 0  0      0 31643548   5504 6201288    0    0     0     0  815 1345  0  0 100  0  0 2025-08-25 14:06:18
 0  0      0 31642292   5504 6201288    0    0     0     0 1051 1521  0  0 100  0  0 2025-08-25 14:06:19
 0  0      0 31642292   5504 6201288    0    0     0    72  836 1397  0  0 100  0  0 2025-08-25 14:06:20
 0  0      0 31642292   5504 6201288    0    0     0     0  900 1414  0  0 100  0  0 2025-08-25 14:06:21
 0  0      0 31641360   5504 6201288    0    0     0     0 1079 1498  0  0 100  0  0 2025-08-25 14:06:22
 0  0      0 31641252   5504 6201288    0    0     0     0 3998 4334  0  0 100  0  0 2025-08-25 14:06:23
 0  0      0 31641252   5504 6201288    0    0     0     0  886 1394  0  0 100  0  0 2025-08-25 14:06:24
 0  0      0 31642664   5504 6201288    0    0     0     0  995 1441  0  0 100  0  0 2025-08-25 14:06:25
 0  0      0 31642664   5504 6201288    0    0     0    72  949 1450  0  0 100  0  0 2025-08-25 14:06:26
 0  0      0 31642664   5504 6201288    0    0     0     0  881 1422  0  0 100  0  0 2025-08-25 14:06:27
 0  0      0 31644356   5504 6201288    0    0     0     0 1002 1452  0  0 100  0  0 2025-08-25 14:06:28
 0  0      0 31643908   5504 6201292    0    0     0     0  828 1372  0  0 100  0  0 2025-08-25 14:06:29
 0  0      0 31643908   5504 6201292    0    0     0     0  856 1390  0  0 100  0  0 2025-08-25 14:06:30
 0  0      0 31643908   5504 6201292    0    0     0    56  873 1429  0  0 100  0  0 2025-08-25 14:06:31
 0  0      0 31643908   5504 6201292    0    0     0    14  810 1399  0  0 100  0  0 2025-08-25 14:06:32
 0  0      0 31643908   5504 6201292    0    0     0     0  833 1380  0  0 100  0  0 2025-08-25 14:06:33
 0  0      0 31643908   5504 6201292    0    0     0     0  834 1364  0  0 100  0  0 2025-08-25 14:06:34
 0  0      0 31643908   5504 6201292    0    0     0     0  806 1400  0  0 100  0  0 2025-08-25 14:06:35
 0  0      0 31643908   5504 6201292    0    0     0    48  859 1401  0  0 100  0  0 2025-08-25 14:06:36
 0  0      0 31643908   5504 6201292    0    0     0     0  817 1344  0  0 100  0  0 2025-08-25 14:06:37
 0  0      0 31641388   5504 6201292    0    0     0     4  915 1421  0  0 100  0  0 2025-08-25 14:06:38
 0  0      0 31641388   5504 6201292    0    0     0     0  879 1422  0  0 100  0  0 2025-08-25 14:06:39
 0  0      0 31641388   5504 6201292    0    0     0     0  790 1358  0  0 100  0  0 2025-08-25 14:06:40
 0  0      0 31641388   5504 6201292    0    0     0    44 1462 1747  0  0 100  0  0 2025-08-25 14:06:41
 0  0      0 31641136   5504 6201292    0    0     0     0 1740 1929  0  0 100  0  0 2025-08-25 14:06:42
 0  0      0 31641136   5504 6201292    0    0     0     0 1822 2036  0  0 98  2  0 2025-08-25 14:06:43
 0  0      0 31641136   5504 6201292    0    0     0     4  815 1362  0  0 100  0  0 2025-08-25 14:06:44
 0  0      0 31641136   5504 6201292    0    0     0     0  838 1376  0  0 100  0  0 2025-08-25 14:06:45
 0  0      0 31641136   5504 6201292    0    0     0    48 3973 4369  0  0 100  0  0 2025-08-25 14:06:46
 0  0      0 31641136   5504 6201292    0    0     0     0  819 1383  0  0 100  0  0 2025-08-25 14:06:47
 0  0      0 31641136   5504 6201292    0    0     0     4  864 1381  0  0 100  0  0 2025-08-25 14:06:48
 0  0      0 31641136   5504 6201292    0    0     0     0  904 1386  0  0 100  0  0 2025-08-25 14:06:49
 0  0      0 31641136   5504 6201292    0    0     0     4  818 1373  0  0 100  0  0 2025-08-25 14:06:50
 0  0      0 31641136   5504 6201292    0    0     0    52  850 1425  0  0 100  0  0 2025-08-25 14:06:51
 0  0      0 31641136   5504 6201292    0    0     0     0 1039 1709  0  0 100  0  0 2025-08-25 14:06:52
 1  0      0 31641136   5504 6201292    0    0     0     0  807 1342  0  0 100  0  0 2025-08-25 14:06:53
 0  0      0 31640784   5504 6201292    0    0     0     0  968 1425  0  0 100  0  0 2025-08-25 14:06:54
 0  0      0 31640784   5504 6201292    0    0     0     0  823 1395  0  0 100  0  0 2025-08-25 14:06:55
 0  0      0 31640784   5504 6201292    0    0     0    48  876 1393  0  0 100  0  0 2025-08-25 14:06:56
 0  0      0 31639776   5504 6201292    0    0     0     0  907 1377  0  0 100  0  0 2025-08-25 14:06:57
 0  0      0 31639776   5504 6201292    0    0     0     0  831 1387  0  0 100  0  0 2025-08-25 14:06:58
 1  0      0 31639776   5504 6201292    0    0     0     0  859 1404  0  0 100  0  0 2025-08-25 14:06:59
 0  0      0 31638012   5504 6201292    0    0     0    16 2481 2934  0  0 100  0  0 2025-08-25 14:07:00
 0  0      0 31637760   5504 6201420    0    0     0    48  853 1373  0  0 100  0  0 2025-08-25 14:07:01
 0  0      0 31637760   5504 6201420    0    0     0    10  833 1375  0  0 100  0  0 2025-08-25 14:07:02
 0  0      0 31637760   5504 6201420    0    0     0     0  893 1429  0  0 100  0  0 2025-08-25 14:07:03
 0  0      0 31637760   5504 6201420    0    0     0     0  827 1364  0  0 100  0  0 2025-08-25 14:07:04
 0  0      0 31637760   5504 6201420    0    0     0     0  773 1348  0  0 100  0  0 2025-08-25 14:07:05
 0  0      0 31637760   5504 6201420    0    0     0     8  886 1399  0  0 100  0  0 2025-08-25 14:07:06
 1  0      0 31637760   5504 6201420    0    0     0    40  841 1422  0  0 100  0  0 2025-08-25 14:07:07
 0  0      0 31637760   5504 6201424    0    0     0     8  865 1398  0  0 100  0  0 2025-08-25 14:07:08
 0  0      0 31637760   5504 6201424    0    0     0     0  842 1364  0  0 100  0  0 2025-08-25 14:07:09
 0  0      0 31637760   5504 6201424    0    0     0     0  836 1430  0  0 100  0  0 2025-08-25 14:07:10
 0  0      0 31637760   5504 6201424    0    0     0     0  869 1418  0  0 100  0  0 2025-08-25 14:07:11
 0  0      0 31637760   5504 6201424    0    0     0    48  888 1394  0  0 100  0  0 2025-08-25 14:07:12
 0  0      0 31637760   5504 6201424    0    0     0     0  861 1382  0  0 100  0  0 2025-08-25 14:07:13
 0  0      0 31637760   5504 6201424    0    0     0     4  856 1377  0  0 100  0  0 2025-08-25 14:07:14
 0  0      0 31637760   5504 6201424    0    0     0     0  861 1410  0  0 100  0  0 2025-08-25 14:07:15
 0  0      0 31637760   5504 6201424    0    0     0     0  851 1376  0  0 100  0  0 2025-08-25 14:07:16
 0  0      0 31634992   5504 6201424    0    0     0    52  937 1391  0  0 100  0  0 2025-08-25 14:07:17
 0  0      0 31634992   5504 6201424    0    0     0     0  960 1414  0  0 100  0  0 2025-08-25 14:07:18
 1  0      0 31634992   5504 6201424    0    0     0     8  936 1413  0  0 100  0  0 2025-08-25 14:07:19
 0  0      0 31634992   5504 6201424    0    0     0     4  808 1382  0  0 100  0  0 2025-08-25 14:07:20
 2  0      0 31634992   5504 6201424    0    0     0     0  832 1380  0  0 100  0  0 2025-08-25 14:07:21
 0  0      0 31634992   5504 6201424    0    0     0    48  869 1390  0  0 100  0  0 2025-08-25 14:07:22
 2  0      0 31634992   5504 6201424    0    0     0     0 4009 4367  0  0 100  0  0 2025-08-25 14:07:23
 0  0      0 31634992   5504 6201424    0    0     0    12  937 1440  0  0 100  0  0 2025-08-25 14:07:24
 0  0      0 31634656   5504 6201424    0    0     0   110 1042 1514  0  0 100  0  0 2025-08-25 14:07:25
 0  0      0 31634656   5504 6201424    0    0     0    12  835 1411  0  0 100  0  0 2025-08-25 14:07:26
 0  0      0 31634656   5504 6201424    0    0     0    60  844 1390  0  0 100  0  0 2025-08-25 14:07:27
 0  0      0 31634656   5504 6201424    0    0     0     0  846 1384  0  0 100  0  0 2025-08-25 14:07:28
 0  0      0 31634656   5504 6201424    0    0     0     0  870 1364  0  0 100  0  0 2025-08-25 14:07:29
 0  0      0 31637592   5504 6201424    0    0     0     0  967 1472  0  0 100  0  0 2025-08-25 14:07:30
 0  0      0 31641232   5504 6201424    0    0     0     0 1030 1503  0  0 100  0  0 2025-08-25 14:07:31
 0  0      0 31641512   5504 6201424    0    0     0   230  836 1421  0  0 100  0  0 2025-08-25 14:07:32
 0  0      0 31641512   5504 6201424    0    0     0     0  828 1348  0  0 100  0  0 2025-08-25 14:07:33
 0  0      0 31641512   5504 6201424    0    0     0     0  861 1383  0  0 100  0  0 2025-08-25 14:07:34
 0  0      0 31641512   5504 6201424    0    0     0     0  838 1410  0  0 100  0  0 2025-08-25 14:07:35
 0  0      0 31641512   5504 6201424    0    0     0     0  896 1433  0  0 100  0  0 2025-08-25 14:07:36
 0  0      0 31640504   5504 6201424    0    0     0    60  997 1453  0  0 100  0  0 2025-08-25 14:07:37
 0  0      0 31636476   5504 6201440    0    0     0    28 1009 1469  0  0 100  0  0 2025-08-25 14:07:38
 0  0      0 31636476   5504 6201440    0    0     0     0  850 1407  0  0 100  0  0 2025-08-25 14:07:39
 0  0      0 31636476   5504 6201440    0    0     0     0  819 1355  0  0 100  0  0 2025-08-25 14:07:40
 0  0      0 31636476   5504 6201440    0    0     0     0  852 1387  0  0 100  0  0 2025-08-25 14:07:41
 0  0      0 31636476   5504 6201440    0    0     0    56  898 1401  0  0 100  0  0 2025-08-25 14:07:42
 0  0      0 31636476   5504 6201440    0    0     0     0  828 1421  0  0 100  0  0 2025-08-25 14:07:43
 0  0      0 31636476   5504 6201440    0    0     0     4  847 1371  0  0 100  0  0 2025-08-25 14:07:44
 0  0      0 31636476   5504 6201440    0    0     0     0  776 1335  0  0 100  0  0 2025-08-25 14:07:45
 0  0      0 31636476   5504 6201440    0    0     0     0 3949 4296  0  0 100  0  0 2025-08-25 14:07:46
 0  0      0 31636476   5504 6201444    0    0     0    52  863 1417  0  0 100  0  0 2025-08-25 14:07:47
 0  0      0 31636476   5504 6201444    0    0     0     0  840 1353  0  0 100  0  0 2025-08-25 14:07:48
 0  0      0 31636476   5504 6201444    0    0     0     0  839 1368  0  0 100  0  0 2025-08-25 14:07:49
 1  0      0 31636476   5504 6201444    0    0     0    12  820 1381  0  0 100  0  0 2025-08-25 14:07:50
 0  0      0 31636476   5504 6201444    0    0     0     0  880 1424  0  0 100  0  0 2025-08-25 14:07:51
 0  0      0 31636476   5504 6201444    0    0     0     0  843 1354  0  0 100  0  0 2025-08-25 14:07:52
 0  0      0 31636476   5504 6201444    0    0     0    40 1119 1757  0  0 100  0  0 2025-08-25 14:07:53
 0  0      0 31636476   5504 6201444    0    0     0     0  882 1370  0  0 100  0  0 2025-08-25 14:07:54
 0  0      0 31636476   5504 6201444    0    0     0     0  927 1440  0  0 100  0  0 2025-08-25 14:07:55
 0  0      0 31636476   5504 6201444    0    0     0     8  882 1409  0  0 100  0  0 2025-08-25 14:07:56
 0  0      0 31635896   5504 6201444    0    0     0     0 1221 1517  0  0 100  0  0 2025-08-25 14:07:57
 0  0      0 31635736   5504 6201444    0    0     0    60  843 1399  0  0 100  0  0 2025-08-25 14:07:58
 0  0      0 31635736   5504 6201444    0    0     0     0  804 1391  0  0 100  0  0 2025-08-25 14:07:59
 0  0      0 31635736   5504 6201444    0    0     0    16 2458 2938  0  0 100  0  0 2025-08-25 14:08:00
 0  0      0 31635484   5504 6201316    0    0     0     0  859 1402  0  0 100  0  0 2025-08-25 14:08:01
 0  0      0 31635484   5504 6201316    0    0     0    11  875 1409  0  0 100  0  0 2025-08-25 14:08:02
 0  0      0 31635484   5504 6201316    0    0     0    48  857 1423  0  0 100  0  0 2025-08-25 14:08:03
 0  0      0 31635484   5504 6201316    0    0     0     0  853 1359  0  0 100  0  0 2025-08-25 14:08:04
 0  0      0 31635484   5504 6201316    0    0     0     0  780 1344  0  0 100  0  0 2025-08-25 14:08:05
 0  0      0 31635484   5504 6201316    0    0     0     0  863 1394  0  0 100  0  0 2025-08-25 14:08:06
 0  0      0 31635484   5504 6201316    0    0     0     8  844 1398  0  0 100  0  0 2025-08-25 14:08:07
 0  0      0 31635484   5504 6201316    0    0     0    48  827 1385  0  0 100  0  0 2025-08-25 14:08:08
 0  0      0 31635484   5504 6201316    0    0     0     0  833 1350  0  0 100  0  0 2025-08-25 14:08:09
 0  0      0 31635484   5504 6201316    0    0     0     0  885 1441  0  0 100  0  0 2025-08-25 14:08:10
 0  0      0 31635484   5504 6201316    0    0     0     0  926 1426  0  0 100  0  0 2025-08-25 14:08:11
 0  0      0 31635484   5504 6201316    0    0     0     0  874 1360  0  0 100  0  0 2025-08-25 14:08:12
 0  0      0 31635484   5504 6201316    0    0     0    44  832 1400  0  0 100  0  0 2025-08-25 14:08:13
 0  0      0 31635484   5504 6201316    0    0     0     4  854 1370  0  0 100  0  0 2025-08-25 14:08:14
 0  0      0 31635484   5504 6201316    0    0     0     0  926 1441  0  0 100  0  0 2025-08-25 14:08:15
 0  0      0 31635484   5504 6201316    0    0     0     0  867 1390  0  0 100  0  0 2025-08-25 14:08:16
 1  0      0 31634728   5504 6201316    0    0     0     0  864 1374  0  0 100  0  0 2025-08-25 14:08:17
 0  0      0 31634728   5504 6201316    0    0     0    56  826 1372  0  0 100  0  0 2025-08-25 14:08:18
 0  0      0 31632740   5504 6201316    0    0     0     0  950 1482  0  0 100  0  0 2025-08-25 14:08:19
 0  0      0 31632740   5504 6201316    0    0     0    12  879 1391  0  0 100  0  0 2025-08-25 14:08:20
 0  0      0 31632740   5504 6201316    0    0     0     0  850 1362  0  0 100  0  0 2025-08-25 14:08:21
 0  0      0 31632740   5504 6201316    0    0     0     0  811 1364  0  0 100  0  0 2025-08-25 14:08:22
 0  0      0 31632740   5504 6201316    0    0     0    64 4006 4377  0  0 100  0  0 2025-08-25 14:08:23
 0  0      0 31632740   5504 6201316    0    0     0     0  837 1381  0  0 100  0  0 2025-08-25 14:08:24
 0  0      0 31634252   5504 6201316    0    0     0     0  979 1449  0  0 100  0  0 2025-08-25 14:08:25
 0  0      0 31639908   5504 6201320    0    0     0     8  886 1395  0  0 100  0  0 2025-08-25 14:08:26
 0  0      0 31640268   5504 6201320    0    0     0     0 1002 1440  0  0 100  0  0 2025-08-25 14:08:27
 0  0      0 31640268   5504 6201320    0    0     0    68  907 1389  0  0 100  0  0 2025-08-25 14:08:28
 0  0      0 31640268   5504 6201320    0    0     0     0  823 1335  0  0 100  0  0 2025-08-25 14:08:29
 0  0      0 31640268   5504 6201320    0    0     0     0  818 1379  0  0 100  0  0 2025-08-25 14:08:30
 0  0      0 31640268   5504 6201320    0    0     0     0  871 1409  0  0 100  0  0 2025-08-25 14:08:31
 0  0      0 31640268   5504 6201320    0    0     0     4  806 1363  0  0 100  0  0 2025-08-25 14:08:32
 0  0      0 31640268   5504 6201320    0    0     0    30  807 1367  0  0 100  0  0 2025-08-25 14:08:33
 0  0      0 31640268   5504 6201320    0    0     0    44  835 1366  0  0 100  0  0 2025-08-25 14:08:34
 0  0      0 31640268   5504 6201320    0    0     0     0  877 1405  0  0 100  0  0 2025-08-25 14:08:35
 0  0      0 31640268   5504 6201320    0    0     0     0  855 1376  0  0 100  0  0 2025-08-25 14:08:36
 0  0      0 31640268   5504 6201320    0    0     0     0  864 1357  0  0 100  0  0 2025-08-25 14:08:37
 0  0      0 31640268   5504 6201320    0    0     0     4  944 1400  0  0 100  0  0 2025-08-25 14:08:38
 0  0      0 31640268   5504 6201320    0    0     0    44  823 1412  0  0 100  0  0 2025-08-25 14:08:39
 0  0      0 31640268   5504 6201320    0    0     0     0  826 1360  0  0 100  0  0 2025-08-25 14:08:40
 0  0      0 31640268   5504 6201320    0    0     0     0 1499 1758  0  0 100  0  0 2025-08-25 14:08:41
 0  0      0 31640268   5504 6201320    0    0     0     0 1861 1950  0  0 100  0  0 2025-08-25 14:08:42
 0  0      0 31640268   5504 6201320    0    0     0     0 1766 1947  0  0 100  0  0 2025-08-25 14:08:43
 0  0      0 31640268   5504 6201320    0    0     0    60  886 1406  0  0 100  0  0 2025-08-25 14:08:44
 0  0      0 31640268   5504 6201320    0    0     0     0  779 1329  0  0 100  0  0 2025-08-25 14:08:45
 0  0      0 31640268   5504 6201320    0    0     0     0 3997 4349  0  0 100  0  0 2025-08-25 14:08:46
 0  0      0 31640268   5504 6201320    0    0     0     0  823 1378  0  0 100  0  0 2025-08-25 14:08:47
 0  0      0 31640268   5504 6201320    0    0     0     0  828 1354  0  0 100  0  0 2025-08-25 14:08:48
 0  0      0 31640268   5504 6201320    0    0     0    44  855 1361  0  0 100  0  0 2025-08-25 14:08:49
 0  0      0 31640268   5504 6201320    0    0     0     4  861 1388  0  0 100  0  0 2025-08-25 14:08:50
 0  0      0 31642216   5504 6201320    0    0     0     8  976 1492  0  0 100  0  0 2025-08-25 14:08:51
 0  0      0 31642216   5504 6201320    0    0     0     0  818 1361  0  0 100  0  0 2025-08-25 14:08:52
 0  0      0 31642216   5504 6201320    0    0     0     0  856 1358  0  0 100  0  0 2025-08-25 14:08:53
 0  0      0 31642216   5504 6201320    0    0     0    52  823 1359  0  0 100  0  0 2025-08-25 14:08:54
 0  0      0 31642216   5504 6201320    0    0     0     0 1012 1724  0  0 100  0  0 2025-08-25 14:08:55
 0  0      0 31642216   5504 6201320    0    0     0     4  894 1429  0  0 100  0  0 2025-08-25 14:08:56
 0  0      0 31641964   5504 6201320    0    0     0     0  926 1402  0  0 100  0  0 2025-08-25 14:08:57
 0  0      0 31641964   5504 6201320    0    0     0     0  819 1357  0  0 100  0  0 2025-08-25 14:08:58
 0  0      0 31641964   5504 6201320    0    0     0    44  871 1427  0  0 100  0  0 2025-08-25 14:08:59
 0  0      0 31641964   5504 6201448    0    0     0    16 2516 2973  0  0 100  0  0 2025-08-25 14:09:00
 0  0      0 31641964   5504 6201448    0    0     0     0  840 1362  0  0 100  0  0 2025-08-25 14:09:01
 0  0      0 31641964   5504 6201448    0    0     0     4  807 1352  0  0 100  0  0 2025-08-25 14:09:02
 0  0      0 31641964   5504 6201448    0    0     0     5  861 1439  0  0 100  0  0 2025-08-25 14:09:03
 0  0      0 31641964   5504 6201448    0    0     0    52  857 1367  0  0 100  0  0 2025-08-25 14:09:04
 0  0      0 31641964   5504 6201452    0    0     0     0  776 1344  0  0 100  0  0 2025-08-25 14:09:05
 0  0      0 31641964   5504 6201452    0    0     0     0  854 1380  0  0 100  0  0 2025-08-25 14:09:06
 0  0      0 31641964   5504 6201452    0    0     0     0  808 1387  0  0 100  0  0 2025-08-25 14:09:07
 0  0      0 31641964   5504 6201452    0    0     0    16  827 1379  0  0 100  0  0 2025-08-25 14:09:08
 0  0      0 31641964   5504 6201452    0    0     0    48  903 1395  0  0 100  0  0 2025-08-25 14:09:09
 0  0      0 31641712   5504 6201452    0    0     0     0  872 1459  0  0 100  0  0 2025-08-25 14:09:10
 0  0      0 31641712   5504 6201452    0    0     0     0  867 1419  0  0 100  0  0 2025-08-25 14:09:11
 0  0      0 31641712   5504 6201452    0    0     0     0  826 1382  0  0 100  0  0 2025-08-25 14:09:12
 0  0      0 31641712   5504 6201452    0    0     0     0  820 1368  0  0 100  0  0 2025-08-25 14:09:13
 0  0      0 31641712   5504 6201452    0    0     0    44  905 1413  0  0 100  0  0 2025-08-25 14:09:14
 0  0      0 31639948   5504 6201452    0    0     0     0 1022 1519  0  0 100  0  0 2025-08-25 14:09:15
 0  0      0 31639948   5504 6201452    0    0     0     0  869 1405  0  0 100  0  0 2025-08-25 14:09:16
 0  0      0 31639948   5504 6201452    0    0     0     0  938 1414  0  0 100  0  0 2025-08-25 14:09:17
 0  0      0 31639948   5504 6201452    0    0     0     0  912 1395  0  0 100  0  0 2025-08-25 14:09:18
 0  0      0 31639948   5504 6201452    0    0     0     0  915 1416  0  0 100  0  0 2025-08-25 14:09:19
 0  0      0 31639948   5504 6201452    0    0     0    64  943 1455  0  0 100  0  0 2025-08-25 14:09:20
 0  0      0 31639948   5504 6201452    0    0     0     0  841 1384  0  0 100  0  0 2025-08-25 14:09:21
 0  0      0 31639948   5504 6201452    0    0     0     4  867 1374  0  0 100  0  0 2025-08-25 14:09:22
 0  0      0 31639948   5504 6201452    0    0     0     0 4080 4430  0  0 100  0  0 2025-08-25 14:09:23
 0  0      0 31639948   5504 6201452    0    0     0     0  846 1354  0  0 100  0  0 2025-08-25 14:09:24
 0  0      0 31639948   5504 6201452    0    0     0    56  845 1345  0  0 100  0  0 2025-08-25 14:09:25
 0  0      0 31639912   5504 6201452    0    0     0     4 1001 1481  0  0 100  0  0 2025-08-25 14:09:26
 0  0      0 31639660   5504 6201452    0    0     0     0  856 1415  0  0 100  0  0 2025-08-25 14:09:27
 0  0      0 31639660   5504 6201452    0    0     0     0  794 1332  0  0 100  0  0 2025-08-25 14:09:28
 0  0      0 31639660   5504 6201452    0    0     0     0  825 1357  0  0 100  0  0 2025-08-25 14:09:29
 0  0      0 31639660   5504 6201452    0    0     0    64  902 1402  0  0 100  0  0 2025-08-25 14:09:30
 0  0      0 31639660   5504 6201452    0    0     0     0  924 1442  0  0 100  0  0 2025-08-25 14:09:31
 0  0      0 31639660   5504 6201452    0    0     0     4  894 1383  0  0 100  0  0 2025-08-25 14:09:32
 0  0      0 31639660   5504 6201452    0    0     0     5  830 1397  0  0 100  0  0 2025-08-25 14:09:33
 0  0      0 31639660   5504 6201452    0    0     0     0  847 1373  0  0 100  0  0 2025-08-25 14:09:34
 0  0      0 31639660   5504 6201452    0    0     0    48  835 1393  0  0 100  0  0 2025-08-25 14:09:35
 0  0      0 31639660   5504 6201452    0    0     0     0  874 1404  0  0 100  0  0 2025-08-25 14:09:36
 0  0      0 31639660   5504 6201452    0    0     0     0  859 1357  0  0 100  0  0 2025-08-25 14:09:37
 0  0      0 31634120   5504 6201452    0    0     0     4 1009 1455  0  0 100  0  0 2025-08-25 14:09:38
 0  0      0 31634120   5504 6201452    0    0     0     0  824 1391  0  0 100  0  0 2025-08-25 14:09:39
 0  0      0 31634120   5504 6201452    0    0     0    40  811 1360  0  0 100  0  0 2025-08-25 14:09:40
 0  0      0 31634120   5504 6201452    0    0     0     0  822 1372  0  0 100  0  0 2025-08-25 14:09:41
 0  0      0 31634120   5504 6201452    0    0     0     0  851 1378  0  0 100  0  0 2025-08-25 14:09:42
 0  0      0 31634120   5504 6201452    0    0     0     0  854 1408  0  0 100  0  0 2025-08-25 14:09:43
 0  0      0 31634120   5504 6201456    0    0     0     8  824 1362  0  0 100  0  0 2025-08-25 14:09:44
 0  0      0 31634120   5504 6201456    0    0     0    56  807 1349  0  0 100  0  0 2025-08-25 14:09:45
 0  0      0 31634120   5504 6201456    0    0     0     0 4018 4383  0  0 100  0  0 2025-08-25 14:09:46
 0  0      0 31634120   5504 6201456    0    0     0     0  859 1394  0  0 100  0  0 2025-08-25 14:09:47
 0  0      0 31634120   5504 6201456    0    0     0     0  833 1364  0  0 100  0  0 2025-08-25 14:09:48
 0  0      0 31634120   5504 6201456    0    0     0     0  812 1328  0  0 100  0  0 2025-08-25 14:09:49
 0  0      0 31634120   5504 6201456    0    0     0    44  847 1375  0  0 100  0  0 2025-08-25 14:09:50
 0  0      0 31634120   5504 6201456    0    0     0     0  874 1423  0  0 100  0  0 2025-08-25 14:09:51
 0  0      0 31634120   5504 6201456    0    0     0     8  858 1356  0  0 100  0  0 2025-08-25 14:09:52
 0  0      0 31634120   5504 6201456    0    0     0     0  797 1346  0  0 100  0  0 2025-08-25 14:09:53
 0  0      0 31634120   5504 6201456    0    0     0     0  906 1387  0  0 100  0  0 2025-08-25 14:09:54
 0  0      0 31634120   5504 6201456    0    0     0    44  880 1394  0  0 100  0  0 2025-08-25 14:09:55
 1  0      0 31634120   5504 6201456    0    0     0     4 1067 1723  0  0 100  0  0 2025-08-25 14:09:56
 0  0      0 31632356   5504 6201456    0    0     0     0  888 1394  0  0 100  0  0 2025-08-25 14:09:57
 1  0      0 31632356   5504 6201456    0    0     0     0  842 1356  0  0 100  0  0 2025-08-25 14:09:58
 0  0      0 31632356   5504 6201456    0    0     0     0  851 1421  0  0 100  0  0 2025-08-25 14:09:59
 0  0      0 31607532   5504 6201484    0    0     0    48 2596 3034  0  0 99  0  0 2025-08-25 14:10:00
 0  0      0 31607532   5504 6201484    0    0     0    64  839 1357  0  0 100  0  0 2025-08-25 14:10:01
 0  0      0 31607532   5504 6201528    0    0     0     4  846 1392  0  0 100  0  0 2025-08-25 14:10:02
 0  0      0 31608008   5504 6201528    0    0     0    22  854 1449  0  0 100  0  0 2025-08-25 14:10:03
 0  0      0 31610196   5504 6201528    0    0     0     0  805 1358  0  0 100  0  0 2025-08-25 14:10:04
 0  0      0 31612108   5504 6201528    0    0     0    92  807 1390  0  0 100  0  0 2025-08-25 14:10:05
 0  0      0 31612108   5504 6201528    0    0     0    40  842 1376  0  0 100  0  0 2025-08-25 14:10:06
 0  0      0 31613564   5504 6201528    0    0     0     0  811 1399  0  0 100  0  0 2025-08-25 14:10:07
 0  0      0 31615056   5504 6201528    0    0     0     4  800 1367  0  0 100  0  0 2025-08-25 14:10:08
 0  0      0 31616364   5504 6201528    0    0     0     0  777 1330  0  0 100  0  0 2025-08-25 14:10:09
 0  0      0 31619376   5504 6201528    0    0     0     8  840 1475  0  0 100  0  0 2025-08-25 14:10:10
 0  0      0 31619124   5504 6201528    0    0     0    48  965 1448  0  0 100  0  0 2025-08-25 14:10:11
 0  0      0 31619124   5504 6201528    0    0     0     0  885 1391  0  0 100  0  0 2025-08-25 14:10:12
 0  0      0 31619124   5504 6201528    0    0     0     0  791 1349  0  0 100  0  0 2025-08-25 14:10:13
 0  0      0 31619124   5504 6201528    0    0     0     4 1011 1374  0  0 100  0  0 2025-08-25 14:10:14
 0  0      0 31619124   5504 6201528    0    0     0     0  862 1414  0  0 100  0  0 2025-08-25 14:10:15
 0  0      0 31619124   5504 6201528    0    0     0    48  893 1396  0  0 100  0  0 2025-08-25 14:10:16
 0  0      0 31617360   5504 6201528    0    0     0     0  937 1403  0  0 100  0  0 2025-08-25 14:10:17
 0  0      0 31617360   5504 6201528    0    0     0     0  814 1353  0  0 100  0  0 2025-08-25 14:10:18
 0  0      0 31617360   5504 6201528    0    0     0     0  826 1408  0  0 100  0  0 2025-08-25 14:10:19
 1  0      0 31617360   5504 6201528    0    0     0     4  821 1361  0  0 100  0  0 2025-08-25 14:10:20
 0  0      0 31617360   5504 6201528    0    0     0    56  867 1396  0  0 100  0  0 2025-08-25 14:10:21
 0  0      0 31617360   5504 6201528    0    0     0     0  849 1346  0  0 100  0  0 2025-08-25 14:10:22
 0  0      0 31617360   5504 6201532    0    0     0     4 3950 4375  0  0 100  0  0 2025-08-25 14:10:23
 0  0      0 31617360   5504 6201532    0    0     0     0  793 1357  0  0 100  0  0 2025-08-25 14:10:24
 0  0      0 31617360   5504 6201532    0    0     0     0  839 1355  0  0 100  0  0 2025-08-25 14:10:25
 0  0      0 31617360   5504 6201532    0    0     0    56  909 1406  0  0 100  0  0 2025-08-25 14:10:26
 0  0      0 31617360   5504 6201532    0    0     0     0  858 1417  0  0 100  0  0 2025-08-25 14:10:27
 0  0      0 31617360   5504 6201532    0    0     0     0  872 1376  0  0 100  0  0 2025-08-25 14:10:28
 0  0      0 31617360   5504 6201532    0    0     0     0  810 1356  0  0 100  0  0 2025-08-25 14:10:29
 0  0      0 31617360   5504 6201532    0    0     0     0  770 1347  0  0 100  0  0 2025-08-25 14:10:30
 0  0      0 31617360   5504 6201532    0    0     0    60  862 1439  0  0 100  0  0 2025-08-25 14:10:31
 1  0      0 31617360   5504 6201532    0    0     0     4  845 1358  0  0 100  0  0 2025-08-25 14:10:32
 0  0      0 31617360   5504 6201532    0    0     0   129  825 1400  0  0 100  0  0 2025-08-25 14:10:33
 0  0      0 31617360   5504 6201532    0    0     0     0  987 1345  0  0 100  0  0 2025-08-25 14:10:34
 0  0      0 31617360   5504 6201532    0    0     0     0  810 1384  0  0 100  0  0 2025-08-25 14:10:35
 0  0      0 31617360   5504 6201532    0    0     0    48  903 1418  0  0 100  0  0 2025-08-25 14:10:36
 0  0      0 31617360   5504 6201532    0    0     0     0  821 1366  0  0 100  0  0 2025-08-25 14:10:37
 0  0      0 31619080   5504 6201532    0    0     0    20  924 1435  0  0 100  0  0 2025-08-25 14:10:38
 0  0      0 31619148   5504 6201540    0    0     0     0  820 1411  0  0 100  0  0 2025-08-25 14:10:39
 0  0      0 31619148   5504 6201540    0    0     0     8  826 1369  0  0 100  0  0 2025-08-25 14:10:40
 0  0      0 31619148   5504 6201540    0    0     0    48 1578 1819  0  0 100  0  0 2025-08-25 14:10:41
 0  0      0 31619148   5504 6201540    0    0     0     0 1874 1946  0  0 100  0  0 2025-08-25 14:10:42
 0  0      0 31619148   5504 6201540    0    0     0     0 1724 1931  0  0 100  0  0 2025-08-25 14:10:43
 0  0      0 31619148   5504 6201540    0    0     0     4  833 1391  0  0 100  0  0 2025-08-25 14:10:44
 0  0      0 31619148   5504 6201540    0    0     0     0 3946 4327  0  0 100  0  0 2025-08-25 14:10:45
 0  0      0 31619148   5504 6201540    0    0     0     0  810 1375  0  0 100  0  0 2025-08-25 14:10:46
 0  0      0 31619148   5504 6201540    0    0     0    52  872 1423  0  0 100  0  0 2025-08-25 14:10:47
 0  0      0 31619148   5504 6201540    0    0     0     0  855 1399  0  0 100  0  0 2025-08-25 14:10:48
 0  0      0 31619148   5504 6201540    0    0     0     0  823 1365  0  0 100  0  0 2025-08-25 14:10:49
 0  0      0 31619148   5504 6201540    0    0     0     4  846 1374  0  0 100  0  0 2025-08-25 14:10:50
 0  0      0 31619148   5504 6201540    0    0     0     0  887 1422  0  0 100  0  0 2025-08-25 14:10:51
 0  0      0 31632832   5504 6201540    0    0     0    52  936 1450  0  0 100  0  0 2025-08-25 14:10:52
 1  0      0 31632832   5504 6201540    0    0     0     0  792 1361  0  0 100  0  0 2025-08-25 14:10:53
 0  0      0 31632832   5504 6201540    0    0     0     8  892 1388  0  0 100  0  0 2025-08-25 14:10:54
 0  0      0 31632832   5504 6201540    0    0     0     0  835 1403  0  0 100  0  0 2025-08-25 14:10:55
 0  0      0 31632832   5504 6201540    0    0     0     4  857 1387  0  0 100  0  0 2025-08-25 14:10:56
 0  0      0 31631068   5504 6201540    0    0     0    48 1128 1763  0  0 100  0  0 2025-08-25 14:10:57
 0  0      0 31631068   5504 6201540    0    0     0     0  806 1366  0  0 100  0  0 2025-08-25 14:10:58
 0  0      0 31631068   5504 6201540    0    0     0     0  850 1395  0  0 100  0  0 2025-08-25 14:10:59
 0  0      0 31631068   5504 6201540    0    0     0    16 2589 2944  0  0 100  0  0 2025-08-25 14:11:00
 0  0      0 31631068   5504 6201540    0    0     0     8  836 1372  0  0 100  0  0 2025-08-25 14:11:01
 0  0      0 31630816   5504 6201416    0    0     0    52  800 1382  0  0 100  0  0 2025-08-25 14:11:02
 0  0      0 31630816   5504 6201416    0    0     0   134  881 1442  0  0 100  0  0 2025-08-25 14:11:03
 0  0      0 31630816   5504 6201416    0    0     0     1  825 1369  0  0 100  0  0 2025-08-25 14:11:04
 0  0      0 31630816   5504 6201416    0    0     0     0  838 1352  0  0 100  0  0 2025-08-25 14:11:05
 0  0      0 31630816   5504 6201416    0    0     0     0  870 1386  0  0 100  0  0 2025-08-25 14:11:06
 0  0      0 31630816   5504 6201416    0    0     0    40  877 1417  0  0 100  0  0 2025-08-25 14:11:07
 0  0      0 31630816   5504 6201416    0    0     0     4  828 1385  0  0 100  0  0 2025-08-25 14:11:08
 0  0      0 31630816   5504 6201416    0    0     0     0  803 1353  0  0 100  0  0 2025-08-25 14:11:09
 0  0      0 31630816   5504 6201416    0    0     0     0  874 1451  0  0 100  0  0 2025-08-25 14:11:10
 0  0      0 31630816   5504 6201416    0    0     0     0  867 1421  0  0 100  0  0 2025-08-25 14:11:11
 0  0      0 31630816   5504 6201416    0    0     0    44  819 1368  0  0 100  0  0 2025-08-25 14:11:12
 0  0      0 31630816   5504 6201416    0    0     0     0  766 1365  0  0 100  0  0 2025-08-25 14:11:13
 0  0      0 31630816   5504 6201416    0    0     0     4  867 1385  0  0 100  0  0 2025-08-25 14:11:14
 2  0      0 31630816   5504 6201416    0    0     0     0  836 1390  0  0 100  0  0 2025-08-25 14:11:15
 0  0      0 31630816   5504 6201416    0    0     0     0  883 1392  0  0 100  0  0 2025-08-25 14:11:16
 0  0      0 31630060   5504 6201416    0    0     0    56  870 1368  0  0 100  0  0 2025-08-25 14:11:17
 0  0      0 31630060   5504 6201416    0    0     0     0  802 1345  0  0 100  0  0 2025-08-25 14:11:18
 0  0      0 31630060   5504 6201416    0    0     0     0  904 1412  0  0 100  0  0 2025-08-25 14:11:19
 0  0      0 31630060   5504 6201416    0    0     0     4  912 1409  0  0 100  0  0 2025-08-25 14:11:20
 0  0      0 31630060   5504 6201416    0    0     0     0  853 1383  0  0 100  0  0 2025-08-25 14:11:21
 1  0      0 31630060   5504 6201416    0    0     0    52 2772 3350  0  0 100  0  0 2025-08-25 14:11:22
 0  0      0 31630060   5504 6201416    0    0     0     0 2026 2343  0  0 100  0  0 2025-08-25 14:11:23
 0  0      0 31630060   5504 6201416    0    0     0     4  886 1402  0  0 100  0  0 2025-08-25 14:11:24
 0  0      0 31630060   5504 6201416    0    0     0     0  804 1327  0  0 100  0  0 2025-08-25 14:11:25
 0  0      0 31630060   5504 6201416    0    0     0     4  805 1400  0  0 100  0  0 2025-08-25 14:11:26
 0  0      0 31630060   5504 6201416    0    0     0     0  856 1404  0  0 100  0  0 2025-08-25 14:11:27
 0  0      0 31630060   5504 6201416    0    0     0    60  821 1380  0  0 100  0  0 2025-08-25 14:11:28
 0  0      0 31630060   5504 6201416    0    0     0     0  799 1336  0  0 100  0  0 2025-08-25 14:11:29
 0  0      0 31630060   5504 6201416    0    0     0     0  855 1390  0  0 100  0  0 2025-08-25 14:11:30
 0  0      0 31630060   5504 6201416    0    0     0     0  941 1431  0  0 100  0  0 2025-08-25 14:11:31
 0  0      0 31630060   5504 6201416    0    0     0     4  837 1356  0  0 100  0  0 2025-08-25 14:11:32
 0  0      0 31630060   5504 6201416    0    0     0    44  956 1453  0  0 100  0  0 2025-08-25 14:11:33
 1  0      0 31630060   5504 6201416    0    0     0    21  854 1408  0  0 100  0  0 2025-08-25 14:11:34
 0  0      0 31618468   5504 6201416    0    0     0     0 1230 1647  0  0 100  0  0 2025-08-25 14:11:35
 0  0      0 31618672   5504 6201420    0    0     0     0  799 1409  0  0 100  0  0 2025-08-25 14:11:36
 0  0      0 31618672   5504 6201424    0    0     0     0 1163 1584  0  0 99  0  0 2025-08-25 14:11:37
 0  0      0 31619784   5504 6201424    0    0     0   116 1583 1838  1  0 99  0  0 2025-08-25 14:11:38
 0  0      0 31620772   5504 6201428    0    0     0     0  909 1427  0  0 100  0  0 2025-08-25 14:11:39
 0  0      0 31621340   5504 6201428    0    0     0     0 1067 1514  0  0 100  0  0 2025-08-25 14:11:40
 0  0      0 31621340   5504 6201436    0    0     0     0 1260 1671  0  0 99  0  0 2025-08-25 14:11:41
 0  0      0 31621088   5504 6201436    0    0     0     0  815 1350  0  0 100  0  0 2025-08-25 14:11:42
 0  0      0 31621088   5504 6201436    0    0     0    80 1018 1475  0  0 100  0  0 2025-08-25 14:11:43
 1  0      0 31621088   5504 6201436    0    0     0     8  834 1370  0  0 100  0  0 2025-08-25 14:11:44
 0  0      0 31621088   5504 6201436    0    0     0    16 2109 2365  0  0 100  0  0 2025-08-25 14:11:45
 0  0      0 31621088   5504 6201436    0    0     0     0 2644 3329  0  0 100  0  0 2025-08-25 14:11:46
 0  0      0 31621088   5504 6201436    0    0     0     0  858 1394  0  0 100  0  0 2025-08-25 14:11:47
 0  0      0 31621088   5504 6201436    0    0     0    44  844 1373  0  0 100  0  0 2025-08-25 14:11:48
 0  0      0 31621088   5504 6201436    0    0     0     0  816 1344  0  0 100  0  0 2025-08-25 14:11:49
 0  0      0 31621088   5504 6201436    0    0     0     4  867 1388  0  0 100  0  0 2025-08-25 14:11:50
 0  0      0 31621088   5504 6201436    0    0     0     0  854 1427  0  0 100  0  0 2025-08-25 14:11:51
 0  0      0 31621088   5504 6201436    0    0     0     0  831 1347  0  0 100  0  0 2025-08-25 14:11:52
 0  0      0 31621088   5504 6201436    0    0     0    44  850 1366  0  0 100  0  0 2025-08-25 14:11:53
 0  0      0 31621088   5504 6201436    0    0     0     0  818 1357  0  0 100  0  0 2025-08-25 14:11:54
 0  0      0 31621088   5504 6201436    0    0     0    16  858 1402  0  0 100  0  0 2025-08-25 14:11:55
 0  0      0 31621088   5504 6201436    0    0     0     4  916 1412  0  0 100  0  0 2025-08-25 14:11:56
 0  0      0 31619324   5504 6201436    0    0     0     0  985 1424  0  0 100  0  0 2025-08-25 14:11:57
 0  0      0 31619072   5504 6201436    0    0     0    48  870 1390  0  0 100  0  0 2025-08-25 14:11:58
 0  0      0 31619072   5504 6201436    0    0     0     0 1048 1742  0  0 100  0  0 2025-08-25 14:11:59
 0  0      0 31619072   5504 6201564    0    0     0    16 2505 2939  0  0 100  0  0 2025-08-25 14:12:00
 0  0      0 31619072   5504 6201564    0    0     0     0  867 1387  0  0 100  0  0 2025-08-25 14:12:01
 0  0      0 31619072   5504 6201564    0    0     0    12  834 1372  0  0 100  0  0 2025-08-25 14:12:02
 0  0      0 31619072   5504 6201564    0    0     0    44  844 1419  0  0 100  0  0 2025-08-25 14:12:03
 0  0      0 31619072   5504 6201564    0    0     0     9  817 1379  0  0 100  0  0 2025-08-25 14:12:04
 0  0      0 31619072   5504 6201564    0    0     0     0  815 1336  0  0 100  0  0 2025-08-25 14:12:05
 0  0      0 31619072   5504 6201564    0    0     0     0  847 1394  0  0 100  0  0 2025-08-25 14:12:06
 0  0      0 31619072   5504 6201564    0    0     0     0  838 1396  0  0 100  0  0 2025-08-25 14:12:07
 0  0      0 31619072   5504 6201564    0    0     0    44  865 1410  0  0 100  0  0 2025-08-25 14:12:08
 0  0      0 31619072   5504 6201564    0    0     0     0  802 1344  0  0 100  0  0 2025-08-25 14:12:09
 0  0      0 31619072   5504 6201564    0    0     0     0  830 1431  0  0 100  0  0 2025-08-25 14:12:10
 0  0      0 31619072   5504 6201564    0    0     0     0  939 1474  0  0 100  0  0 2025-08-25 14:12:11
 1  0      0 31619072   5504 6201564    0    0     0     0  908 1387  0  0 100  0  0 2025-08-25 14:12:12
 0  0      0 31619072   5504 6201564    0    0     0     0  826 1345  0  0 100  0  0 2025-08-25 14:12:13
 0  0      0 31630500   5504 6201564    0    0     0    68  967 1441  0  0 100  0  0 2025-08-25 14:12:14
 0  0      0 31630500   5504 6201564    0    0     0     0  850 1399  0  0 100  0  0 2025-08-25 14:12:15
 1  0      0 31630500   5504 6201564    0    0     0     0  856 1390  0  0 100  0  0 2025-08-25 14:12:16
 0  0      0 31629492   5504 6201564    0    0     0     0  917 1391  0  0 100  0  0 2025-08-25 14:12:17
 0  0      0 31629240   5504 6201564    0    0     0     0  788 1351  0  0 100  0  0 2025-08-25 14:12:18
 0  0      0 31629240   5504 6201564    0    0     0    56  851 1420  0  0 100  0  0 2025-08-25 14:12:19
 0  0      0 31628988   5504 6201568    0    0     0     8  813 1356  0  0 100  0  0 2025-08-25 14:12:20
 0  0      0 31628988   5504 6201568    0    0     0     0  795 1384  0  0 100  0  0 2025-08-25 14:12:21
 0  0      0 31628988   5504 6201568    0    0     0     0  777 1344  0  0 100  0  0 2025-08-25 14:12:22
 0  0      0 31628988   5504 6201568    0    0     0     0 3962 4374  0  0 100  0  0 2025-08-25 14:12:23
 0  0      0 31628988   5504 6201568    0    0     0    60  899 1400  0  0 100  0  0 2025-08-25 14:12:24
 0  0      0 31628988   5504 6201568    0    0     0   112  873 1458  0  0 100  0  0 2025-08-25 14:12:25
 0  0      0 31628988   5504 6201568    0    0     0     8  908 1416  0  0 100  0  0 2025-08-25 14:12:26
 0  0      0 31628988   5504 6201568    0    0     0     0  876 1414  0  0 100  0  0 2025-08-25 14:12:27
 1  0      0 31628988   5504 6201568    0    0     0     0  873 1377  0  0 100  0  0 2025-08-25 14:12:28
 0  0      0 31628988   5504 6201568    0    0     0    60  862 1378  0  0 100  0  0 2025-08-25 14:12:29
 0  0      0 31628988   5504 6201568    0    0     0     0 1192 1711  0  0 99  0  0 2025-08-25 14:12:30
 0  0      0 31628988   5504 6201568    0    0     0     0 1185 1600  0  0 100  0  0 2025-08-25 14:12:31
 0  0      0 31628736   5504 6201568    0    0     0    12 1302 1668  0  0 99  0  0 2025-08-25 14:12:32
 0  0      0 31628736   5504 6201568    0    0     0     0  849 1375  0  0 100  0  0 2025-08-25 14:12:33
 0  0      0 31628736   5504 6201568    0    0     0   320  858 1431  0  0 100  0  0 2025-08-25 14:12:34
 0  0      0 31628736   5504 6201568    0    0     0     0  852 1423  0  0 100  0  0 2025-08-25 14:12:35
 0  0      0 31628736   5504 6201568    0    0     0    16 1172 1609  0  0 100  0  0 2025-08-25 14:12:36
 0  0      0 31628736   5504 6201568    0    0     0     0 1197 1595  0  0 100  0  0 2025-08-25 14:12:37
 0  0      0 31626720   5504 6201572    0    0     0     4 1413 1901  0  0 99  0  0 2025-08-25 14:12:38
 0  0      0 31610872   5504 6201572    0    0     0    76 1152 1605  0  0 99  0  0 2025-08-25 14:12:39
 0  0      0 31610872   5504 6201572    0    0     0     0 1422 1833  1  0 99  0  0 2025-08-25 14:12:40
 0  0      0 31610648   5504 6201576    0    0     0     0 1681 1888  0  0 100  0  0 2025-08-25 14:12:41
 0  0      0 31610648   5504 6201576    0    0     0    24 1819 1973  0  0 100  0  0 2025-08-25 14:12:42
 0  0      0 31610648   5504 6201576    0    0     0     0 1666 1889  0  0 100  0  0 2025-08-25 14:12:43
 0  0      0 31610648   5504 6201576    0    0     0    80  955 1465  0  0 100  0  0 2025-08-25 14:12:44
 0  0      0 31610648   5504 6201576    0    0     0     0  854 1357  0  0 100  0  0 2025-08-25 14:12:45
 0  0      0 31610648   5504 6201580    0    0     0     0 4023 4389  0  0 100  0  0 2025-08-25 14:12:46
 0  0      0 31610648   5504 6201580    0    0     0     0  812 1382  0  0 100  0  0 2025-08-25 14:12:47
 0  0      0 31610648   5504 6201580    0    0     0     0  924 1433  0  0 100  0  0 2025-08-25 14:12:48
 0  0      0 31610648   5504 6201580    0    0     0    72  853 1417  0  0 100  0  0 2025-08-25 14:12:49
 0  0      0 31610648   5504 6201580    0    0     0     4  899 1410  0  0 100  0  0 2025-08-25 14:12:50
 0  0      0 31610648   5504 6201580    0    0     0     0  881 1439  0  0 100  0  0 2025-08-25 14:12:51
 0  0      0 31610648   5504 6201580    0    0     0     0 1091 1552  0  0 100  0  0 2025-08-25 14:12:52
 0  0      0 31610648   5504 6201580    0    0     0     8  813 1379  0  0 100  0  0 2025-08-25 14:12:53
 0  0      0 31610648   5504 6201580    0    0     0     0  833 1361  0  0 100  0  0 2025-08-25 14:12:54
 0  0      0 31610648   5504 6201580    0    0     0    68  879 1407  0  0 100  0  0 2025-08-25 14:12:55
 0  0      0 31611692   5504 6201580    0    0     0     8 1180 2262  1  0 99  0  0 2025-08-25 14:12:56
 0  0      0 31609928   5504 6201580    0    0     0    36  940 1448  0  0 100  0  0 2025-08-25 14:12:57
 0  0      0 31609928   5504 6201580    0    0     0     0  813 1394  0  0 100  0  0 2025-08-25 14:12:58
 0  0      0 31609928   5504 6201580    0    0     0     0  836 1388  0  0 100  0  0 2025-08-25 14:12:59
 0  0      0 31612364   5504 6201456    0    0     0    76 2690 3308  0  0 100  0  0 2025-08-25 14:13:00
 0  0      0 31612364   5504 6201456    0    0     0     0  849 1406  0  0 100  0  0 2025-08-25 14:13:01
 0  0      0 31612364   5504 6201456    0    0     0     8  863 1412  0  0 100  0  0 2025-08-25 14:13:02
 0  0      0 31612364   5504 6201456    0    0     0     0  835 1410  0  0 100  0  0 2025-08-25 14:13:03
 0  0      0 31612364   5504 6201456    0    0     0    16  782 1361  0  0 100  0  0 2025-08-25 14:13:04
 0  0      0 31612364   5504 6201456    0    0     0    48  919 1434  0  0 100  0  0 2025-08-25 14:13:05
 0  0      0 31613460   5504 6201456    0    0     0     0  853 1394  0  0 100  0  0 2025-08-25 14:13:06
 0  0      0 31613460   5504 6201456    0    0     0     0  837 1400  0  0 100  0  0 2025-08-25 14:13:07
 0  0      0 31611788   5504 6201456    0    0     0     4  855 1379  0  0 100  0  0 2025-08-25 14:13:08
 0  0      0 31612160   5504 6201456    0    0     0     0  784 1333  0  0 100  0  0 2025-08-25 14:13:09
 0  0      0 31613120   5504 6201456    0    0     0    52  878 1470  0  0 100  0  0 2025-08-25 14:13:10
 0  0      0 31613120   5504 6201456    0    0     0     8  926 1457  0  0 100  0  0 2025-08-25 14:13:11
 0  0      0 31613120   5504 6201456    0    0     0     0  832 1376  0  0 100  0  0 2025-08-25 14:13:12
 0  0      0 31613120   5504 6201456    0    0     0     8  831 1357  0  0 100  0  0 2025-08-25 14:13:13
 0  0      0 31613120   5504 6201456    0    0     0     4  816 1361  0  0 100  0  0 2025-08-25 14:13:14
 0  0      0 31613120   5504 6201456    0    0     0    40  914 1430  0  0 100  0  0 2025-08-25 14:13:15
 0  0      0 31613368   5504 6201456    0    0     0     0  840 1395  0  0 100  0  0 2025-08-25 14:13:16
 0  0      0 31612360   5504 6201456    0    0     0     0  931 1394  0  0 100  0  0 2025-08-25 14:13:17
 0  0      0 31612360   5504 6201456    0    0     0     0  809 1361  0  0 100  0  0 2025-08-25 14:13:18
 0  0      0 31612360   5504 6201456    0    0     0     0  881 1398  0  0 100  0  0 2025-08-25 14:13:19
 0  0      0 31612360   5504 6201456    0    0     0    64 2606 2918  0  0 100  0  0 2025-08-25 14:13:20
 0  0      0 31612360   5504 6201648    0    0     0     0  968 1452  0  0 100  0  0 2025-08-25 14:13:21
 0  0      0 31612360   5504 6201648    0    0     0     0  889 1431  0  0 100  0  0 2025-08-25 14:13:22
 2  0      0 31612360   5504 6201648    0    0     0     0  787 1387  0  0 100  0  0 2025-08-25 14:13:23
 0  0      0 31612360   5504 6201648    0    0     0     0  805 1353  0  0 100  0  0 2025-08-25 14:13:24
 0  0      0 31612360   5504 6201648    0    0     0    76 1360 2423  1  0 99  0  0 2025-08-25 14:13:25
 0  0      0 31612360   5504 6201656    0    0     0     4 1480 2146  1  0 99  0  0 2025-08-25 14:13:26
 0  0      0 31609588   5504 6201656    0    0     0    12 1238 1847  0  0 99  0  0 2025-08-25 14:13:27
 0  0      0 31609616   5504 6201656    0    0     0     0 1280 1896  1  0 99  0  0 2025-08-25 14:13:28
 0  0      0 31610120   5504 6201656    0    0     0     0  790 1363  0  0 100  0  0 2025-08-25 14:13:29
 0  0      0 31610120   5504 6201656    0    0     0   108  860 1417  0  0 100  0  0 2025-08-25 14:13:30
 0  0      0 31610120   5504 6201656    0    0     0     0  876 1416  0  0 100  0  0 2025-08-25 14:13:31
 0  0      0 31610120   5504 6201656    0    0     0     4  842 1407  0  0 100  0  0 2025-08-25 14:13:32
 0  0      0 31610120   5504 6201656    0    0     0     0  834 1383  0  0 100  0  0 2025-08-25 14:13:33
 0  0      0 31610120   5504 6201656    0    0     0   268  801 1361  0  0 100  0  0 2025-08-25 14:13:34
 1  0      0 31610120   5504 6201656    0    0     0    60  908 1433  0  0 100  0  0 2025-08-25 14:13:35
 0  0      0 31610184   5504 6201656    0    0     0     0  864 1393  0  0 100  0  0 2025-08-25 14:13:36
 0  0      0 31610184   5504 6201656    0    0     0     0  807 1339  0  0 100  0  0 2025-08-25 14:13:37
 0  0      0 31610184   5504 6201660    0    0     0     8  927 1415  0  0 100  0  0 2025-08-25 14:13:38
 0  0      0 31610184   5504 6201660    0    0     0     0 1747 2041  1  0 99  0  0 2025-08-25 14:13:39
 0  0      0 31610184   5504 6201668    0    0     0     0 1614 1898  1  0 99  0  0 2025-08-25 14:13:40
 0  0      0 31610184   5504 6201668    0    0     0    80  832 1382  0  0 100  0  0 2025-08-25 14:13:41
 0  0      0 31610184   5504 6201668    0    0     0     0 1167 1567  0  0 100  0  0 2025-08-25 14:13:42
 0  0      0 31610184   5504 6201676    0    0     0     0 4003 4388  0  0 100  0  0 2025-08-25 14:13:43
 0  0      0 31610184   5504 6201676    0    0     0     4  904 1376  0  0 100  0  0 2025-08-25 14:13:44
 0  0      0 31610184   5504 6201676    0    0     0    32  825 1361  0  0 100  0  0 2025-08-25 14:13:45
 0  0      0 31610184   5504 6201676    0    0     0    60  868 1383  0  0 100  0  0 2025-08-25 14:13:46
 0  0      0 31610184   5504 6201676    0    0     0     0  869 1403  0  0 100  0  0 2025-08-25 14:13:47
 0  0      0 31610084   5504 6201676    0    0     0     0 1506 1871  1  0 99  0  0 2025-08-25 14:13:48
 0  0      0 31610084   5504 6201676    0    0     0     0 1335 1808  0  0 99  0  0 2025-08-25 14:13:49
 0  0      0 31609756   5504 6201684    0    0     0     4  801 1373  0  0 100  0  0 2025-08-25 14:13:50
 0  0      0 31609756   5504 6201684    0    0     0    76  915 1427  0  0 100  0  0 2025-08-25 14:13:51
 0  0      0 31609504   5504 6201684    0    0     0     0 1352 1871  1  0 99  0  0 2025-08-25 14:13:52
 0  0      0 31609504   5504 6201688    0    0     0    28  892 1378  0  0 100  0  0 2025-08-25 14:13:53
 1  0      0 31607992   5504 6201688    0    0     0     0 1139 1886  1  0 99  0  0 2025-08-25 14:13:54
 0  0      0 31607992   5504 6201692    0    0     0     0 1170 1687  0  0 100  0  0 2025-08-25 14:13:55
 0  0      0 31607992   5504 6201692    0    0     0    84  921 1444  0  0 100  0  0 2025-08-25 14:13:56
 0  0      0 31606228   5504 6201692    0    0     0     0  970 1401  0  0 100  0  0 2025-08-25 14:13:57
 0  0      0 31606228   5504 6201692    0    0     0    16  876 1406  0  0 100  0  0 2025-08-25 14:13:58
 0  0      0 31606228   5504 6201692    0    0     0     0 1452 1753  1  0 99  0  0 2025-08-25 14:13:59
 0  0      0 31606228   5504 6201628    0    0     0    40 2588 3001  0  0 100  0  0 2025-08-25 14:14:00
 0  0      0 31606228   5504 6201628    0    0     0    60  871 1408  0  0 100  0  0 2025-08-25 14:14:01
 0  0      0 31606228   5504 6201628    0    0     0     4 1034 1702  0  0 100  0  0 2025-08-25 14:14:02
 0  0      0 31606228   5504 6201628    0    0     0     0  848 1417  0  0 100  0  0 2025-08-25 14:14:03
 0  0      0 31605724   5504 6201628    0    0     0     8 2028 2359  1  0 98  0  0 2025-08-25 14:14:04
 0  0      0 31604716   5504 6201636    0    0     0    11 1626 2151  1  0 99  0  0 2025-08-25 14:14:05
 0  0      0 31604716   5504 6201644    0    0     0    68 1085 1613  0  0 100  0  0 2025-08-25 14:14:06
 0  0      0 31604716   5504 6201644    0    0     0     0  892 1436  0  0 100  0  0 2025-08-25 14:14:07
 0  0      0 31604716   5504 6201644    0    0     0     4  836 1374  0  0 100  0  0 2025-08-25 14:14:08
 0  0      0 31604716   5504 6201644    0    0     0    28  829 1367  0  0 100  0  0 2025-08-25 14:14:09
 0  0      0 31604716   5504 6201644    0    0     0     0  868 1512  0  0 100  0  0 2025-08-25 14:14:10
 0  0      0 31604716   5504 6201644    0    0     0    56  961 1488  0  0 100  0  0 2025-08-25 14:14:11
 0  0      0 31604716   5504 6201644    0    0     0     0 1150 1638  0  0 100  0  0 2025-08-25 14:14:12
 0  0      0 31604716   5504 6201644    0    0     0     0 1080 1485  0  0 99  0  0 2025-08-25 14:14:13
 0  0      0 31604716   5504 6201644    0    0     0     4  849 1376  0  0 100  0  0 2025-08-25 14:14:14
 0  0      0 31604716   5504 6201644    0    0     0     0  841 1401  0  0 100  0  0 2025-08-25 14:14:15
 0  0      0 31604716   5504 6201644    0    0     0    80  822 1382  0  0 100  0  0 2025-08-25 14:14:16
 0  0      0 31604464   5504 6201648    0    0     0     0  906 1402  0  0 100  0  0 2025-08-25 14:14:17
 2  0      0 31604464   5504 6201648    0    0     0     0 1134 1601  0  0 100  0  0 2025-08-25 14:14:18
 0  0      0 31604464   5504 6201652    0    0     0     0 2088 2187  1  0 99  0  0 2025-08-25 14:14:19
 0  0      0 31604464   5504 6201652    0    0     0     8 1028 1587  0  0 99  0  0 2025-08-25 14:14:20
 0  0      0 31604464   5504 6201652    0    0     0     0  875 1364  0  0 100  0  0 2025-08-25 14:14:21
 0  0      0 31604464   5504 6201652    0    0     0    84  836 1379  0  0 100  0  0 2025-08-25 14:14:22
 0  0      0 31604464   5504 6201652    0    0     0     8 4042 4407  0  0 100  0  0 2025-08-25 14:14:23
 0  0      0 31604464   5504 6201652    0    0     0    12  826 1359  0  0 100  0  0 2025-08-25 14:14:24
 0  0      0 31604464   5504 6201652    0    0     0     0  820 1375  0  0 100  0  0 2025-08-25 14:14:25
 0  0      0 31604464   5504 6201652    0    0     0     4  870 1412  0  0 100  0  0 2025-08-25 14:14:26
 0  0      0 31604464   5504 6201652    0    0     0    56  916 1433  0  0 100  0  0 2025-08-25 14:14:27
 0  0      0 31604464   5504 6201652    0    0     0     0  847 1384  0  0 100  0  0 2025-08-25 14:14:28
 0  0      0 31604464   5504 6201652    0    0     0    16  922 1394  0  0 100  0  0 2025-08-25 14:14:29
 0  0      0 31604464   5504 6201652    0    0     0     0  904 1405  0  0 100  0  0 2025-08-25 14:14:30
 0  0      0 31604464   5504 6201652    0    0     0     0  853 1411  0  0 100  0  0 2025-08-25 14:14:31
 0  0      0 31604464   5504 6201652    0    0     0    60  800 1358  0  0 100  0  0 2025-08-25 14:14:32
 0  0      0 31604464   5504 6201652    0    0     0     0  796 1354  0  0 100  0  0 2025-08-25 14:14:33
 0  0      0 31604464   5504 6201652    0    0     0     0  782 1341  0  0 100  0  0 2025-08-25 14:14:34
 0  0      0 31604464   5504 6201652    0    0     0    32  917 1468  0  0 100  0  0 2025-08-25 14:14:35
 0  0      0 31604464   5504 6201652    0    0     0     0  852 1360  0  0 100  0  0 2025-08-25 14:14:36
 0  0      0 31604464   5504 6201652    0    0     0    40  845 1354  0  0 100  0  0 2025-08-25 14:14:37
 0  0      0 31605932   5504 6201652    0    0     0     4  902 1390  0  0 100  0  0 2025-08-25 14:14:38
 0  0      0 31606324   5504 6201652    0    0     0     0  816 1385  0  0 100  0  0 2025-08-25 14:14:39
 0  0      0 31606324   5504 6201652    0    0     0     0  802 1357  0  0 100  0  0 2025-08-25 14:14:40
 0  0      0 31606324   5504 6201652    0    0     0     0 1585 1868  0  0 100  0  0 2025-08-25 14:14:41
 0  0      0 31606072   5504 6201652    0    0     0    60 1749 1983  0  0 100  0  0 2025-08-25 14:14:42
 0  0      0 31606072   5504 6201652    0    0     0     0 1472 1834  0  0 100  0  0 2025-08-25 14:14:43
 0  0      0 31606072   5504 6201652    0    0     0     4  934 1402  0  0 100  0  0 2025-08-25 14:14:44
 0  0      0 31606072   5504 6201652    0    0     0     0  874 1361  0  0 100  0  0 2025-08-25 14:14:45
 0  0      0 31606072   5504 6201652    0    0     0     0 3958 4342  0  0 100  0  0 2025-08-25 14:14:46
 0  0      0 31606072   5504 6201652    0    0     0    44  846 1404  0  0 100  0  0 2025-08-25 14:14:47
 0  0      0 31606072   5504 6201652    0    0     0     0  880 1423  0  0 100  0  0 2025-08-25 14:14:48
 0  0      0 31606072   5504 6201652    0    0     0     0  816 1336  0  0 100  0  0 2025-08-25 14:14:49
 0  0      0 31606072   5504 6201652    0    0     0     4  914 1432  0  0 100  0  0 2025-08-25 14:14:50
 1  0      0 31606072   5504 6201652    0    0     0     0  879 1424  0  0 100  0  0 2025-08-25 14:14:51
 0  0      0 31606072   5504 6201652    0    0     0    56  916 1383  0  0 100  0  0 2025-08-25 14:14:52
 0  0      0 31606072   5504 6201652    0    0     0     0  820 1366  0  0 100  0  0 2025-08-25 14:14:53
 1  0      0 31606072   5504 6201652    0    0     0     0  786 1336  0  0 100  0  0 2025-08-25 14:14:54
 0  0      0 31606072   5504 6201652    0    0     0     0  897 1434  0  0 100  0  0 2025-08-25 14:14:55
 1  0      0 31606072   5504 6201656    0    0     0     8  870 1393  0  0 100  0  0 2025-08-25 14:14:56
 0  0      0 31606072   5504 6201656    0    0     0    44  987 1416  0  0 100  0  0 2025-08-25 14:14:57
 0  0      0 31606072   5504 6201656    0    0     0     0  883 1403  0  0 100  0  0 2025-08-25 14:14:58
 0  0      0 31606072   5504 6201656    0    0     0    12  917 1404  0  0 100  0  0 2025-08-25 14:14:59
 0  0      0 31606072   5504 6201656    0    0     0    16 2485 2948  0  0 100  0  0 2025-08-25 14:15:00
 0  0      0 31605820   5504 6201656    0    0     0     0  823 1372  0  0 100  0  0 2025-08-25 14:15:01
 0  0      0 31605820   5504 6201656    0    0     0    44  794 1350  0  0 100  0  0 2025-08-25 14:15:02
 0  0      0 31605820   5504 6201656    0    0     0     0 1009 1723  0  0 100  0  0 2025-08-25 14:15:03
 0  0      0 31605820   5504 6201656    0    0     0     0  806 1356  0  0 100  0  0 2025-08-25 14:15:04
 0  0      0 31605820   5504 6201656    0    0     0   102  848 1387  0  0 100  0  0 2025-08-25 14:15:05
 1  0      0 31605820   5504 6201656    0    0     0     0  912 1406  0  0 100  0  0 2025-08-25 14:15:06
 0  0      0 31605820   5504 6201656    0    0     0     0  922 1422  0  0 100  0  0 2025-08-25 14:15:07
 0  0      0 31605820   5504 6201656    0    0     0    48  845 1402  0  0 100  0  0 2025-08-25 14:15:08
 0  0      0 31605820   5504 6201656    0    0     0     0  805 1341  0  0 100  0  0 2025-08-25 14:15:09
 0  0      0 31605820   5504 6201656    0    0     0     0  845 1485  0  0 100  0  0 2025-08-25 14:15:10
 0  0      0 31605820   5504 6201656    0    0     0     0  892 1443  0  0 100  0  0 2025-08-25 14:15:11
 1  0      0 31605820   5504 6201656    0    0     0     0  872 1375  0  0 100  0  0 2025-08-25 14:15:12
 0  0      0 31605820   5504 6201656    0    0     0    56  852 1402  0  0 100  0  0 2025-08-25 14:15:13
 0  0      0 31605820   5504 6201656    0    0     0     4  818 1338  0  0 100  0  0 2025-08-25 14:15:14
 0  0      0 31605820   5504 6201656    0    0     0     0  892 1424  0  0 100  0  0 2025-08-25 14:15:15
 0  0      0 31605820   5504 6201656    0    0     0     0 1046 1414  0  0 100  0  0 2025-08-25 14:15:16
 0  0      0 31605820   5504 6201656    0    0     0     0  956 1389  0  0 100  0  0 2025-08-25 14:15:17
 0  0      0 31605568   5504 6201656    0    0     0    52  842 1390  0  0 100  0  0 2025-08-25 14:15:18
 0  0      0 31605568   5504 6201656    0    0     0     0  884 1400  0  0 100  0  0 2025-08-25 14:15:19
 0  0      0 31605568   5504 6201656    0    0     0     4  939 1430  0  0 100  0  0 2025-08-25 14:15:20
 0  0      0 31605568   5504 6201656    0    0     0     0  990 1439  0  0 100  0  0 2025-08-25 14:15:21
 1  0      0 31605568   5504 6201656    0    0     0     0 2516 2998  0  0 100  0  0 2025-08-25 14:15:22
 0  0      0 31605568   5504 6201656    0    0     0    48 2466 2818  0  0 100  0  0 2025-08-25 14:15:23
 0  0      0 31605568   5504 6201656    0    0     0     0  865 1371  0  0 100  0  0 2025-08-25 14:15:24
 0  0      0 31605568   5504 6201656    0    0     0     0  896 1389  0  0 100  0  0 2025-08-25 14:15:25
 0  0      0 31605568   5504 6201656    0    0     0     4  904 1400  0  0 100  0  0 2025-08-25 14:15:26
 1  0      0 31605568   5504 6201656    0    0     0     0  803 1375  0  0 100  0  0 2025-08-25 14:15:27
 0  0      0 31605568   5504 6201656    0    0     0    68  863 1386  0  0 100  0  0 2025-08-25 14:15:28
 0  0      0 31605568   5504 6201656    0    0     0     0  815 1351  0  0 100  0  0 2025-08-25 14:15:29
 0  0      0 31605568   5504 6201656    0    0     0     4  880 1399  0  0 100  0  0 2025-08-25 14:15:30
 0  0      0 31605568   5504 6201656    0    0     0     0  899 1433  0  0 100  0  0 2025-08-25 14:15:31
 0  0      0 31605568   5504 6201656    0    0     0     4  875 1363  0  0 100  0  0 2025-08-25 14:15:32
 0  0      0 31605568   5504 6201656    0    0     0    40  858 1379  0  0 100  0  0 2025-08-25 14:15:33
 1  0      0 31605568   5504 6201656    0    0     0     0  819 1349  0  0 100  0  0 2025-08-25 14:15:34
 0  0      0 31605568   5504 6201660    0    0     0     5  896 1453  0  0 100  0  0 2025-08-25 14:15:35
 0  0      0 31605568   5504 6201660    0    0     0     0 1054 1413  0  0 100  0  0 2025-08-25 14:15:36
 0  0      0 31605568   5504 6201660    0    0     0     0  809 1332  0  0 100  0  0 2025-08-25 14:15:37
 0  0      0 31601788   5504 6201660    0    0     0    48  917 1404  0  0 100  0  0 2025-08-25 14:15:38
 0  0      0 31601788   5504 6201660    0    0     0     0  855 1390  0  0 100  0  0 2025-08-25 14:15:39
 0  0      0 31601788   5504 6201660    0    0     0     0  872 1378  0  0 100  0  0 2025-08-25 14:15:40
 0  0      0 31601788   5504 6201660    0    0     0     0  821 1355  0  0 100  0  0 2025-08-25 14:15:41
 0  0      0 31601788   5504 6201660    0    0     0     0  792 1346  0  0 100  0  0 2025-08-25 14:15:42
 0  0      0 31601788   5504 6201660    0    0     0    52  887 1435  0  0 100  0  0 2025-08-25 14:15:43
 0  0      0 31601788   5504 6201660    0    0     0     4  867 1370  0  0 100  0  0 2025-08-25 14:15:44
 0  0      0 31601788   5504 6201660    0    0     0     0 1833 2222  0  0 100  0  0 2025-08-25 14:15:45
 0  0      0 31601788   5504 6201660    0    0     0     0 3048 3508  0  0 100  0  0 2025-08-25 14:15:46
 0  0      0 31601788   5504 6201660    0    0     0     0  842 1380  0  0 100  0  0 2025-08-25 14:15:47
 1  0      0 31601788   5504 6201660    0    0     0     0  845 1369  0  0 100  0  0 2025-08-25 14:15:48
 0  0      0 31601788   5504 6201660    0    0     0    44  884 1375  0  0 100  0  0 2025-08-25 14:15:49
 1  0      0 31601788   5504 6201660    0    0     0     4  833 1383  0  0 100  0  0 2025-08-25 14:15:50
 0  0      0 31601788   5504 6201660    0    0     0     0  857 1424  0  0 100  0  0 2025-08-25 14:15:51
 0  0      0 31601788   5504 6201660    0    0     0     0  842 1368  0  0 100  0  0 2025-08-25 14:15:52
 0  0      0 31601788   5504 6201660    0    0     0     0  843 1352  0  0 100  0  0 2025-08-25 14:15:53
 0  0      0 31601788   5504 6201660    0    0     0    60  820 1343  0  0 100  0  0 2025-08-25 14:15:54
 0  0      0 31601788   5504 6201660    0    0     0     0  827 1413  0  0 100  0  0 2025-08-25 14:15:55
 0  0      0 31601788   5504 6201660    0    0     0     4  896 1412  0  0 100  0  0 2025-08-25 14:15:56
 0  0      0 31600780   5504 6201660    0    0     0     0  873 1363  0  0 100  0  0 2025-08-25 14:15:57
 1  0      0 31600780   5504 6201660    0    0     0     0  910 1407  0  0 100  0  0 2025-08-25 14:15:58
 0  0      0 31600780   5504 6201660    0    0     0    44  854 1386  0  0 100  0  0 2025-08-25 14:15:59
 0  0      0 31600780   5504 6201532    0    0     0    16 2526 2981  0  0 100  0  0 2025-08-25 14:16:00
 0  0      0 31600780   5504 6201532    0    0     0     8  870 1373  0  0 100  0  0 2025-08-25 14:16:01
 0  0      0 31600780   5504 6201532    0    0     0     4  824 1346  0  0 100  0  0 2025-08-25 14:16:02
 0  0      0 31600780   5504 6201532    0    0     0     0  853 1416  0  0 100  0  0 2025-08-25 14:16:03
 0  0      0 31600780   5504 6201532    0    0     0    44 1030 1710  0  0 100  0  0 2025-08-25 14:16:04
 0  0      0 31600780   5504 6201532    0    0     0     6  842 1399  0  0 100  0  0 2025-08-25 14:16:05
 0  0      0 31600780   5504 6201532    0    0     0     0  814 1380  0  0 100  0  0 2025-08-25 14:16:06
 0  0      0 31600780   5504 6201532    0    0     0     8  849 1409  0  0 100  0  0 2025-08-25 14:16:07
 0  0      0 31600780   5504 6201532    0    0     0     4  836 1376  0  0 100  0  0 2025-08-25 14:16:08
 0  0      0 31600780   5504 6201532    0    0     0    52  809 1340  0  0 100  0  0 2025-08-25 14:16:09
 0  0      0 31600780   5504 6201532    0    0     0     0  868 1450  0  0 100  0  0 2025-08-25 14:16:10
 0  0      0 31600780   5504 6201532    0    0     0     0  864 1418  0  0 100  0  0 2025-08-25 14:16:11
 0  0      0 31600780   5504 6201532    0    0     0     0  794 1352  0  0 100  0  0 2025-08-25 14:16:12
 0  0      0 31600780   5504 6201532    0    0     0     0  899 1388  0  0 100  0  0 2025-08-25 14:16:13
 0  0      0 31600780   5504 6201536    0    0     0    48  858 1394  0  0 100  0  0 2025-08-25 14:16:14
 0  0      0 31600780   5504 6201536    0    0     0     0  864 1412  0  0 100  0  0 2025-08-25 14:16:15
 0  0      0 31600780   5504 6201536    0    0     0     0  969 1397  0  0 100  0  0 2025-08-25 14:16:16
 0  0      0 31600780   5504 6201536    0    0     0     0  862 1360  0  0 100  0  0 2025-08-25 14:16:17
 0  0      0 31600780   5504 6201536    0    0     0     0  866 1376  0  0 100  0  0 2025-08-25 14:16:18
 0  0      0 31600780   5504 6201536    0    0     0    52  893 1412  0  0 100  0  0 2025-08-25 14:16:19
 0  0      0 31600780   5504 6201536    0    0     0     4  870 1388  0  0 100  0  0 2025-08-25 14:16:20
 0  0      0 31600780   5504 6201536    0    0     0     0  794 1359  0  0 100  0  0 2025-08-25 14:16:21
 0  0      0 31600780   5504 6201536    0    0     0     0 4003 4326  0  0 100  0  0 2025-08-25 14:16:22
 0  0      0 31600780   5504 6201536    0    0     0     0  847 1404  0  0 100  0  0 2025-08-25 14:16:23
 0  0      0 31600780   5504 6201536    0    0     0    52  839 1342  0  0 100  0  0 2025-08-25 14:16:24
 1  0      0 31600780   5504 6201536    0    0     0     0  803 1358  0  0 100  0  0 2025-08-25 14:16:25
 0  0      0 31600780   5504 6201536    0    0     0     4  866 1367  0  0 100  0  0 2025-08-25 14:16:26
 1  0      0 31600780   5504 6201536    0    0     0     0  816 1382  0  0 100  0  0 2025-08-25 14:16:27
 0  0      0 31600780   5504 6201536    0    0     0     0  899 1388  0  0 100  0  0 2025-08-25 14:16:28
 0  0      0 31600780   5504 6201536    0    0     0    52  864 1352  0  0 100  0  0 2025-08-25 14:16:29
 0  0      0 31600780   5504 6201536    0    0     0     0  929 1394  0  0 100  0  0 2025-08-25 14:16:30
 0  0      0 31600780   5504 6201536    0    0     0     0  874 1412  0  0 100  0  0 2025-08-25 14:16:31
 0  0      0 31600780   5504 6201536    0    0     0     8  793 1355  0  0 100  0  0 2025-08-25 14:16:32
 1  0      0 31600780   5504 6201536    0    0     0     0  798 1358  0  0 100  0  0 2025-08-25 14:16:33
 0  0      0 31600780   5504 6201536    0    0     0     0  814 1342  0  0 100  0  0 2025-08-25 14:16:34
 0  0      0 31600780   5504 6201536    0    0     0    56  869 1421  0  0 100  0  0 2025-08-25 14:16:35
 0  0      0 31600780   5504 6201536    0    0     0    14  853 1414  0  0 100  0  0 2025-08-25 14:16:36
 0  0      0 31600780   5504 6201536    0    0     0     0  822 1366  0  0 100  0  0 2025-08-25 14:16:37
 0  0      0 31599016   5504 6201536    0    0     0     4  966 1425  0  0 100  0  0 2025-08-25 14:16:38
 1  0      0 31598764   5504 6201536    0    0     0     0  840 1376  0  0 100  0  0 2025-08-25 14:16:39
 0  0      0 31598764   5504 6201536    0    0     0    40  811 1369  0  0 100  0  0 2025-08-25 14:16:40
 0  0      0 31598764   5504 6201536    0    0     0     0 1720 1941  0  0 100  0  0 2025-08-25 14:16:41
 0  0      0 31598764   5504 6201536    0    0     0     0 1718 1945  0  0 100  0  0 2025-08-25 14:16:42
 0  0      0 31598512   5504 6201536    0    0     0     0 1503 1848  0  0 98  2  0 2025-08-25 14:16:43
 0  0      0 31598512   5504 6201536    0    0     0     4  829 1358  0  0 100  0  0 2025-08-25 14:16:44
 0  0      0 31598512   5504 6201536    0    0     0    56 3974 4355  0  0 100  0  0 2025-08-25 14:16:45
 0  0      0 31598512   5504 6201536    0    0     0     0  817 1373  0  0 100  0  0 2025-08-25 14:16:46
 0  0      0 31598512   5504 6201536    0    0     0     0  857 1407  0  0 100  0  0 2025-08-25 14:16:47
 1  0      0 31598512   5504 6201536    0    0     0     0  828 1378  0  0 100  0  0 2025-08-25 14:16:48
 0  0      0 31598512   5504 6201536    0    0     0     0  769 1323  0  0 100  0  0 2025-08-25 14:16:49
 0  0      0 31598512   5504 6201536    0    0     0    48  839 1386  0  0 100  0  0 2025-08-25 14:16:50
 0  0      0 31598512   5504 6201536    0    0     0     0  893 1445  0  0 100  0  0 2025-08-25 14:16:51
 0  0      0 31598512   5504 6201536    0    0     0     0  980 1395  0  0 100  0  0 2025-08-25 14:16:52
 0  0      0 31598512   5504 6201536    0    0     0     0  871 1377  0  0 100  0  0 2025-08-25 14:16:53
 0  0      0 31598512   5504 6201540    0    0     0     0  793 1326  0  0 100  0  0 2025-08-25 14:16:54
 0  0      0 31598512   5504 6201540    0    0     0    52  889 1415  0  0 100  0  0 2025-08-25 14:16:55
 0  0      0 31598512   5504 6201540    0    0     0     8  923 1404  0  0 100  0  0 2025-08-25 14:16:56
 0  0      0 31598512   5504 6201540    0    0     0     0  957 1386  0  0 100  0  0 2025-08-25 14:16:57
 0  0      0 31598512   5504 6201540    0    0     0     0  836 1401  0  0 100  0  0 2025-08-25 14:16:58
 0  0      0 31598512   5504 6201540    0    0     0     0  816 1381  0  0 100  0  0 2025-08-25 14:16:59
 0  0      0 31598260   5504 6201668    0    0     0    56 2466 2916  0  0 100  0  0 2025-08-25 14:17:00
 0  0      0 31598260   5504 6201668    0    0     0     0  838 1366  0  0 100  0  0 2025-08-25 14:17:01
 0  0      0 31598260   5504 6201668    0    0     0    12  848 1367  0  0 100  0  0 2025-08-25 14:17:02
 0  0      0 31598260   5504 6201668    0    0     0     0  915 1399  0  0 100  0  0 2025-08-25 14:17:03
 0  0      0 31598260   5504 6201668    0    0     0     0  822 1353  0  0 100  0  0 2025-08-25 14:17:04
 0  0      0 31598260   5504 6201668    0    0     0    40  819 1370  0  0 100  0  0 2025-08-25 14:17:05
 0  0      0 31598260   5504 6201668    0    0     0     8 1045 1728  0  0 100  0  0 2025-08-25 14:17:06
 0  0      0 31598260   5504 6201668    0    0     0     0  873 1423  0  0 100  0  0 2025-08-25 14:17:07
 0  0      0 31598260   5504 6201668    0    0     0    12  847 1401  0  0 100  0  0 2025-08-25 14:17:08
 0  0      0 31598260   5504 6201668    0    0     0     0  833 1346  0  0 100  0  0 2025-08-25 14:17:09
 0  0      0 31598260   5504 6201668    0    0     0    40  915 1493  0  0 100  0  0 2025-08-25 14:17:10
 0  0      0 31598260   5504 6201668    0    0     0     0  842 1408  0  0 100  0  0 2025-08-25 14:17:11
 0  0      0 31598260   5504 6201668    0    0     0     0  858 1384  0  0 100  0  0 2025-08-25 14:17:12
 0  0      0 31598260   5504 6201668    0    0     0     0  830 1386  0  0 100  0  0 2025-08-25 14:17:13
 0  0      0 31598260   5504 6201668    0    0     0     4  833 1350  0  0 100  0  0 2025-08-25 14:17:14
 0  0      0 31598260   5504 6201668    0    0     0     0  829 1402  0  0 100  0  0 2025-08-25 14:17:15
 0  0      0 31598260   5504 6201668    0    0     0    52  880 1416  0  0 100  0  0 2025-08-25 14:17:16
 0  0      0 31598260   5504 6201668    0    0     0     0  922 1380  0  0 100  0  0 2025-08-25 14:17:17
 0  0      0 31598260   5504 6201668    0    0     0     0  885 1392  0  0 100  0  0 2025-08-25 14:17:18
 0  0      0 31598260   5504 6201668    0    0     0     0  799 1381  0  0 100  0  0 2025-08-25 14:17:19
 0  0      0 31598260   5504 6201668    0    0     0     4  883 1387  0  0 100  0  0 2025-08-25 14:17:20
 1  0      0 31598260   5504 6201668    0    0     0    68 1017 1449  0  0 100  0  0 2025-08-25 14:17:21
 0  0      0 31598260   5504 6201668    0    0     0     0  859 1371  0  0 100  0  0 2025-08-25 14:17:22
 1  0      0 31598260   5504 6201668    0    0     0     0 4015 4361  0  0 100  0  0 2025-08-25 14:17:23
 0  0      0 31598260   5504 6201668    0    0     0    74  875 1449  0  0 100  0  0 2025-08-25 14:17:24
 0  0      0 31598260   5504 6201668    0    0     0     0  815 1367  0  0 100  0  0 2025-08-25 14:17:25
 0  0      0 31598260   5504 6201668    0    0     0    60  959 1432  0  0 100  0  0 2025-08-25 14:17:26
 0  0      0 31598260   5504 6201668    0    0     0     0  825 1411  0  0 100  0  0 2025-08-25 14:17:27
 0  0      0 31598260   5504 6201668    0    0     0     8  807 1374  0  0 100  0  0 2025-08-25 14:17:28
 0  0      0 31598260   5504 6201668    0    0     0     0  802 1351  0  0 100  0  0 2025-08-25 14:17:29
 0  0      0 31598260   5504 6201668    0    0     0     0  778 1354  0  0 100  0  0 2025-08-25 14:17:30
 0  0      0 31598260   5504 6201668    0    0     0    52  860 1426  0  0 100  0  0 2025-08-25 14:17:31
 0  0      0 31598260   5504 6201672    0    0     0     8  800 1369  0  0 100  0  0 2025-08-25 14:17:32
 1  0      0 31598260   5504 6201672    0    0     0     4  894 1398  0  0 100  0  0 2025-08-25 14:17:33
 0  0      0 31598260   5504 6201672    0    0     0     0  857 1379  0  0 100  0  0 2025-08-25 14:17:34
 0  0      0 31598260   5504 6201672    0    0     0     0  839 1420  0  0 100  0  0 2025-08-25 14:17:35
 0  0      0 31598260   5504 6201672    0    0     0   230  858 1458  0  0 100  0  0 2025-08-25 14:17:36
 0  0      0 31598260   5504 6201672    0    0     0     0  791 1356  0  0 100  0  0 2025-08-25 14:17:37
 0  0      0 31598260   5504 6201672    0    0     0     4  889 1400  0  0 100  0  0 2025-08-25 14:17:38
 0  0      0 31598008   5504 6201672    0    0     0     0  788 1367  0  0 100  0  0 2025-08-25 14:17:39
 0  0      0 31598008   5504 6201672    0    0     0     0  840 1376  0  0 100  0  0 2025-08-25 14:17:40
 0  0      0 31598008   5504 6201672    0    0     0    44  931 1401  0  0 100  0  0 2025-08-25 14:17:41
 0  0      0 31598008   5504 6201672    0    0     0     0  787 1376  0  0 100  0  0 2025-08-25 14:17:42
 0  0      0 31598008   5504 6201672    0    0     0     0  854 1444  0  0 100  0  0 2025-08-25 14:17:43
 0  0      0 31598008   5504 6201672    0    0     0     4  828 1334  0  0 100  0  0 2025-08-25 14:17:44
 1  0      0 31598008   5504 6201672    0    0     0     0  883 1369  0  0 100  0  0 2025-08-25 14:17:45
 0  0      0 31598008   5504 6201672    0    0     0    48 3976 4335  0  0 100  0  0 2025-08-25 14:17:46
 0  0      0 31598008   5504 6201672    0    0     0     0  844 1400  0  0 100  0  0 2025-08-25 14:17:47
 0  0      0 31598008   5504 6201672    0    0     0     0  828 1360  0  0 100  0  0 2025-08-25 14:17:48
 0  0      0 31598008   5504 6201672    0    0     0     0  797 1322  0  0 100  0  0 2025-08-25 14:17:49
 0  0      0 31598008   5504 6201672    0    0     0     4  859 1377  0  0 100  0  0 2025-08-25 14:17:50
 0  0      0 31598008   5504 6201672    0    0     0    44  869 1408  0  0 100  0  0 2025-08-25 14:17:51
 0  0      0 31598008   5504 6201672    0    0     0     0  801 1335  0  0 100  0  0 2025-08-25 14:17:52
 0  0      0 31598008   5504 6201672    0    0     0     0  832 1372  0  0 100  0  0 2025-08-25 14:17:53
 0  0      0 31598008   5504 6201672    0    0     0     0  762 1314  0  0 100  0  0 2025-08-25 14:17:54
 0  0      0 31593912   5504 6201672    0    0     0     0  847 1398  0  0 100  0  0 2025-08-25 14:17:55
 0  0      0 31593912   5504 6201672    0    0     0    48  838 1390  0  0 100  0  0 2025-08-25 14:17:56
 0  0      0 31593664   5504 6201672    0    0     0     0 1025 1414  0  0 100  0  0 2025-08-25 14:17:57
 0  0      0 31593664   5504 6201672    0    0     0     0  899 1409  0  0 100  0  0 2025-08-25 14:17:58
 0  0      0 31593664   5504 6201672    0    0     0     0  864 1401  0  0 100  0  0 2025-08-25 14:17:59
 0  0      0 31593664   5504 6201672    0    0     0    24 2519 2908  0  0 100  0  0 2025-08-25 14:18:00
 0  0      0 31593412   5504 6201680    0    0     0     0  858 1369  0  0 100  0  0 2025-08-25 14:18:01
 0  0      0 31593412   5504 6201680    0    0     0    64  824 1380  0  0 100  0  0 2025-08-25 14:18:02
 0  0      0 31593412   5504 6201680    0    0     0     0  899 1433  0  0 100  0  0 2025-08-25 14:18:04
 0  0      0 31593412   5504 6201680    0    0     0     8  812 1351  0  0 100  0  0 2025-08-25 14:18:05
 0  0      0 31593412   5504 6201680    0    0     0     0  817 1362  0  0 100  0  0 2025-08-25 14:18:06
 0  0      0 31593412   5504 6201680    0    0     0     5  831 1386  0  0 100  0  0 2025-08-25 14:18:07
 0  0      0 31593412   5504 6201680    0    0     0    44 1042 1714  0  0 100  0  0 2025-08-25 14:18:08
 0  0      0 31593412   5504 6201680    0    0     0     4  855 1389  0  0 100  0  0 2025-08-25 14:18:09
 0  0      0 31593412   5504 6201680    0    0     0     8  816 1340  0  0 100  0  0 2025-08-25 14:18:10
 0  0      0 31593412   5504 6201680    0    0     0     0  839 1436  0  0 100  0  0 2025-08-25 14:18:11
 0  0      0 31593412   5504 6201680    0    0     0     0  875 1421  0  0 100  0  0 2025-08-25 14:18:12
 0  0      0 31593412   5504 6201684    0    0     0    44  863 1386  0  0 100  0  0 2025-08-25 14:18:13
 0  0      0 31593412   5504 6201684    0    0     0     0  847 1393  0  0 100  0  0 2025-08-25 14:18:14
 0  0      0 31593412   5504 6201684    0    0     0     8  931 1399  0  0 100  0  0 2025-08-25 14:18:15
 0  0      0 31593412   5504 6201684    0    0     0     0  910 1443  0  0 100  0  0 2025-08-25 14:18:16
 0  0      0 31593412   5504 6201684    0    0     0     0  863 1390  0  0 100  0  0 2025-08-25 14:18:17
 0  0      0 31592656   5504 6201684    0    0     0    48  900 1393  0  0 100  0  0 2025-08-25 14:18:18
 0  0      0 31592656   5504 6201684    0    0     0     0  825 1382  0  0 100  0  0 2025-08-25 14:18:19
 0  0      0 31592656   5504 6201684    0    0     0     0  880 1422  0  0 100  0  0 2025-08-25 14:18:20
 0  0      0 31592656   5504 6201684    0    0     0     4  865 1394  0  0 100  0  0 2025-08-25 14:18:21
 0  0      0 31592656   5504 6201684    0    0     0     0  792 1343  0  0 100  0  0 2025-08-25 14:18:22
 0  0      0 31592656   5504 6201684    0    0     0    56  818 1361  0  0 100  0  0 2025-08-25 14:18:23
 0  0      0 31592656   5504 6201684    0    0     0     0 3978 4366  0  0 100  0  0 2025-08-25 14:18:24
 0  0      0 31592656   5504 6201684    0    0     0     0  833 1365  0  0 100  0  0 2025-08-25 14:18:25
 0  0      0 31592656   5504 6201684    0    0     0     0  829 1350  0  0 100  0  0 2025-08-25 14:18:26
 0  0      0 31592656   5504 6201684    0    0     0     4  833 1375  0  0 100  0  0 2025-08-25 14:18:27
 0  0      0 31592656   5504 6201684    0    0     0    56  851 1416  0  0 100  0  0 2025-08-25 14:18:28
 0  0      0 31592656   5504 6201684    0    0     0     0  875 1390  0  0 100  0  0 2025-08-25 14:18:29
 0  0      0 31592656   5504 6201684    0    0     0     0  843 1356  0  0 100  0  0 2025-08-25 14:18:30
 0  0      0 31592656   5504 6201684    0    0     0     0  899 1385  0  0 100  0  0 2025-08-25 14:18:31
 0  0      0 31592656   5504 6201684    0    0     0     0  958 1428  0  0 100  0  0 2025-08-25 14:18:32
 0  0      0 31592656   5504 6201684    0    0     0    48  843 1366  0  0 100  0  0 2025-08-25 14:18:33
 0  0      0 31592656   5504 6201684    0    0     0     0  840 1351  0  0 100  0  0 2025-08-25 14:18:34
 0  0      0 31592656   5504 6201684    0    0     0     4  821 1343  0  0 100  0  0 2025-08-25 14:18:35
 0  0      0 31592656   5504 6201684    0    0     0     0  841 1403  0  0 100  0  0 2025-08-25 14:18:36
 0  0      0 31592656   5504 6201684    0    0     0    21  858 1389  0  0 100  0  0 2025-08-25 14:18:37
 0  0      0 31592656   5504 6201684    0    0     0    44  783 1330  0  0 100  0  0 2025-08-25 14:18:38
 1  0      0 31588972   5504 6201684    0    0     0     4  923 1424  0  0 100  0  0 2025-08-25 14:18:39
 0  0      0 31588972   5504 6201684    0    0     0     0  892 1415  0  0 100  0  0 2025-08-25 14:18:40
 0  0      0 31588972   5504 6201684    0    0     0     0  841 1376  0  0 100  0  0 2025-08-25 14:18:41
 0  0      0 31588972   5504 6201684    0    0     0     0 1782 1953  0  0 100  0  0 2025-08-25 14:18:42
 1  0      0 31588720   5504 6201684    0    0     0     0 1757 1942  0  0 100  0  0 2025-08-25 14:18:43
 0  0      0 31588720   5504 6201684    0    0     0    64 1343 1744  0  0 100  0  0 2025-08-25 14:18:44
 0  0      0 31588720   5504 6201684    0    0     0     4  864 1380  0  0 100  0  0 2025-08-25 14:18:45
 0  0      0 31588720   5504 6201684    0    0     0     0  842 1358  0  0 100  0  0 2025-08-25 14:18:46
 0  0      0 31588720   5504 6201684    0    0     0     0 3941 4277  0  0 100  0  0 2025-08-25 14:18:47
 0  0      0 31588720   5504 6201684    0    0     0     0  825 1399  0  0 100  0  0 2025-08-25 14:18:48
 0  0      0 31588720   5504 6201684    0    0     0    52  836 1373  0  0 100  0  0 2025-08-25 14:18:49
 0  0      0 31588720   5504 6201684    0    0     0     0  786 1335  0  0 100  0  0 2025-08-25 14:18:50
 0  0      0 31588720   5504 6201684    0    0     0     4  813 1380  0  0 100  0  0 2025-08-25 14:18:51
 0  0      0 31588720   5504 6201688    0    0     0     0  812 1397  0  0 100  0  0 2025-08-25 14:18:52
 0  0      0 31588720   5504 6201688    0    0     0     0  787 1342  0  0 100  0  0 2025-08-25 14:18:53
 0  0      0 31588720   5504 6201688    0    0     0    48  860 1374  0  0 100  0  0 2025-08-25 14:18:54
 0  0      0 31588720   5504 6201688    0    0     0     0  805 1332  0  0 100  0  0 2025-08-25 14:18:55
 1  0      0 31588720   5504 6201688    0    0     0     0  809 1391  0  0 100  0  0 2025-08-25 14:18:56
 0  0      0 31588720   5504 6201688    0    0     0     8  858 1377  0  0 100  0  0 2025-08-25 14:18:57
 0  0      0 31589632   5504 6201688    0    0     0     0  972 1392  0  0 100  0  0 2025-08-25 14:18:58
 0  0      0 31589632   5504 6201688    0    0     0    40  857 1384  0  0 100  0  0 2025-08-25 14:18:59
 1  0      0 31589816   5504 6201688    0    0     0    16 1069 1766  0  0 100  0  0 2025-08-25 14:19:00
 0  0      0 31589816   5504 6201688    0    0     0     8 2285 2558  0  0 100  0  0 2025-08-25 14:19:01
 0  0      0 31589564   5504 6201688    0    0     0     0  830 1368  0  0 100  0  0 2025-08-25 14:19:02
 0  0      0 31589564   5504 6201688    0    0     0     4  854 1352  0  0 100  0  0 2025-08-25 14:19:03
 0  0      0 31589564   5504 6201688    0    0     0    44  868 1435  0  0 100  0  0 2025-08-25 14:19:04
 1  0      0 31589564   5504 6201688    0    0     0     0  792 1355  0  0 100  0  0 2025-08-25 14:19:05
 0  0      0 31589564   5504 6201688    0    0     0     8  819 1372  0  0 100  0  0 2025-08-25 14:19:06
 0  0      0 31589564   5504 6201688    0    0     0     0  812 1362  0  0 100  0  0 2025-08-25 14:19:07
 0  0      0 31589564   5504 6201688    0    0     0     5  883 1440  0  0 100  0  0 2025-08-25 14:19:08
 0  0      0 31589564   5504 6201688    0    0     0    44  877 1389  0  0 100  0  0 2025-08-25 14:19:09
 0  0      0 31589564   5504 6201688    0    0     0     0  983 1701  0  0 100  0  0 2025-08-25 14:19:10
 0  0      0 31589564   5504 6201688    0    0     0     0  818 1420  0  0 100  0  0 2025-08-25 14:19:11
 0  0      0 31589564   5504 6201688    0    0     0     0  854 1408  0  0 100  0  0 2025-08-25 14:19:12
 0  0      0 31589564   5504 6201688    0    0     0     0  799 1353  0  0 100  0  0 2025-08-25 14:19:13
 0  0      0 31589564   5504 6201688    0    0     0    48  925 1415  0  0 100  0  0 2025-08-25 14:19:14
 0  0      0 31589564   5504 6201688    0    0     0     4  801 1343  0  0 100  0  0 2025-08-25 14:19:15
 0  0      0 31589564   5504 6201688    0    0     0     0  845 1397  0  0 100  0  0 2025-08-25 14:19:16
 0  0      0 31589564   5504 6201688    0    0     0     0  807 1347  0  0 100  0  0 2025-08-25 14:19:17
 0  0      0 31589564   5504 6201688    0    0     0     0  968 1397  0  0 100  0  0 2025-08-25 14:19:18
 0  0      0 31589564   5504 6201688    0    0     0    56  841 1361  0  0 100  0  0 2025-08-25 14:19:19
 0  0      0 31589564   5504 6201688    0    0     0     0  905 1401  0  0 100  0  0 2025-08-25 14:19:20
 0  0      0 31589564   5504 6201688    0    0     0     4  904 1395  0  0 100  0  0 2025-08-25 14:19:21
 0  0      0 31589564   5504 6201688    0    0     0     0  939 1396  0  0 100  0  0 2025-08-25 14:19:22
 0  0      0 31589564   5504 6201688    0    0     0     0 2298 2539  0  0 100  0  0 2025-08-25 14:19:23
 0  0      0 31589564   5504 6201688    0    0     0    64 2664 3208  0  0 100  0  0 2025-08-25 14:19:24
 0  0      0 31589564   5504 6201688    0    0     0     0  825 1326  0  0 100  0  0 2025-08-25 14:19:25
 0  0      0 31589564   5504 6201688    0    0     0     4  832 1366  0  0 100  0  0 2025-08-25 14:19:26
 0  0      0 31589564   5504 6201688    0    0     0     0  973 1396  0  0 100  0  0 2025-08-25 14:19:27
 0  0      0 31589564   5504 6201688    0    0     0     0 1099 1427  0  0 100  0  0 2025-08-25 14:19:28
 0  0      0 31589564   5504 6201688    0    0     0     0  817 1361  0  0 100  0  0 2025-08-25 14:19:29
 0  0      0 31589564   5504 6201688    0    0     0    56  791 1329  0  0 100  0  0 2025-08-25 14:19:30
 0  0      0 31589564   5504 6201692    0    0     0     0  815 1370  0  0 100  0  0 2025-08-25 14:19:31
 0  0      0 31589564   5504 6201692    0    0     0     8  906 1438  0  0 100  0  0 2025-08-25 14:19:32
 0  0      0 31589564   5504 6201692    0    0     0     0  854 1361  0  0 100  0  0 2025-08-25 14:19:33
 0  0      0 31589564   5504 6201692    0    0     0     0  859 1366  0  0 100  0  0 2025-08-25 14:19:34
 0  0      0 31589564   5504 6201692    0    0     0    48  831 1346  0  0 100  0  0 2025-08-25 14:19:35
 0  0      0 31589564   5504 6201692    0    0     0     0  911 1459  0  0 100  0  0 2025-08-25 14:19:36
 0  0      0 31589564   5504 6201692    0    0     0     4  874 1378  0  0 100  0  0 2025-08-25 14:19:37
 0  0      0 31589564   5504 6201692    0    0     0    25  815 1384  0  0 100  0  0 2025-08-25 14:19:38
 0  0      0 31591988   5504 6201692    0    0     0     0  924 1410  0  0 100  0  0 2025-08-25 14:19:39
 0  0      0 31591996   5504 6201692    0    0     0    40  839 1404  0  0 100  0  0 2025-08-25 14:19:40
 0  0      0 31591996   5504 6201692    0    0     0     0 1080 1371  0  0 100  0  0 2025-08-25 14:19:41
 1  0      0 31591996   5504 6201692    0    0     0     4  940 1419  0  0 100  0  0 2025-08-25 14:19:42
 0  0      0 31591996   5504 6201692    0    0     0     0  847 1356  0  0 100  0  0 2025-08-25 14:19:43
 1  0      0 31591996   5504 6201692    0    0     0     4  884 1434  0  0 100  0  0 2025-08-25 14:19:44
 0  0      0 31591996   5504 6201692    0    0     0    52  858 1351  0  0 100  0  0 2025-08-25 14:19:45
 0  0      0 31591996   5504 6201692    0    0     0     4 1527 2047  0  0 100  0  0 2025-08-25 14:19:46
 0  0      0 31591996   5504 6201692    0    0     0     0 3401 3668  0  0 100  0  0 2025-08-25 14:19:47
 0  0      0 31591996   5504 6201692    0    0     0     0  820 1372  0  0 100  0  0 2025-08-25 14:19:48
 0  0      0 31591996   5504 6201692    0    0     0     0  858 1384  0  0 100  0  0 2025-08-25 14:19:49
 0  0      0 31591996   5504 6201692    0    0     0    48  779 1334  0  0 100  0  0 2025-08-25 14:19:50
 0  0      0 31591996   5504 6201692    0    0     0     0  832 1376  0  0 100  0  0 2025-08-25 14:19:51
 0  0      0 31591996   5504 6201692    0    0     0     0  874 1426  0  0 100  0  0 2025-08-25 14:19:52
 0  0      0 31591996   5504 6201692    0    0     0     0  822 1338  0  0 100  0  0 2025-08-25 14:19:53
 0  0      0 31591996   5504 6201692    0    0     0     0  873 1362  0  0 100  0  0 2025-08-25 14:19:54
 0  0      0 31591996   5504 6201692    0    0     0    44  882 1366  0  0 100  0  0 2025-08-25 14:19:55
 0  0      0 31591996   5504 6201692    0    0     0     4  867 1408  0  0 100  0  0 2025-08-25 14:19:56
 0  0      0 31591996   5504 6201692    0    0     0     0  818 1372  0  0 100  0  0 2025-08-25 14:19:57
 0  0      0 31591744   5504 6201692    0    0     0     0  898 1388  0  0 100  0  0 2025-08-25 14:19:58
 0  0      0 31591744   5504 6201692    0    0     0     0  883 1404  0  0 100  0  0 2025-08-25 14:19:59
 1  0      0 31591744   5504 6201564    0    0     0    60 2147 2467  0  0 99  0  0 2025-08-25 14:20:00
 0  0      0 31591744   5504 6201564    0    0     0     0 1480 1964  0  0 100  0  0 2025-08-25 14:20:01
 0  0      0 31591744   5504 6201648    0    0     0    12  914 1431  0  0 100  0  0 2025-08-25 14:20:02
 0  0      0 31591744   5504 6201648    0    0     0     0  843 1371  0  0 100  0  0 2025-08-25 14:20:03
 0  0      0 31591744   5504 6201648    0    0     0     0  861 1421  0  0 100  0  0 2025-08-25 14:20:04
 0  0      0 31591744   5504 6201648    0    0     0    72  808 1355  0  0 100  0  0 2025-08-25 14:20:05
 0  0      0 31591492   5504 6201648    0    0     0    40  851 1391  0  0 100  0  0 2025-08-25 14:20:06
 0  0      0 31591492   5504 6201648    0    0     0     0  835 1367  0  0 100  0  0 2025-08-25 14:20:07
 0  0      0 31591492   5504 6201648    0    0     0    26  916 1452  0  0 100  0  0 2025-08-25 14:20:08
 0  0      0 31591492   5504 6201648    0    0     0     0  840 1376  0  0 100  0  0 2025-08-25 14:20:09
 0  0      0 31591492   5504 6201652    0    0     0     0  827 1354  0  0 100  0  0 2025-08-25 14:20:10
 0  0      0 31591492   5504 6201652    0    0     0    40 1065 1801  0  0 100  0  0 2025-08-25 14:20:11
 0  0      0 31591492   5504 6201652    0    0     0     0  869 1433  0  0 100  0  0 2025-08-25 14:20:12
 0  0      0 31591492   5504 6201652    0    0     0     8  822 1371  0  0 100  0  0 2025-08-25 14:20:13
 0  0      0 31591492   5504 6201652    0    0     0     8  867 1375  0  0 100  0  0 2025-08-25 14:20:14
 0  0      0 31591492   5504 6201652    0    0     0     0  850 1359  0  0 100  0  0 2025-08-25 14:20:15
 0  0      0 31591492   5504 6201652    0    0     0    48  968 1439  0  0 100  0  0 2025-08-25 14:20:16
 0  0      0 31591492   5504 6201652    0    0     0     0  837 1379  0  0 100  0  0 2025-08-25 14:20:17
 0  0      0 31590484   5504 6201652    0    0     0     0  934 1369  0  0 100  0  0 2025-08-25 14:20:18
 0  0      0 31590484   5504 6201652    0    0     0     0  994 1372  0  0 100  0  0 2025-08-25 14:20:19
 0  0      0 31590484   5504 6201652    0    0     0     4  847 1389  0  0 100  0  0 2025-08-25 14:20:20
 0  0      0 31590484   5504 6201652    0    0     0    56  896 1407  0  0 100  0  0 2025-08-25 14:20:21
 0  0      0 31590484   5504 6201652    0    0     0     0  861 1379  0  0 100  0  0 2025-08-25 14:20:22
 0  0      0 31590484   5504 6201652    0    0     0     0 3864 4297  0  0 100  0  0 2025-08-25 14:20:23
 0  0      0 31590484   5504 6201652    0    0     0     0  876 1403  0  0 100  0  0 2025-08-25 14:20:24
 0  0      0 31590484   5504 6201652    0    0     0     0  833 1348  0  0 100  0  0 2025-08-25 14:20:25
 0  0      0 31590484   5504 6201652    0    0     0    52  839 1376  0  0 100  0  0 2025-08-25 14:20:26
 0  0      0 31590484   5504 6201652    0    0     0     0  813 1377  0  0 100  0  0 2025-08-25 14:20:27
 0  0      0 31590484   5504 6201652    0    0     0     0  814 1410  0  0 100  0  0 2025-08-25 14:20:28
 0  0      0 31590484   5504 6201652    0    0     0     0  813 1352  0  0 100  0  0 2025-08-25 14:20:29
 0  0      0 31590484   5504 6201652    0    0     0     0  804 1331  0  0 100  0  0 2025-08-25 14:20:30
 0  0      0 31590484   5504 6201652    0    0     0    48  890 1377  0  0 100  0  0 2025-08-25 14:20:31
 0  0      0 31590484   5504 6201652    0    0     0     4  948 1435  0  0 100  0  0 2025-08-25 14:20:32
 0  0      0 31590484   5504 6201652    0    0     0     0  907 1400  0  0 100  0  0 2025-08-25 14:20:33
 0  0      0 31590484   5504 6201652    0    0     0     0  839 1352  0  0 100  0  0 2025-08-25 14:20:34
 0  0      0 31590484   5504 6201652    0    0     0     0  796 1339  0  0 100  0  0 2025-08-25 14:20:35
 0  0      0 31590484   5504 6201652    0    0     0    52  832 1402  0  0 100  0  0 2025-08-25 14:20:36
 0  0      0 31590484   5504 6201652    0    0     0     0  843 1378  0  0 100  0  0 2025-08-25 14:20:37
 0  0      0 31590484   5504 6201652    0    0     0   260  838 1394  0  0 100  0  0 2025-08-25 14:20:38
 0  0      0 31591516   5504 6201652    0    0     0     0 1053 1396  0  0 100  0  0 2025-08-25 14:20:39
 0  0      0 31591516   5504 6201652    0    0     0     0  867 1402  0  0 100  0  0 2025-08-25 14:20:40
 0  0      0 31591516   5504 6201652    0    0     0    44 1046 1457  0  0 100  0  0 2025-08-25 14:20:41
 0  0      0 31591516   5504 6201652    0    0     0     0 1829 1964  0  0 100  0  0 2025-08-25 14:20:42
 0  0      0 31591516   5504 6201652    0    0     0     4 1822 1957  0  0 100  0  0 2025-08-25 14:20:43
 0  0      0 31591516   5504 6201652    0    0     0     4 1400 1688  0  0 100  0  0 2025-08-25 14:20:44
 0  0      0 31591516   5504 6201652    0    0     0     0  885 1359  0  0 100  0  0 2025-08-25 14:20:45
 0  0      0 31591516   5504 6201652    0    0     0    56 3970 4359  0  0 100  0  0 2025-08-25 14:20:46
 0  0      0 31591516   5504 6201652    0    0     0     0  891 1400  0  0 100  0  0 2025-08-25 14:20:47
 0  0      0 31591516   5504 6201652    0    0     0     0  897 1408  0  0 100  0  0 2025-08-25 14:20:48
 0  0      0 31591516   5504 6201656    0    0     0     0  917 1378  0  0 100  0  0 2025-08-25 14:20:49
 0  0      0 31591516   5504 6201656    0    0     0     8  859 1351  0  0 100  0  0 2025-08-25 14:20:50
 0  0      0 31591516   5504 6201656    0    0     0    48  902 1370  0  0 100  0  0 2025-08-25 14:20:51
 0  0      0 31591516   5504 6201656    0    0     0     0  897 1425  0  0 100  0  0 2025-08-25 14:20:52
 0  0      0 31591516   5504 6201656    0    0     0     0  821 1367  0  0 100  0  0 2025-08-25 14:20:53
 0  0      0 31591516   5504 6201656    0    0     0     0  815 1342  0  0 100  0  0 2025-08-25 14:20:54
 0  0      0 31591516   5504 6201656    0    0     0     0  834 1333  0  0 100  0  0 2025-08-25 14:20:55
 1  0      0 31591516   5504 6201656    0    0     0     4  922 1418  0  0 100  0  0 2025-08-25 14:20:56
 0  0      0 31591516   5504 6201656    0    0     0    48  859 1373  0  0 100  0  0 2025-08-25 14:20:57
 0  0      0 31591516   5504 6201656    0    0     0     0 1030 1428  0  0 100  0  0 2025-08-25 14:20:58
 0  0      0 31591264   5504 6201656    0    0     0     0  904 1392  0  0 100  0  0 2025-08-25 14:20:59
 0  0      0 31591264   5504 6201656    0    0     0    16 2503 2954  0  0 100  0  0 2025-08-25 14:21:00
 0  0      0 31591264   5504 6201656    0    0     0     0  894 1374  0  0 100  0  0 2025-08-25 14:21:01
 0  0      0 31591264   5504 6201528    0    0     0    44  819 1380  0  0 100  0  0 2025-08-25 14:21:02
 0  0      0 31591264   5504 6201528    0    0     0     0  812 1351  0  0 100  0  0 2025-08-25 14:21:03
 0  0      0 31591264   5504 6201528    0    0     0     8  898 1439  0  0 100  0  0 2025-08-25 14:21:04
 0  0      0 31591264   5504 6201528    0    0     0     0  821 1352  0  0 100  0  0 2025-08-25 14:21:05
 0  0      0 31591264   5504 6201528    0    0     0     0  843 1363  0  0 100  0  0 2025-08-25 14:21:06
 0  0      0 31591264   5504 6201528    0    0     0    40  838 1390  0  0 100  0  0 2025-08-25 14:21:07
 0  0      0 31591264   5504 6201528    0    0     0     9  888 1460  0  0 100  0  0 2025-08-25 14:21:08
 0  0      0 31591264   5504 6201528    0    0     0     0  915 1378  0  0 100  0  0 2025-08-25 14:21:09
 0  0      0 31591264   5504 6201528    0    0     0     0  853 1348  0  0 100  0  0 2025-08-25 14:21:10
 1  0      0 31591264   5504 6201528    0    0     0     0  807 1453  0  0 100  0  0 2025-08-25 14:21:11
 0  0      0 31591264   5504 6201528    0    0     0    40 1046 1748  0  0 100  0  0 2025-08-25 14:21:12
 0  0      0 31591264   5504 6201528    0    0     0     0  813 1384  0  0 100  0  0 2025-08-25 14:21:13
 0  0      0 31591264   5504 6201528    0    0     0    12  865 1382  0  0 100  0  0 2025-08-25 14:21:14
 0  0      0 31591264   5504 6201528    0    0     0     0  841 1348  0  0 100  0  0 2025-08-25 14:21:15
 0  0      0 31591264   5504 6201528    0    0     0     0  850 1395  0  0 100  0  0 2025-08-25 14:21:16
 0  0      0 31591264   5504 6201528    0    0     0    44  886 1372  0  0 100  0  0 2025-08-25 14:21:17
 0  0      0 31591264   5504 6201528    0    0     0     0  973 1373  0  0 100  0  0 2025-08-25 14:21:18
 1  0      0 31591264   5504 6201528    0    0     0     0  868 1353  0  0 100  0  0 2025-08-25 14:21:19
 0  0      0 31591264   5504 6201528    0    0     0     4  895 1430  0  0 100  0  0 2025-08-25 14:21:20
 0  0      0 31591264   5504 6201528    0    0     0     0  885 1397  0  0 100  0  0 2025-08-25 14:21:21
 0  0      0 31591264   5504 6201528    0    0     0    72  828 1377  0  0 100  0  0 2025-08-25 14:21:22
 0  0      0 31591264   5504 6201528    0    0     0     0 3964 4325  0  0 100  0  0 2025-08-25 14:21:23
 0  0      0 31591264   5504 6201528    0    0     0     0  946 1445  0  0 100  0  0 2025-08-25 14:21:24
 0  0      0 31591264   5504 6201528    0    0     0     0  882 1353  0  0 100  0  0 2025-08-25 14:21:25
 0  0      0 31591264   5504 6201528    0    0     0     4  783 1336  0  0 100  0  0 2025-08-25 14:21:26
 0  0      0 31591264   5504 6201528    0    0     0    52  823 1378  0  0 100  0  0 2025-08-25 14:21:27
 0  0      0 31591264   5504 6201532    0    0     0     0  867 1410  0  0 100  0  0 2025-08-25 14:21:28
 0  0      0 31591264   5504 6201532    0    0     0     0  841 1359  0  0 100  0  0 2025-08-25 14:21:29
 0  0      0 31591264   5504 6201532    0    0     0     0  847 1351  0  0 100  0  0 2025-08-25 14:21:30
 0  0      0 31591264   5504 6201532    0    0     0     0  857 1371  0  0 100  0  0 2025-08-25 14:21:31
 0  0      0 31591264   5504 6201532    0    0     0    56  897 1432  0  0 100  0  0 2025-08-25 14:21:32
 1  0      0 31591264   5504 6201532    0    0     0     0  852 1354  0  0 100  0  0 2025-08-25 14:21:33
 0  0      0 31591264   5504 6201532    0    0     0     0  822 1376  0  0 100  0  0 2025-08-25 14:21:34
 1  0      0 31591264   5504 6201532    0    0     0     0  817 1337  0  0 100  0  0 2025-08-25 14:21:35
 0  0      0 31591264   5504 6201532    0    0     0     0  868 1410  0  0 100  0  0 2025-08-25 14:21:36
 0  0      0 31591264   5504 6201532    0    0     0     0  875 1365  0  0 100  0  0 2025-08-25 14:21:37
 0  0      0 31591264   5504 6201532    0    0     0    48  792 1334  0  0 100  0  0 2025-08-25 14:21:38
 0  0      0 31590256   5504 6201532    0    0     0    37  907 1412  0  0 100  0  0 2025-08-25 14:21:39
 0  0      0 31590256   5504 6201532    0    0     0     0  817 1398  0  0 100  0  0 2025-08-25 14:21:40
 0  0      0 31590256   5504 6201532    0    0     0     0  803 1346  0  0 100  0  0 2025-08-25 14:21:41
 0  0      0 31590256   5504 6201532    0    0     0     0  825 1351  0  0 100  0  0 2025-08-25 14:21:42
 0  0      0 31590256   5504 6201532    0    0     0    56  957 1419  0  0 100  0  0 2025-08-25 14:21:43
 0  0      0 31590256   5504 6201532    0    0     0     4  894 1416  0  0 100  0  0 2025-08-25 14:21:44
 0  0      0 31590256   5504 6201532    0    0     0     4  838 1362  0  0 100  0  0 2025-08-25 14:21:45
 0  0      0 31590256   5504 6201532    0    0     0     0 3934 4318  0  0 100  0  0 2025-08-25 14:21:46
 0  0      0 31590256   5504 6201532    0    0     0     0  867 1383  0  0 100  0  0 2025-08-25 14:21:47
 0  0      0 31590256   5504 6201532    0    0     0    40  902 1431  0  0 100  0  0 2025-08-25 14:21:48
 0  0      0 31590256   5504 6201532    0    0     0     0  832 1373  0  0 100  0  0 2025-08-25 14:21:49
 0  0      0 31590256   5504 6201532    0    0     0     4  802 1334  0  0 100  0  0 2025-08-25 14:21:50
 0  0      0 31590256   5504 6201532    0    0     0     0  805 1367  0  0 100  0  0 2025-08-25 14:21:51
 0  0      0 31590256   5504 6201532    0    0     0     0  873 1394  0  0 100  0  0 2025-08-25 14:21:52
 0  0      0 31590256   5504 6201532    0    0     0    44  839 1374  0  0 100  0  0 2025-08-25 14:21:53
 0  0      0 31590256   5504 6201532    0    0     0     0  817 1360  0  0 100  0  0 2025-08-25 14:21:54
 0  0      0 31590256   5504 6201532    0    0     0     0  802 1333  0  0 100  0  0 2025-08-25 14:21:55
 0  0      0 31590256   5504 6201532    0    0     0     4  855 1409  0  0 100  0  0 2025-08-25 14:21:56
 0  0      0 31590256   5504 6201532    0    0     0     0  873 1367  0  0 100  0  0 2025-08-25 14:21:57
 0  0      0 31588744   5504 6201532    0    0     0    40  907 1393  0  0 100  0  0 2025-08-25 14:21:58
 0  0      0 31588744   5504 6201532    0    0     0     0  909 1390  0  0 100  0  0 2025-08-25 14:21:59
 0  0      0 31588744   5504 6201532    0    0     0    16 2510 2956  0  0 100  0  0 2025-08-25 14:22:00
 0  0      0 31588744   5504 6201532    0    0     0     0  984 1416  0  0 100  0  0 2025-08-25 14:22:01
 0  0      0 31588744   5504 6201660    0    0     0     4  823 1377  0  0 100  0  0 2025-08-25 14:22:02
 0  0      0 31588744   5504 6201660    0    0     0    56  935 1396  0  0 100  0  0 2025-08-25 14:22:03
 0  0      0 31588744   5504 6201660    0    0     0     0  899 1438  0  0 100  0  0 2025-08-25 14:22:04
 0  0      0 31588744   5504 6201660    0    0     0     8  816 1365  0  0 100  0  0 2025-08-25 14:22:05
 0  0      0 31588744   5504 6201660    0    0     0     0  851 1369  0  0 100  0  0 2025-08-25 14:22:06
 0  0      0 31588744   5504 6201660    0    0     0     0  826 1362  0  0 100  0  0 2025-08-25 14:22:07
 0  0      0 31588744   5504 6201660    0    0     0    48  846 1406  0  0 100  0  0 2025-08-25 14:22:08
 0  0      0 31588744   5504 6201664    0    0     0     5  875 1427  0  0 100  0  0 2025-08-25 14:22:09
 0  0      0 31588744   5504 6201664    0    0     0     0  826 1357  0  0 100  0  0 2025-08-25 14:22:10
 0  0      0 31588744   5504 6201664    0    0     0     0  845 1422  0  0 100  0  0 2025-08-25 14:22:11
 0  0      0 31588744   5504 6201664    0    0     0     0  877 1443  0  0 100  0  0 2025-08-25 14:22:12
 0  0      0 31588744   5504 6201664    0    0     0    44  872 1392  0  0 100  0  0 2025-08-25 14:22:13
 0  0      0 31588744   5504 6201664    0    0     0     4 1086 1757  0  0 100  0  0 2025-08-25 14:22:14
 0  0      0 31588744   5504 6201664    0    0     0     8  879 1387  0  0 100  0  0 2025-08-25 14:22:15
 0  0      0 31588744   5504 6201664    0    0     0     0  999 1498  0  0 100  0  0 2025-08-25 14:22:16
 0  0      0 31588744   5504 6201664    0    0     0     0  971 1452  0  0 100  0  0 2025-08-25 14:22:17
 0  0      0 31588744   5504 6201664    0    0     0    48  973 1449  0  0 100  0  0 2025-08-25 14:22:18
 0  0      0 31588744   5504 6201664    0    0     0     0  897 1397  0  0 100  0  0 2025-08-25 14:22:19
 0  0      0 31588744   5504 6201664    0    0     0     4  905 1441  0  0 100  0  0 2025-08-25 14:22:20
 0  0      0 31588744   5504 6201664    0    0     0     0  921 1424  0  0 100  0  0 2025-08-25 14:22:21
 0  0      0 31588744   5504 6201664    0    0     0     0  926 1426  0  0 100  0  0 2025-08-25 14:22:22
 0  0      0 31588744   5504 6201664    0    0     0     0  881 1397  0  0 100  0  0 2025-08-25 14:22:23
 0  0      0 31588744   5504 6201664    0    0     0    56 4094 4423  0  0 100  0  0 2025-08-25 14:22:24
 0  0      0 31588744   5504 6201664    0    0     0    50  968 1501  0  0 100  0  0 2025-08-25 14:22:25
 0  0      0 31588744   5504 6201664    0    0     0     4  903 1439  0  0 100  0  0 2025-08-25 14:22:26
 0  0      0 31588744   5504 6201664    0    0     0     0  951 1426  0  0 100  0  0 2025-08-25 14:22:27
 0  0      0 31588744   5504 6201664    0    0     0     0  981 1489  0  0 100  0  0 2025-08-25 14:22:28
 0  0      0 31588744   5504 6201664    0    0     0    52 1001 1445  0  0 100  0  0 2025-08-25 14:22:29
 0  0      0 31588744   5504 6201664    0    0     0     0  912 1398  0  0 100  0  0 2025-08-25 14:22:30
 0  0      0 31588744   5504 6201664    0    0     0     0  977 1446  0  0 100  0  0 2025-08-25 14:22:31
 0  0      0 31588744   5504 6201664    0    0     0     4  976 1441  0  0 100  0  0 2025-08-25 14:22:32
 0  0      0 31588744   5504 6201664    0    0     0     0 1028 1441  0  0 100  0  0 2025-08-25 14:22:33
 1  0      0 31588744   5504 6201664    0    0     0    44 1009 1461  0  0 100  0  0 2025-08-25 14:22:34
 0  0      0 31588744   5504 6201664    0    0     0     0  932 1435  0  0 100  0  0 2025-08-25 14:22:35
 0  0      0 31588492   5504 6201664    0    0     0     8  982 1526  0  0 100  0  0 2025-08-25 14:22:36
 0  0      0 31588492   5504 6201664    0    0     0     0  923 1411  0  0 100  0  0 2025-08-25 14:22:37
 1  0      0 31588492   5504 6201664    0    0     0     4  890 1403  0  0 100  0  0 2025-08-25 14:22:38
 0  0      0 31586728   5504 6201664    0    0     0   193 1034 1540  0  0 100  0  0 2025-08-25 14:22:39
 0  0      0 31586728   5504 6201664    0    0     0     0  931 1441  0  0 100  0  0 2025-08-25 14:22:40
 0  0      0 31586728   5504 6201664    0    0     0     0  993 1458  0  0 100  0  0 2025-08-25 14:22:41
 0  0      0 31586728   5504 6201664    0    0     0     0 1132 1548  0  0 100  0  0 2025-08-25 14:22:42
 0  0      0 31586728   5504 6201664    0    0     0     0 1819 2002  0  0 100  0  0 2025-08-25 14:22:43
 0  0      0 31586728   5504 6201664    0    0     0    52 1891 2056  0  0 100  0  0 2025-08-25 14:22:44
 0  0      0 31586476   5504 6201664    0    0     0     0 2913 3118  0  0 100  0  0 2025-08-25 14:22:45
 0  0      0 31586476   5504 6201668    0    0     0     4 1008 1466  0  0 100  0  0 2025-08-25 14:22:46
 1  0      0 31586476   5504 6201668    0    0     0     0  958 1413  0  0 100  0  0 2025-08-25 14:22:47
 0  0      0 31586476   5504 6201668    0    0     0     0  966 1441  0  0 100  0  0 2025-08-25 14:22:48
 0  0      0 31586476   5504 6201668    0    0     0    48 1018 1446  0  0 100  0  0 2025-08-25 14:22:49
 0  0      0 31586476   5504 6201668    0    0     0     8  909 1386  0  0 100  0  0 2025-08-25 14:22:50
 0  0      0 31586476   5504 6201668    0    0     0     0  969 1460  0  0 100  0  0 2025-08-25 14:22:51
 0  0      0 31586476   5504 6201668    0    0     0     0  938 1454  0  0 100  0  0 2025-08-25 14:22:52
 0  0      0 31586476   5504 6201668    0    0     0     0  855 1388  0  0 100  0  0 2025-08-25 14:22:53
 0  0      0 31586476   5504 6201668    0    0     0    48  890 1406  0  0 100  0  0 2025-08-25 14:22:54
 0  0      0 31586476   5504 6201668    0    0     0     0  912 1401  0  0 100  0  0 2025-08-25 14:22:55
 0  0      0 31586476   5504 6201668    0    0     0     4  976 1474  0  0 100  0  0 2025-08-25 14:22:56
 0  0      0 31586476   5504 6201668    0    0     0     4  904 1395  0  0 100  0  0 2025-08-25 14:22:57
 0  0      0 31586476   5504 6201668    0    0     0     0  940 1425  0  0 100  0  0 2025-08-25 14:22:58
 0  0      0 31586476   5504 6201668    0    0     0    44  908 1411  0  0 100  0  0 2025-08-25 14:22:59
 1  0      0 31586476   5504 6201540    0    0     0    16 2498 2995  0  0 100  0  0 2025-08-25 14:23:00
 0  0      0 31586224   5504 6201540    0    0     0     0  940 1410  0  0 100  0  0 2025-08-25 14:23:01
 0  0      0 31585972   5504 6201668    0    0     0     4  827 1351  0  0 100  0  0 2025-08-25 14:23:02
 0  0      0 31585972   5504 6201668    0    0     0     0  801 1343  0  0 100  0  0 2025-08-25 14:23:03
 0  0      0 31585972   5504 6201668    0    0     0     0  845 1391  0  0 100  0  0 2025-08-25 14:23:04
 0  0      0 31585972   5504 6201668    0    0     0    44  857 1366  0  0 100  0  0 2025-08-25 14:23:05
 0  0      0 31585972   5504 6201668    0    0     0     8  887 1404  0  0 100  0  0 2025-08-25 14:23:06
 0  0      0 31585972   5504 6201668    0    0     0     0  814 1354  0  0 100  0  0 2025-08-25 14:23:07
 0  0      0 31585972   5504 6201668    0    0     0     4  928 1422  0  0 100  0  0 2025-08-25 14:23:08
 0  0      0 31585972   5504 6201668    0    0     0     5  845 1379  0  0 100  0  0 2025-08-25 14:23:09
 0  0      0 31585972   5504 6201668    0    0     0    40  928 1486  0  0 100  0  0 2025-08-25 14:23:10
 0  0      0 31585972   5504 6201668    0    0     0     0  924 1420  0  0 100  0  0 2025-08-25 14:23:11
 0  0      0 31585972   5504 6201668    0    0     0     0  816 1391  0  0 100  0  0 2025-08-25 14:23:12
 0  0      0 31585972   5504 6201668    0    0     0     0  815 1358  0  0 100  0  0 2025-08-25 14:23:13
 1  0      0 31585972   5504 6201668    0    0     0     4  857 1379  0  0 100  0  0 2025-08-25 14:23:14
 0  0      0 31585972   5504 6201668    0    0     0    40 1051 1733  0  0 100  0  0 2025-08-25 14:23:15
 0  0      0 31585972   5504 6201668    0    0     0     0  870 1426  0  0 100  0  0 2025-08-25 14:23:16
 0  0      0 31585972   5504 6201668    0    0     0     8  981 1383  0  0 100  0  0 2025-08-25 14:23:17
 0  0      0 31585952   5504 6201668    0    0     0     0  902 1387  0  0 100  0  0 2025-08-25 14:23:18
 0  0      0 31585952   5504 6201668    0    0     0     0  846 1362  0  0 100  0  0 2025-08-25 14:23:19
 0  0      0 31585952   5504 6201668    0    0     0    68  914 1434  0  0 100  0  0 2025-08-25 14:23:20
 0  0      0 31585952   5504 6201668    0    0     0     0  931 1429  0  0 100  0  0 2025-08-25 14:23:21
 0  0      0 31585952   5504 6201668    0    0     0     0  831 1357  0  0 100  0  0 2025-08-25 14:23:22
 0  0      0 31585952   5504 6201668    0    0     0     0 1874 2269  0  0 100  0  0 2025-08-25 14:23:23
 0  0      0 31585952   5504 6201668    0    0     0     0 2968 3453  0  0 100  0  0 2025-08-25 14:23:24
 0  0      0 31585952   5504 6201672    0    0     0    44  916 1383  0  0 100  0  0 2025-08-25 14:23:25
 0  0      0 31585952   5504 6201672    0    0     0     8  866 1392  0  0 100  0  0 2025-08-25 14:23:26
 0  0      0 31585952   5504 6201672    0    0     0     0  825 1364  0  0 100  0  0 2025-08-25 14:23:27
 0  0      0 31585952   5504 6201672    0    0     0     0  818 1387  0  0 100  0  0 2025-08-25 14:23:28
 0  0      0 31585952   5504 6201672    0    0     0     0  836 1362  0  0 100  0  0 2025-08-25 14:23:29
 0  0      0 31585952   5504 6201672    0    0     0    64  928 1393  0  0 100  0  0 2025-08-25 14:23:30
 0  0      0 31585952   5504 6201672    0    0     0     0  895 1409  0  0 100  0  0 2025-08-25 14:23:31
 0  0      0 31585952   5504 6201672    0    0     0     4  844 1383  0  0 100  0  0 2025-08-25 14:23:32
 0  0      0 31585952   5504 6201672    0    0     0     0  810 1338  0  0 100  0  0 2025-08-25 14:23:33
 0  0      0 31585952   5504 6201672    0    0     0     0  874 1375  0  0 100  0  0 2025-08-25 14:23:34
 0  0      0 31585952   5504 6201672    0    0     0    44  805 1350  0  0 100  0  0 2025-08-25 14:23:35
 0  0      0 31585952   5504 6201672    0    0     0     0  906 1436  0  0 100  0  0 2025-08-25 14:23:36
 0  0      0 31585952   5504 6201672    0    0     0     0  856 1363  0  0 100  0  0 2025-08-25 14:23:37
 0  0      0 31585952   5504 6201672    0    0     0     4  815 1348  0  0 100  0  0 2025-08-25 14:23:38
 0  0      0 31588420   5504 6201672    0    0     0    37  912 1418  0  0 100  0  0 2025-08-25 14:23:39
 0  0      0 31588420   5504 6201672    0    0     0    44  845 1405  0  0 100  0  0 2025-08-25 14:23:40
 0  0      0 31588420   5504 6201672    0    0     0     0  840 1382  0  0 100  0  0 2025-08-25 14:23:41
 0  0      0 31588420   5504 6201672    0    0     0     0  819 1344  0  0 100  0  0 2025-08-25 14:23:42
 0  0      0 31588420   5504 6201672    0    0     0     0  800 1350  0  0 100  0  0 2025-08-25 14:23:43
 0  0      0 31588420   5504 6201672    0    0     0     4  930 1443  0  0 100  0  0 2025-08-25 14:23:44
 0  0      0 31588420   5504 6201672    0    0     0    52  845 1364  0  0 100  0  0 2025-08-25 14:23:45
 0  0      0 31588420   5504 6201672    0    0     0     0 1074 1851  0  0 100  0  0 2025-08-25 14:23:46
 0  0      0 31588420   5504 6201672    0    0     0     4 3679 3863  0  0 100  0  0 2025-08-25 14:23:47
 0  0      0 31588420   5504 6201672    0    0     0     0  916 1406  0  0 100  0  0 2025-08-25 14:23:48
 0  0      0 31588420   5504 6201672    0    0     0     0  871 1373  0  0 100  0  0 2025-08-25 14:23:49
 0  0      0 31588420   5504 6201672    0    0     0     4  810 1348  0  0 100  0  0 2025-08-25 14:23:50
 0  0      0 31588420   5504 6201672    0    0     0    44  927 1417  0  0 100  0  0 2025-08-25 14:23:51
 0  0      0 31588420   5504 6201672    0    0     0     0  858 1383  0  0 100  0  0 2025-08-25 14:23:52
 0  0      0 31588420   5504 6201672    0    0     0     0  837 1355  0  0 100  0  0 2025-08-25 14:23:53
 0  0      0 31588420   5504 6201672    0    0     0     0  820 1358  0  0 100  0  0 2025-08-25 14:23:54
 0  0      0 31588420   5504 6201672    0    0     0     0  801 1329  0  0 100  0  0 2025-08-25 14:23:55
 0  0      0 31588420   5504 6201672    0    0     0    44  916 1430  0  0 100  0  0 2025-08-25 14:23:56
 0  0      0 31588420   5504 6201672    0    0     0     0  837 1363  0  0 100  0  0 2025-08-25 14:23:57
 0  0      0 31587664   5504 6201672    0    0     0     0  961 1411  0  0 100  0  0 2025-08-25 14:23:58
 0  0      0 31587664   5504 6201672    0    0     0     0  871 1377  0  0 100  0  0 2025-08-25 14:23:59
 0  0      0 31587664   5504 6201672    0    0     0    16 2519 2991  0  0 100  0  0 2025-08-25 14:24:00
 0  0      0 31587664   5504 6201672    0    0     0    40  938 1400  0  0 100  0  0 2025-08-25 14:24:01
 0  0      0 31587664   5504 6201672    0    0     0     4  838 1376  0  0 100  0  0 2025-08-25 14:24:02
 0  0      0 31587664   5504 6201672    0    0     0     0  825 1358  0  0 100  0  0 2025-08-25 14:24:03
 0  0      0 31587664   5504 6201676    0    0     0     0  943 1442  0  0 100  0  0 2025-08-25 14:24:04
 0  0      0 31587664   5504 6201676    0    0     0     0  829 1352  0  0 100  0  0 2025-08-25 14:24:05
 0  0      0 31587664   5504 6201676    0    0     0    52  864 1407  0  0 100  0  0 2025-08-25 14:24:06
 1  0      0 31587664   5504 6201676    0    0     0     8  777 1357  0  0 100  0  0 2025-08-25 14:24:07
 0  0      0 31587664   5504 6201676    0    0     0     8  841 1392  0  0 100  0  0 2025-08-25 14:24:08
 0  0      0 31587664   5504 6201676    0    0     0     0  815 1350  0  0 100  0  0 2025-08-25 14:24:09
 0  0      0 31587664   5504 6201676    0    0     0     7  853 1456  0  0 100  0  0 2025-08-25 14:24:10
 0  0      0 31587664   5504 6201676    0    0     0    44  863 1391  0  0 100  0  0 2025-08-25 14:24:11
 0  0      0 31587664   5504 6201676    0    0     0     0  863 1405  0  0 100  0  0 2025-08-25 14:24:12
 0  0      0 31587664   5504 6201676    0    0     0     0  825 1367  0  0 100  0  0 2025-08-25 14:24:13
 0  0      0 31587664   5504 6201676    0    0     0     4  864 1370  0  0 100  0  0 2025-08-25 14:24:14
 0  0      0 31587664   5504 6201676    0    0     0     0  867 1366  0  0 100  0  0 2025-08-25 14:24:15
 0  0      0 31587664   5504 6201676    0    0     0    44  859 1437  0  0 100  0  0 2025-08-25 14:24:16
 0  0      0 31587664   5504 6201676    0    0     0     0 1074 1718  0  0 100  0  0 2025-08-25 14:24:17
 0  0      0 31587664   5504 6201676    0    0     0     8  889 1385  0  0 100  0  0 2025-08-25 14:24:18
 0  0      0 31587664   5504 6201676    0    0     0     0  821 1365  0  0 100  0  0 2025-08-25 14:24:19
 0  0      0 31587664   5504 6201676    0    0     0     4  914 1417  0  0 100  0  0 2025-08-25 14:24:20
 0  0      0 31587664   5504 6201676    0    0     0    68  888 1421  0  0 100  0  0 2025-08-25 14:24:21
 0  0      0 31587664   5504 6201676    0    0     0     0  800 1332  0  0 100  0  0 2025-08-25 14:24:22
 0  0      0 31587664   5504 6201676    0    0     0     0 3948 4355  0  0 100  0  0 2025-08-25 14:24:23
 0  0      0 31587664   5504 6201676    0    0     0     0  842 1407  0  0 100  0  0 2025-08-25 14:24:24
 0  0      0 31587664   5504 6201676    0    0     0     0  802 1352  0  0 100  0  0 2025-08-25 14:24:25
 0  0      0 31587664   5504 6201676    0    0     0    52  818 1380  0  0 100  0  0 2025-08-25 14:24:26
 0  0      0 31587664   5504 6201676    0    0     0     0  845 1363  0  0 100  0  0 2025-08-25 14:24:27
 0  0      0 31587664   5504 6201676    0    0     0     0  858 1397  0  0 100  0  0 2025-08-25 14:24:28
 0  0      0 31587664   5504 6201676    0    0     0     0  851 1348  0  0 100  0  0 2025-08-25 14:24:29
 0  0      0 31587664   5504 6201676    0    0     0     0  813 1342  0  0 100  0  0 2025-08-25 14:24:30
 0  0      0 31587664   5504 6201676    0    0     0     0  881 1397  0  0 100  0  0 2025-08-25 14:24:31
 0  0      0 31587664   5504 6201676    0    0     0    56  879 1411  0  0 100  0  0 2025-08-25 14:24:32
 1  0      0 31587664   5504 6201676    0    0     0     0  861 1365  0  0 100  0  0 2025-08-25 14:24:33
 0  0      0 31587664   5504 6201676    0    0     0     0  980 1398  0  0 100  0  0 2025-08-25 14:24:34
 0  0      0 31587664   5504 6201676    0    0     0     0  825 1336  0  0 100  0  0 2025-08-25 14:24:35
 0  0      0 31587664   5504 6201676    0    0     0     0  897 1419  0  0 100  0  0 2025-08-25 14:24:36
 0  0      0 31587664   5504 6201676    0    0     0    44  847 1355  0  0 100  0  0 2025-08-25 14:24:37
 0  0      0 31587664   5504 6201676    0    0     0     4  823 1368  0  0 100  0  0 2025-08-25 14:24:38
 0  0      0 31587920   5504 6201676    0    0     0     0  911 1408  0  0 100  0  0 2025-08-25 14:24:39
 0  0      0 31587920   5504 6201676    0    0     0    29  829 1395  0  0 100  0  0 2025-08-25 14:24:40
 0  0      0 31588148   5504 6201676    0    0     0     0  858 1383  0  0 100  0  0 2025-08-25 14:24:41
 0  0      0 31588148   5504 6201676    0    0     0    44 1120 1551  0  0 100  0  0 2025-08-25 14:24:42
 0  0      0 31588148   5504 6201676    0    0     0     0 1846 1939  0  0 100  0  0 2025-08-25 14:24:43
 0  0      0 31588148   5504 6201680    0    0     0     8 1909 1978  0  0 100  0  0 2025-08-25 14:24:44
 0  0      0 31588148   5504 6201680    0    0     0     0 1115 1524  0  0 100  0  0 2025-08-25 14:24:45
 0  0      0 31588148   5504 6201680    0    0     0     0 4040 4379  0  0 100  0  0 2025-08-25 14:24:46
 0  0      0 31588148   5504 6201680    0    0     0    52  906 1392  0  0 100  0  0 2025-08-25 14:24:47
 0  0      0 31588148   5504 6201680    0    0     0     0  835 1393  0  0 100  0  0 2025-08-25 14:24:48
 0  0      0 31588148   5504 6201680    0    0     0     4 1033 1428  0  0 100  0  0 2025-08-25 14:24:49
 0  0      0 31588148   5504 6201680    0    0     0     4  825 1366  0  0 100  0  0 2025-08-25 14:24:50
 0  0      0 31588148   5504 6201680    0    0     0     0  879 1389  0  0 100  0  0 2025-08-25 14:24:51
 0  0      0 31588148   5504 6201680    0    0     0    48  819 1372  0  0 100  0  0 2025-08-25 14:24:52
 0  0      0 31588148   5504 6201680    0    0     0     0  794 1332  0  0 100  0  0 2025-08-25 14:24:53
 0  0      0 31588148   5504 6201680    0    0     0     0  806 1363  0  0 100  0  0 2025-08-25 14:24:54
 0  0      0 31588148   5504 6201680    0    0     0     0  796 1329  0  0 100  0  0 2025-08-25 14:24:55
 0  0      0 31588148   5504 6201680    0    0     0     4  873 1427  0  0 100  0  0 2025-08-25 14:24:56
 0  0      0 31588148   5504 6201680    0    0     0    44  866 1375  0  0 100  0  0 2025-08-25 14:24:57
 0  0      0 31588148   5504 6201680    0    0     0     0  935 1403  0  0 100  0  0 2025-08-25 14:24:58
 0  0      0 31588148   5504 6201680    0    0     0     0  825 1366  0  0 100  0  0 2025-08-25 14:24:59
 0  0      0 31588148   5504 6201680    0    0     0    16 2612 2993  0  0 100  0  0 2025-08-25 14:25:00
 0  0      0 31588148   5504 6201552    0    0     0     0  882 1374  0  0 100  0  0 2025-08-25 14:25:01
 0  0      0 31588148   5504 6201552    0    0     0    44  795 1368  0  0 100  0  0 2025-08-25 14:25:02
 0  0      0 31588148   5504 6201552    0    0     0     0  831 1354  0  0 100  0  0 2025-08-25 14:25:03
 0  0      0 31588148   5504 6201552    0    0     0     0  859 1408  0  0 100  0  0 2025-08-25 14:25:04
 0  0      0 31588148   5504 6201552    0    0     0     0  828 1352  0  0 100  0  0 2025-08-25 14:25:05
 0  0      0 31588148   5504 6201552    0    0     0     0  867 1377  0  0 100  0  0 2025-08-25 14:25:06
 0  0      0 31588148   5504 6201552    0    0     0    48  835 1364  0  0 100  0  0 2025-08-25 14:25:07
 0  0      0 31588148   5504 6201552    0    0     0    12  863 1405  0  0 100  0  0 2025-08-25 14:25:08
 0  0      0 31588148   5504 6201552    0    0     0     0  872 1388  0  0 100  0  0 2025-08-25 14:25:09
 0  0      0 31588148   5504 6201552    0    0     0     5  905 1468  0  0 100  0  0 2025-08-25 14:25:10
 0  0      0 31588148   5504 6201552    0    0     0     0  913 1404  0  0 100  0  0 2025-08-25 14:25:11
 0  0      0 31588148   5504 6201552    0    0     0    44  869 1409  0  0 100  0  0 2025-08-25 14:25:12
 1  0      0 31588148   5504 6201552    0    0     0     0  861 1386  0  0 100  0  0 2025-08-25 14:25:13
 0  0      0 31588148   5504 6201552    0    0     0     4  836 1361  0  0 100  0  0 2025-08-25 14:25:14
 0  0      0 31588148   5504 6201552    0    0     0     0  806 1352  0  0 100  0  0 2025-08-25 14:25:15
 0  0      0 31588148   5504 6201552    0    0     0     0  926 1431  0  0 100  0  0 2025-08-25 14:25:16
 0  0      0 31588148   5504 6201552    0    0     0     0  850 1357  0  0 100  0  0 2025-08-25 14:25:17
 0  0      0 31588148   5504 6201552    0    0     0    48 1112 1730  0  0 100  0  0 2025-08-25 14:25:18
 0  0      0 31588148   5504 6201552    0    0     0     0  867 1386  0  0 100  0  0 2025-08-25 14:25:19
 0  0      0 31588148   5504 6201552    0    0     0    12  965 1454  0  0 100  0  0 2025-08-25 14:25:20
 0  0      0 31588148   5504 6201552    0    0     0     0 1079 1420  0  0 100  0  0 2025-08-25 14:25:21
 0  0      0 31588148   5504 6201556    0    0     0     0  897 1399  0  0 100  0  0 2025-08-25 14:25:22
 0  0      0 31588148   5504 6201556    0    0     0    52 3961 4366  0  0 100  0  0 2025-08-25 14:25:23
 0  0      0 31588148   5504 6201556    0    0     0     0  829 1387  0  0 100  0  0 2025-08-25 14:25:24
 0  0      0 31588148   5504 6201556    0    0     0     0  927 1368  0  0 100  0  0 2025-08-25 14:25:25
 0  0      0 31588148   5504 6201556    0    0     0     8  954 1423  0  0 100  0  0 2025-08-25 14:25:26
 0  0      0 31588148   5504 6201556    0    0     0     0  865 1379  0  0 100  0  0 2025-08-25 14:25:27
 0  0      0 31588148   5504 6201556    0    0     0    64  870 1411  0  0 100  0  0 2025-08-25 14:25:28
 0  0      0 31588148   5504 6201556    0    0     0     0  847 1371  0  0 100  0  0 2025-08-25 14:25:29
 0  0      0 31588148   5504 6201556    0    0     0     0  893 1373  0  0 100  0  0 2025-08-25 14:25:30
 0  0      0 31588148   5504 6201556    0    0     0     0  873 1369  0  0 100  0  0 2025-08-25 14:25:31
 0  0      0 31588148   5504 6201556    0    0     0     4  844 1390  0  0 100  0  0 2025-08-25 14:25:32
 0  0      0 31588148   5504 6201556    0    0     0    48  801 1345  0  0 100  0  0 2025-08-25 14:25:33
 0  0      0 31588148   5504 6201556    0    0     0     0  843 1371  0  0 100  0  0 2025-08-25 14:25:34
 0  0      0 31588148   5504 6201556    0    0     0     0  860 1384  0  0 100  0  0 2025-08-25 14:25:35
 0  0      0 31588148   5504 6201556    0    0     0     0  872 1426  0  0 100  0  0 2025-08-25 14:25:36
 0  0      0 31588148   5504 6201556    0    0     0     0  907 1351  0  0 100  0  0 2025-08-25 14:25:37
 0  0      0 31588148   5504 6201556    0    0     0    44  860 1367  0  0 100  0  0 2025-08-25 14:25:38
 0  0      0 31588148   5504 6201556    0    0     0     0  921 1412  0  0 100  0  0 2025-08-25 14:25:39
 0  0      0 31588148   5504 6201556    0    0     0    21  846 1410  0  0 100  0  0 2025-08-25 14:25:40
 0  0      0 31588148   5504 6201556    0    0     0     0  976 1361  0  0 100  0  0 2025-08-25 14:25:41
 0  0      0 31588148   5504 6201556    0    0     0     0  814 1349  0  0 100  0  0 2025-08-25 14:25:42
 0  0      0 31588148   5504 6201556    0    0     0    52  831 1365  0  0 100  0  0 2025-08-25 14:25:43
 0  0      0 31588148   5504 6201556    0    0     0     4  883 1419  0  0 100  0  0 2025-08-25 14:25:44
 0  0      0 31588148   5504 6201556    0    0     0     0  929 1373  0  0 100  0  0 2025-08-25 14:25:45
 1  0      0 31588148   5504 6201556    0    0     0     0 3964 4300  0  0 100  0  0 2025-08-25 14:25:46
 0  0      0 31588148   5504 6201556    0    0     0     0  828 1378  0  0 100  0  0 2025-08-25 14:25:47
 0  0      0 31588148   5504 6201556    0    0     0    48  857 1388  0  0 100  0  0 2025-08-25 14:25:48
 0  0      0 31588148   5504 6201556    0    0     0     0  875 1373  0  0 100  0  0 2025-08-25 14:25:49
 0  0      0 31588148   5504 6201556    0    0     0     8  908 1391  0  0 100  0  0 2025-08-25 14:25:50
 0  0      0 31588148   5504 6201556    0    0     0     0  900 1399  0  0 100  0  0 2025-08-25 14:25:51
 0  0      0 31588148   5504 6201556    0    0     0     0  808 1354  0  0 100  0  0 2025-08-25 14:25:52
 0  0      0 31588148   5504 6201556    0    0     0    44  828 1366  0  0 100  0  0 2025-08-25 14:25:53
 0  0      0 31588148   5504 6201556    0    0     0     0  778 1351  0  0 100  0  0 2025-08-25 14:25:54
 0  0      0 31588148   5504 6201556    0    0     0     0  784 1350  0  0 100  0  0 2025-08-25 14:25:55
 0  0      0 31588148   5504 6201556    0    0     0     4  835 1416  0  0 100  0  0 2025-08-25 14:25:56
 1  0      0 31588148   5504 6201556    0    0     0     0  792 1333  0  0 100  0  0 2025-08-25 14:25:57
 0  0      0 31588148   5504 6201556    0    0     0     0  957 1407  0  0 100  0  0 2025-08-25 14:25:58
 0  0      0 31588148   5504 6201556    0    0     0    44  853 1389  0  0 100  0  0 2025-08-25 14:25:59
 0  0      0 31588148   5504 6201556    0    0     0    16 2468 2968  0  0 100  0  0 2025-08-25 14:26:00
 0  0      0 31587896   5504 6201688    0    0     0     0  948 1417  0  0 100  0  0 2025-08-25 14:26:01
 0  0      0 31587896   5504 6201688    0    0     0     8  843 1374  0  0 100  0  0 2025-08-25 14:26:02
 0  0      0 31587896   5504 6201688    0    0     0     0  876 1384  0  0 100  0  0 2025-08-25 14:26:03
 0  0      0 31587896   5504 6201688    0    0     0    48  854 1416  0  0 100  0  0 2025-08-25 14:26:04
 0  0      0 31587896   5504 6201688    0    0     0     0  834 1356  0  0 100  0  0 2025-08-25 14:26:05
 0  0      0 31587896   5504 6201688    0    0     0     0  846 1389  0  0 100  0  0 2025-08-25 14:26:06
 0  0      0 31587896   5504 6201688    0    0     0     0  788 1338  0  0 100  0  0 2025-08-25 14:26:07
 0  0      0 31587896   5504 6201688    0    0     0     4  887 1393  0  0 100  0  0 2025-08-25 14:26:08
 0  0      0 31587896   5504 6201688    0    0     0    44  833 1390  0  0 100  0  0 2025-08-25 14:26:09
 0  0      0 31587896   5504 6201688    0    0     0    13  868 1480  0  0 100  0  0 2025-08-25 14:26:10
 0  0      0 31587896   5504 6201688    0    0     0     0  874 1407  0  0 100  0  0 2025-08-25 14:26:11
 0  0      0 31587896   5504 6201688    0    0     0     0  835 1381  0  0 100  0  0 2025-08-25 14:26:12
 0  0      0 31587896   5504 6201688    0    0     0     0  833 1362  0  0 100  0  0 2025-08-25 14:26:13
 0  0      0 31587896   5504 6201688    0    0     0    48  843 1386  0  0 100  0  0 2025-08-25 14:26:14
 0  0      0 31587896   5504 6201688    0    0     0     0  869 1362  0  0 100  0  0 2025-08-25 14:26:15
 0  0      0 31587896   5504 6201688    0    0     0     0  864 1414  0  0 100  0  0 2025-08-25 14:26:16
 0  0      0 31587896   5504 6201688    0    0     0     0  803 1345  0  0 100  0  0 2025-08-25 14:26:17
 0  0      0 31587896   5504 6201688    0    0     0     0 1011 1413  0  0 100  0  0 2025-08-25 14:26:18
 0  0      0 31587896   5504 6201688    0    0     0    56 1000 1642  0  0 100  0  0 2025-08-25 14:26:19
 0  0      0 31587896   5504 6201688    0    0     0     4  888 1501  0  0 100  0  0 2025-08-25 14:26:20
 0  0      0 31587896   5504 6201688    0    0     0     8  897 1406  0  0 100  0  0 2025-08-25 14:26:21
 0  0      0 31587896   5504 6201688    0    0     0     0  832 1338  0  0 100  0  0 2025-08-25 14:26:22
 0  0      0 31587896   5504 6201688    0    0     0     0 3989 4343  0  0 100  0  0 2025-08-25 14:26:23
 0  0      0 31587896   5504 6201688    0    0     0    52  848 1409  0  0 100  0  0 2025-08-25 14:26:24
 0  0      0 31587896   5504 6201688    0    0     0     0  857 1378  0  0 100  0  0 2025-08-25 14:26:25
 0  0      0 31587896   5504 6201688    0    0     0     4  874 1395  0  0 100  0  0 2025-08-25 14:26:26
 0  0      0 31587896   5504 6201688    0    0     0     0  844 1362  0  0 100  0  0 2025-08-25 14:26:27
 0  0      0 31587896   5504 6201688    0    0     0     0  867 1419  0  0 100  0  0 2025-08-25 14:26:28
